INFO-FLOW: Workspace /home/bcs7944/poseidon-fpga/poseidon_hls/solution1 opened at Wed May 06 11:50:08 EDT 2026
Execute       send_msg_by_id INFO @200-1505@%s%s default  vivado 
INFO: [HLS 200-1505] Using default flow_target 'vivado'
Command     open_solution done; 0.11 sec.
Execute     set_part xc7z020clg484-1 
INFO: [HLS 200-1510] Running: set_part xc7z020clg484-1 
Execute       create_platform xc7z020clg484-1 -board  
DBG:HLSDevice: Trying to load device library: /eda/xilinx/Vitis_HLS/2023.2/lib/lnx64.o/libxv_hlsvwrap.so
DBG:HLSDevice: first parts/arch.xml in RDI_DATADIR: /eda/xilinx/Vivado/2023.2/data/parts/arch.xml
DBG:HLSDevice: init success
INFO: [HLS 200-1611] Setting target device to 'xc7z020-clg484-1'
Command       create_platform done; 1.02 sec.
Execute       source /eda/xilinx/Vitis_HLS/2023.2/common/technology/xilinx/common/xilinx.gen 
Execute         source /eda/xilinx/Vitis_HLS/2023.2/common/technology/xilinx/interface/plb46.gen 
Execute         source /eda/xilinx/Vitis_HLS/2023.2/common/technology/xilinx/interface/axi4.gen 
Execute         source /eda/xilinx/Vitis_HLS/2023.2/common/technology/xilinx/interface/nativeAXI4.gen 
Execute           source /eda/xilinx/Vitis_HLS/2023.2/common/technology/xilinx/interface/saxilite.gen 
Execute         source /eda/xilinx/Vitis_HLS/2023.2/common/technology/xilinx/scripts/xilinxcoregen.gen 
Execute         source /eda/xilinx/Vitis_HLS/2023.2/common/technology/xilinx/interface/XilEDKCoreGen.gen 
Execute         source /eda/xilinx/Vitis_HLS/2023.2/common/technology/xilinx/ip/dds_compiler.gen 
Execute         source /eda/xilinx/Vitis_HLS/2023.2/common/technology/xilinx/ip/util.gen 
Execute         source /eda/xilinx/Vitis_HLS/2023.2/common/technology/xilinx/ip/xfft.gen 
Execute         source /eda/xilinx/Vitis_HLS/2023.2/common/technology/xilinx/ip/xfir.gen 
Execute         source /eda/xilinx/Vitis_HLS/2023.2/common/technology/xilinx/DSP48/dsp48.gen 
Execute       ap_part_info -name xc7z020-clg484-1 -data info 
Execute       config_compile -quiet -complex-mul-dsp=0 
Command     set_part done; 1.15 sec.
Execute     create_clock -period 10 -name default 
INFO: [HLS 200-1510] Running: create_clock -period 10 -name default 
Execute       ap_set_clock -name default -period 10 -default=false 
INFO: [SYN 201-201] Setting up clock 'default' with a period of 10ns.
Execute     csim_design -argv /home/bcs7944/poseidon-fpga/data 
INFO: [HLS 200-1510] Running: csim_design -argv /home/bcs7944/poseidon-fpga/data 
INFO-FLOW: Running SLX 'csim' proc: ::SLX::run_csim
INFO: [SIM 211-2] *************** CSIM start ***************
INFO: [SIM 211-4] CSIM will launch GCC as the compiler.
Execute       send_msg_by_id INFO @200-2036@%s debug 
INFO: [HLS 200-2036] Building debug C Simulation binaries
Execute       ap_part_info -name xc7z020-clg484-1 -data info 
Execute       source run_sim.tcl 
Command       ap_source done; 3.92 sec.
INFO: [SIM 211-1] CSim done with 0 errors.
INFO: [SIM 211-3] *************** CSIM finish ***************
Command     csim_design done; 7.82 sec.
INFO: [HLS 200-111] Finished Command csim_design CPU user time: 6.82 seconds. CPU system time: 0.57 seconds. Elapsed time: 7.82 seconds; current allocated memory: 0.000 MB.
Execute     csynth_design 
INFO: [HLS 200-1510] Running: csynth_design 
INFO-FLOW: Running SLX 'csynth' proc: ::SLX::run_csynth
Execute       elaborate -effort=medium -skip_syncheck=0 -keep_printf=0 -skip_cdt=0 -skip_transform=0 -ng=0 -g=0 -opt_fp=0 -from_csynth_design=1 
INFO: [HLS 200-111] Finished File checks and directory preparation: CPU user time: 0.07 seconds. CPU system time: 0.02 seconds. Elapsed time: 0.1 seconds; current allocated memory: 275.227 MB.
Execute         set_directive_top poseidon_top -name=poseidon_top 
Execute         source /eda/xilinx/Vitis_HLS/2023.2/tps/tcl/tcllib1.11.1/yaml/huddle.tcl 
Execute         source /eda/xilinx/Vitis_HLS/2023.2/tps/tcl/tcllib1.11.1/yaml/json2huddle.tcl 
Execute           source /eda/xilinx/Vitis_HLS/2023.2/tps/tcl/tcllib1.11.1/try/try.tcl 
INFO: [HLS 200-10] Analyzing design file 'poseidon.cpp' ... 
INFO-FLOW: Compiling one TU...
INFO-FLOW: Handling poseidon.cpp as C++
Execute         ap_part_info -name xc7z020-clg484-1 -data info 
INFO-FLOW: Running: GCC PP 39
INFO-FLOW: Source preprocessing
INFO-FLOW: run_clang exec: /eda/xilinx/Vitis_HLS/2023.2/lnx64/tools/clang-3.9-csynth/bin/clang poseidon.cpp -foptimization-record-file=/home/bcs7944/poseidon-fpga/poseidon_hls/solution1/.autopilot/db/poseidon.cpp.clang.diag.yml -mllvm -pass-remarks-missed=reflow|pasta|unroll -mllvm -pass-remarks=reflow|pasta|unroll|inline -fno-limit-debug-info -gcc-toolchain /eda/xilinx/Vitis_HLS/2023.2/tps/lnx64/gcc-8.3.0 -fhls -fno-exceptions -insert-hls-directive=/home/bcs7944/poseidon-fpga/poseidon_hls/solution1/.autopilot/db/all.directive.json -E -fno-math-errno -c -emit-llvm -mllvm -disable-llvm-optzns -Werror=implicit-function-declaration -Werror=implicit-hls-streams -Werror=return-type -Wpragmas -Wunused-parameter -Wdump-hls-pragmas -Wno-error=dump-hls-pragmas -hls-clock-period=10 -fno-threadsafe-statics -fno-use-cxa-atexit -std=gnu++14 -target fpga64-xilinx-linux-gnu -fno-threadsafe-statics -fno-use-cxa-atexit -D__VITIS_HLS__ -DAESL_SYN -D__SYNTHESIS__ -D__HLS_SYN__ -I /eda/xilinx/Vitis_HLS/2023.2/common/technology/autopilot -I /eda/xilinx/Vitis_HLS/2023.2/common/technology/autopilot/ap_sysc -include etc/autopilot_ssdm_op.h -D__DSP48E1__ -I /usr/include/x86_64-linux-gnu -o /home/bcs7944/poseidon-fpga/poseidon_hls/solution1/.autopilot/db/poseidon.pp.0.cpp -hls-platform-db-name=/eda/xilinx/Vitis_HLS/2023.2/common/technology/xilinx/common/platform.db -hls-platform-name=zynq_slow -device-resource-info=BRAM_280.000000_DSP_220.000000_FF_106400.000000_LUT_53200.000000_SLICE_13300.000000_URAM_0.000000 -device-name-info=xc7z020clg484-1 > /home/bcs7944/poseidon-fpga/poseidon_hls/solution1/.autopilot/db/poseidon.cpp.clang.out.log 2> /home/bcs7944/poseidon-fpga/poseidon_hls/solution1/.autopilot/db/poseidon.cpp.clang.err.log
INFO-FLOW: Done: GCC PP 39 time: 0.2 seconds per iteration
INFO-FLOW: Source syntax check for synthesis
INFO-FLOW: run_clang exec: /eda/xilinx/Vitis_HLS/2023.2/lnx64/tools/clang-3.9-csynth/bin/clang -foptimization-record-file=/home/bcs7944/poseidon-fpga/poseidon_hls/solution1/.autopilot/db/clang.diag.yml -mllvm -pass-remarks-missed=reflow|pasta|unroll -mllvm -pass-remarks=reflow|pasta|unroll|inline -fsyntax-only -fhls -target fpga64-xilinx-linux-gnu /home/bcs7944/poseidon-fpga/poseidon_hls/solution1/.autopilot/db/poseidon.pp.0.cpp -hls-platform-db-name=/eda/xilinx/Vitis_HLS/2023.2/common/technology/xilinx/common/platform.db -hls-platform-name=zynq_slow -device-resource-info=BRAM_280.000000_DSP_220.000000_FF_106400.000000_LUT_53200.000000_SLICE_13300.000000_URAM_0.000000 -device-name-info=xc7z020clg484-1 > /home/bcs7944/poseidon-fpga/poseidon_hls/solution1/.autopilot/db/clang.out.log 2> /home/bcs7944/poseidon-fpga/poseidon_hls/solution1/.autopilot/db/clang.err.log
Execute         clang_tidy xilinx-systemc-detector -desc systemc-detector /home/bcs7944/poseidon-fpga/poseidon_hls/solution1/.autopilot/db/poseidon.pp.0.cpp std=gnu++14 -target fpga  -directive=/home/bcs7944/poseidon-fpga/poseidon_hls/solution1/.autopilot/db/.systemc_flag 
INFO-FLOW: exec /eda/xilinx/Vitis_HLS/2023.2/lnx64/tools/clang-3.9-csynth/bin/clang-tidy -header-filter=.* --checks=-*,xilinx-systemc-detector -import-directive=/home/bcs7944/poseidon-fpga/poseidon_hls/solution1/.autopilot/db/.systemc_flag -fix-errors /home/bcs7944/poseidon-fpga/poseidon_hls/solution1/.autopilot/db/poseidon.pp.0.cpp -- -std=gnu++14 -target fpga -fhls -ferror-limit=0
Command         clang_tidy done; 0.36 sec.
INFO-FLOW: Running: clang-tidy CDT preprocess 39
Execute         clang_tidy xilinx-directive2pragma -desc directive2pragma /home/bcs7944/poseidon-fpga/poseidon_hls/solution1/.autopilot/db/poseidon.pp.0.cpp std=gnu++14 -target fpga  -directive=/home/bcs7944/poseidon-fpga/poseidon_hls/solution1/.autopilot/db/all.directive.json 
INFO-FLOW: exec /eda/xilinx/Vitis_HLS/2023.2/lnx64/tools/clang-3.9-csynth/bin/clang-tidy -header-filter=.* --checks=-*,xilinx-directive2pragma -import-directive=/home/bcs7944/poseidon-fpga/poseidon_hls/solution1/.autopilot/db/all.directive.json -fix-errors /home/bcs7944/poseidon-fpga/poseidon_hls/solution1/.autopilot/db/poseidon.pp.0.cpp -- -std=gnu++14 -target fpga -fhls -ferror-limit=0
Command         clang_tidy done; 0.64 sec.
INFO-FLOW: Done: clang-tidy CDT preprocess 39 time: 0.6 seconds per iteration
INFO-FLOW: Calling xilinx-label-all-loops ... 
INFO-FLOW: Calling xilinx-aggregate-on-hls-vector ... 
Execute         clang_tidy -errorcheck -desc loop-label xilinx-label-all-loops,xilinx-aggregate-on-hls-vector,,xilinx-warn-mayneed-no-ctor-attribute /home/bcs7944/poseidon-fpga/poseidon_hls/solution1/.autopilot/db/poseidon.pp.0.cpp std=gnu++14 -target fpga  
INFO-FLOW: run_clang exec: /eda/xilinx/Vitis_HLS/2023.2/lnx64/tools/clang-3.9-csynth/bin/clang-tidy -export-fixes=/home/bcs7944/poseidon-fpga/poseidon_hls/solution1/.autopilot/db/poseidon.pp.0.cpp.clang-tidy.loop-label.diag.yml -header-filter=.* --checks=-*,xilinx-label-all-loops,xilinx-aggregate-on-hls-vector,,xilinx-warn-mayneed-no-ctor-attribute -fix-errors /home/bcs7944/poseidon-fpga/poseidon_hls/solution1/.autopilot/db/poseidon.pp.0.cpp -- -std=gnu++14 -target fpga -fhls -ferror-limit=0 > /home/bcs7944/poseidon-fpga/poseidon_hls/solution1/.autopilot/db/poseidon.pp.0.cpp.clang-tidy.loop-label.out.log 2> /home/bcs7944/poseidon-fpga/poseidon_hls/solution1/.autopilot/db/poseidon.pp.0.cpp.clang-tidy.loop-label.err.log
Execute           source /eda/xilinx/Vitis_HLS/2023.2/tps/tcl/tcllib1.11.1/yaml/yaml.tcl 
Command         clang_tidy done; 0.77 sec.
INFO-FLOW: run_clang exec: /eda/xilinx/Vitis_HLS/2023.2/lnx64/tools/clang-3.9-csynth/bin/xilinx-dataflow-lawyer -export-fixes=/home/bcs7944/poseidon-fpga/poseidon_hls/solution1/.autopilot/db/poseidon.pp.0.cpp.xilinx-dataflow-lawyer.diag.yml /home/bcs7944/poseidon-fpga/poseidon_hls/solution1/.autopilot/db/poseidon.pp.0.cpp -- -std=gnu++14 -target fpga -fhls -ferror-limit=0 -fstrict-dataflow > /home/bcs7944/poseidon-fpga/poseidon_hls/solution1/.autopilot/db/poseidon.pp.0.cpp.xilinx-dataflow-lawyer.out.log 2> /home/bcs7944/poseidon-fpga/poseidon_hls/solution1/.autopilot/db/poseidon.pp.0.cpp.xilinx-dataflow-lawyer.err.log
Execute         ap_part_info -name xc7z020-clg484-1 -data info 
INFO-FLOW: compiling source code to llvm bc
INFO-FLOW: run_clang exec: /eda/xilinx/Vitis_HLS/2023.2/lnx64/tools/clang-3.9-csynth/bin/clang -foptimization-record-file=/home/bcs7944/poseidon-fpga/poseidon_hls/solution1/.autopilot/db/poseidon.pp.0.cpp.clang.diag.yml -mllvm -pass-remarks-missed=reflow|pasta|unroll -mllvm -pass-remarks=reflow|pasta|unroll|inline -fno-limit-debug-info -fhls -flto -fno-exceptions -Wno-error=c++11-narrowing -hls-emit-hint-scope /home/bcs7944/poseidon-fpga/poseidon_hls/solution1/.autopilot/db/poseidon.pp.0.cpp -fno-math-errno -c -emit-llvm -mllvm -disable-llvm-optzns -Werror=implicit-function-declaration -Werror=implicit-hls-streams -Werror=return-type -Wpragmas -Wunused-parameter -Wdump-hls-pragmas -Wno-error=dump-hls-pragmas -hls-clock-period=10 -fno-threadsafe-statics -fno-use-cxa-atexit -std=gnu++14 -target fpga64-xilinx-linux-gnu -D__VITIS_HLS__ -DAESL_SYN -D__SYNTHESIS__ -D__HLS_SYN__ -I /eda/xilinx/Vitis_HLS/2023.2/common/technology/autopilot -I /eda/xilinx/Vitis_HLS/2023.2/common/technology/autopilot/ap_sysc -include etc/autopilot_ssdm_op.h -D__DSP48E1__ -g -o /home/bcs7944/poseidon-fpga/poseidon_hls/solution1/.autopilot/db/poseidon.bc -hls-platform-db-name=/eda/xilinx/Vitis_HLS/2023.2/common/technology/xilinx/common/platform.db -hls-platform-name=zynq_slow -device-resource-info=BRAM_280.000000_DSP_220.000000_FF_106400.000000_LUT_53200.000000_SLICE_13300.000000_URAM_0.000000 -device-name-info=xc7z020clg484-1 > /home/bcs7944/poseidon-fpga/poseidon_hls/solution1/.autopilot/db/poseidon.pp.0.cpp.clang.out.log 2> /home/bcs7944/poseidon-fpga/poseidon_hls/solution1/.autopilot/db/poseidon.pp.0.cpp.clang.err.log
INFO: [HLS 200-111] Finished Source Code Analysis and Preprocessing: CPU user time: 2.65 seconds. CPU system time: 0.56 seconds. Elapsed time: 3.36 seconds; current allocated memory: 278.566 MB.
INFO-FLOW: Linking Debug ...
INFO-FLOW: Linking dut bc code.
Execute         run_link_or_opt -out /home/bcs7944/poseidon-fpga/poseidon_hls/solution1/.autopilot/db/a.g.ld.0.bc -args  "/home/bcs7944/poseidon-fpga/poseidon_hls/solution1/.autopilot/db/poseidon.g.bc"  
INFO-FLOW: run_clang exec: /eda/xilinx/Vitis_HLS/2023.2/lnx64/tools/clang-3.9-csynth/bin/llvm-link /home/bcs7944/poseidon-fpga/poseidon_hls/solution1/.autopilot/db/poseidon.g.bc -o /home/bcs7944/poseidon-fpga/poseidon_hls/solution1/.autopilot/db/a.g.ld.0.bc > /home/bcs7944/poseidon-fpga/poseidon_hls/solution1/.autopilot/db/a.g.ld.0.bc.llvm-link.out.log 2> /home/bcs7944/poseidon-fpga/poseidon_hls/solution1/.autopilot/db/a.g.ld.0.bc.llvm-link.err.log
INFO-FLOW: 
Execute         run_link_or_opt -opt -out /home/bcs7944/poseidon-fpga/poseidon_hls/solution1/.autopilot/db/a.g.ld.1.lower.bc -args /home/bcs7944/poseidon-fpga/poseidon_hls/solution1/.autopilot/db/a.g.ld.0.bc -reflow-lower-math-intrinsics 
INFO-FLOW: run_clang exec: /eda/xilinx/Vitis_HLS/2023.2/lnx64/tools/clang-3.9-csynth/bin/opt -pass-remarks-missed=reflow|pasta|unroll -pass-remarks=reflow|pasta|unroll|inline -pass-remarks-output=/home/bcs7944/poseidon-fpga/poseidon_hls/solution1/.autopilot/db/a.g.ld.1.lower.bc.opt.diag.yml /home/bcs7944/poseidon-fpga/poseidon_hls/solution1/.autopilot/db/a.g.ld.0.bc -reflow-lower-math-intrinsics -o /home/bcs7944/poseidon-fpga/poseidon_hls/solution1/.autopilot/db/a.g.ld.1.lower.bc > /home/bcs7944/poseidon-fpga/poseidon_hls/solution1/.autopilot/db/a.g.ld.1.lower.bc.opt.out.log 2> /home/bcs7944/poseidon-fpga/poseidon_hls/solution1/.autopilot/db/a.g.ld.1.lower.bc.opt.err.log
INFO-FLOW: 
INFO-FLOW: Running: gen_design_size_report post-opt
INFO-FLOW: Done: gen_design_size_report post-opt time: 0 seconds per iteration
INFO-FLOW: Linking math bc lib
Execute         run_link_or_opt -out /home/bcs7944/poseidon-fpga/poseidon_hls/solution1/.autopilot/db/a.g.ld.2.m1.bc -args /home/bcs7944/poseidon-fpga/poseidon_hls/solution1/.autopilot/db/a.g.ld.1.lower.bc -only-needed /eda/xilinx/Vitis_HLS/2023.2/lnx64/lib/libhlsm_39.bc /eda/xilinx/Vitis_HLS/2023.2/lnx64/lib/libhlsmc++_39.bc 
INFO-FLOW: run_clang exec: /eda/xilinx/Vitis_HLS/2023.2/lnx64/tools/clang-3.9-csynth/bin/llvm-link /home/bcs7944/poseidon-fpga/poseidon_hls/solution1/.autopilot/db/a.g.ld.1.lower.bc -only-needed /eda/xilinx/Vitis_HLS/2023.2/lnx64/lib/libhlsm_39.bc /eda/xilinx/Vitis_HLS/2023.2/lnx64/lib/libhlsmc++_39.bc -o /home/bcs7944/poseidon-fpga/poseidon_hls/solution1/.autopilot/db/a.g.ld.2.m1.bc > /home/bcs7944/poseidon-fpga/poseidon_hls/solution1/.autopilot/db/a.g.ld.2.m1.bc.llvm-link.out.log 2> /home/bcs7944/poseidon-fpga/poseidon_hls/solution1/.autopilot/db/a.g.ld.2.m1.bc.llvm-link.err.log
INFO-FLOW: 
Command         run_link_or_opt done; 1.76 sec.
Execute         run_link_or_opt -opt -out /home/bcs7944/poseidon-fpga/poseidon_hls/solution1/.autopilot/db/a.g.ld.3.fpc.bc -args /home/bcs7944/poseidon-fpga/poseidon_hls/solution1/.autopilot/db/a.g.ld.2.m1.bc -reflow-globaldce -hls-top-function-name=poseidon_top -reflow-float-conversion 
INFO-FLOW: run_clang exec: /eda/xilinx/Vitis_HLS/2023.2/lnx64/tools/clang-3.9-csynth/bin/opt -pass-remarks-missed=reflow|pasta|unroll -pass-remarks=reflow|pasta|unroll|inline -pass-remarks-output=/home/bcs7944/poseidon-fpga/poseidon_hls/solution1/.autopilot/db/a.g.ld.3.fpc.bc.opt.diag.yml /home/bcs7944/poseidon-fpga/poseidon_hls/solution1/.autopilot/db/a.g.ld.2.m1.bc -reflow-globaldce -hls-top-function-name=poseidon_top -reflow-float-conversion -o /home/bcs7944/poseidon-fpga/poseidon_hls/solution1/.autopilot/db/a.g.ld.3.fpc.bc > /home/bcs7944/poseidon-fpga/poseidon_hls/solution1/.autopilot/db/a.g.ld.3.fpc.bc.opt.out.log 2> /home/bcs7944/poseidon-fpga/poseidon_hls/solution1/.autopilot/db/a.g.ld.3.fpc.bc.opt.err.log
INFO-FLOW: 
INFO-FLOW: Running: gen_design_size_report post-opt
INFO-FLOW: Done: gen_design_size_report post-opt time: 0 seconds per iteration
Command         run_link_or_opt done; 0.67 sec.
Execute         run_link_or_opt -out /home/bcs7944/poseidon-fpga/poseidon_hls/solution1/.autopilot/db/a.g.ld.4.m2.bc -args /home/bcs7944/poseidon-fpga/poseidon_hls/solution1/.autopilot/db/a.g.ld.3.fpc.bc -only-needed /eda/xilinx/Vitis_HLS/2023.2/lnx64/lib/libfloatconversion_39.bc 
INFO-FLOW: run_clang exec: /eda/xilinx/Vitis_HLS/2023.2/lnx64/tools/clang-3.9-csynth/bin/llvm-link /home/bcs7944/poseidon-fpga/poseidon_hls/solution1/.autopilot/db/a.g.ld.3.fpc.bc -only-needed /eda/xilinx/Vitis_HLS/2023.2/lnx64/lib/libfloatconversion_39.bc -o /home/bcs7944/poseidon-fpga/poseidon_hls/solution1/.autopilot/db/a.g.ld.4.m2.bc > /home/bcs7944/poseidon-fpga/poseidon_hls/solution1/.autopilot/db/a.g.ld.4.m2.bc.llvm-link.out.log 2> /home/bcs7944/poseidon-fpga/poseidon_hls/solution1/.autopilot/db/a.g.ld.4.m2.bc.llvm-link.err.log
INFO-FLOW: 
Execute         run_link_or_opt -opt -out /home/bcs7944/poseidon-fpga/poseidon_hls/solution1/.autopilot/db/a.g.ld.5.gdce.bc -args /home/bcs7944/poseidon-fpga/poseidon_hls/solution1/.autopilot/db/a.g.ld.4.m2.bc -reflow-globaldce -hls-top-function-name=poseidon_top 
INFO-FLOW: run_clang exec: /eda/xilinx/Vitis_HLS/2023.2/lnx64/tools/clang-3.9-csynth/bin/opt -pass-remarks-missed=reflow|pasta|unroll -pass-remarks=reflow|pasta|unroll|inline -pass-remarks-output=/home/bcs7944/poseidon-fpga/poseidon_hls/solution1/.autopilot/db/a.g.ld.5.gdce.bc.opt.diag.yml /home/bcs7944/poseidon-fpga/poseidon_hls/solution1/.autopilot/db/a.g.ld.4.m2.bc -reflow-globaldce -hls-top-function-name=poseidon_top -o /home/bcs7944/poseidon-fpga/poseidon_hls/solution1/.autopilot/db/a.g.ld.5.gdce.bc > /home/bcs7944/poseidon-fpga/poseidon_hls/solution1/.autopilot/db/a.g.ld.5.gdce.bc.opt.out.log 2> /home/bcs7944/poseidon-fpga/poseidon_hls/solution1/.autopilot/db/a.g.ld.5.gdce.bc.opt.err.log
INFO-FLOW: 
INFO-FLOW: Running: gen_design_size_report post-opt
INFO-FLOW: Done: gen_design_size_report post-opt time: 0 seconds per iteration
Execute         send_msg_by_id INFO @200-777@%s Vivado 
INFO: [HLS 200-777] Using interface defaults for 'Vivado' flow target.
Execute         is_m_axi_addr64 
INFO-FLOW: Doing LTO.
INFO-FLOW: run_clang (background poll_ms 5000) exec: /eda/xilinx/Vitis_HLS/2023.2/lnx64/tools/clang-3.9-csynth/bin/clang -foptimization-record-file=/home/bcs7944/poseidon-fpga/poseidon_hls/solution1/.autopilot/db/a.g.ld.0.bc.clang.reflow.diag.yml -mllvm -pass-remarks-missed=reflow|pasta|unroll -mllvm -pass-remarks=reflow|pasta|unroll|inline -fhls -mllvm -hls-top-function-name=poseidon_top -mllvm -hls-db-dir -mllvm /home/bcs7944/poseidon-fpga/poseidon_hls/solution1/.autopilot/db -emit-llvm -c -target fpga64-xilinx-none -mllvm -xcl-xmlinfo=/home/bcs7944/poseidon-fpga/poseidon_hls/solution1/.autopilot/db/kernel.internal.xml -mllvm -top-io-mapping-info=/home/bcs7944/poseidon-fpga/poseidon_hls/solution1/.autopilot/db/top-io-fe.xml -mllvm -hls-bitcode-version=3.1 -mllvm -reflow-enable-slave-interface-default-setting=true -mllvm -gen-kernel-xml=false -mllvm -default-maxi-offset=slave -mllvm -maxi-latency=0 -mllvm -hls-maxi-data-size-in-bits=8 -mllvm -hls-maxi-max-data-size-in-bits=1024 -mllvm -hls-max-widen-size-in-bits=0 -mllvm -xcl-kernel-max-mem-ports=0 -mllvm -maxi-read-trans=16 -mllvm -maxi-write-trans=16 -mllvm -maxi-read-burst-len=16 -mllvm -maxi-write-burst-len=16 -mllvm -reflow-enable-saxi-64bits=0 -mllvm -reflow-basic-block-instr-threshold=200000 -mllvm -reflow-auto-pipeline-threshold=64 -mllvm -reflow-enable-maxi-auto-id-channel=0 -mllvm -enable-fp-thr=0 -mllvm -reflow-bdd-simplify-threshold=1048576 -mllvm -reflow-fanout-threshold=16 -mllvm -assume-maxi-align=1 -mllvm -reflow-pipeline-style-llvm-setting=2 -mllvm -reflow-enable-dataflow-strict-mode-checking=1 -ftime-report -mllvm -time-passes -mllvm -reflow-auto-array-partition-mode=default -mllvm -reflow-enable-auto-array-partition=true -mllvm -reflow-enable-auto-parallel-performance-driven=true -mllvm -reflow-enable-partition-for-automation=true -mllvm -reflow-aggregate-bitwidth-threshold=4096 -mllvm -reflow-reserved-saxilite-registers=0 -mllvm -enable-reflow-auto-loop-pipeline -mllvm -reflow-max-unroll-threshold=409600 -mllvm -reflow-assume-no-address-wrap=true -mllvm -reflow-enable-occurrence-inference=true -mllvm -reflow-emit-hint-scope=true -mllvm -hls -mllvm -disable-inlined-alloca-merging=true -mllvm -default-clock-period=10 -x ir /home/bcs7944/poseidon-fpga/poseidon_hls/solution1/.autopilot/db/a.g.ld.5.gdce.bc -o /home/bcs7944/poseidon-fpga/poseidon_hls/solution1/.autopilot/db/a.g.lto.bc -hls-platform-db-name=/eda/xilinx/Vitis_HLS/2023.2/common/technology/xilinx/common/platform.db -hls-platform-name=zynq_slow -device-resource-info=BRAM_280.000000_DSP_220.000000_FF_106400.000000_LUT_53200.000000_SLICE_13300.000000_URAM_0.000000 -device-name-info=xc7z020clg484-1 2> /home/bcs7944/poseidon-fpga/poseidon_hls/solution1/.autopilot/db/a.g.ld.0.bc.clang.reflow.err.log bg_poll_cmd: ::AP::poll_clang_39_closed_source
Execute         send_msg_by_id INFO @200-1995@%s%s%s 2,250 Compile/Link /home/bcs7944/poseidon-fpga/poseidon_hls/solution1/syn/report/csynth_design_size.rpt 
INFO: [HLS 200-1995] There were 2,250 instructions in the design after the 'Compile/Link' phase of compilation. See the Design Size Report for more details: /home/bcs7944/poseidon-fpga/poseidon_hls/solution1/syn/report/csynth_design_size.rpt
Execute         send_msg_by_id INFO @200-1995@%s%s%s 5,417 Unroll/Inline (step 1) /home/bcs7944/poseidon-fpga/poseidon_hls/solution1/syn/report/csynth_design_size.rpt 
INFO: [HLS 200-1995] There were 5,417 instructions in the design after the 'Unroll/Inline (step 1)' phase of compilation. See the Design Size Report for more details: /home/bcs7944/poseidon-fpga/poseidon_hls/solution1/syn/report/csynth_design_size.rpt
Execute         send_msg_by_id INFO @200-1995@%s%s%s 3,210 Unroll/Inline (step 2) /home/bcs7944/poseidon-fpga/poseidon_hls/solution1/syn/report/csynth_design_size.rpt 
INFO: [HLS 200-1995] There were 3,210 instructions in the design after the 'Unroll/Inline (step 2)' phase of compilation. See the Design Size Report for more details: /home/bcs7944/poseidon-fpga/poseidon_hls/solution1/syn/report/csynth_design_size.rpt
Execute         send_msg_by_id INFO @200-1995@%s%s%s 4,060 Unroll/Inline (step 3) /home/bcs7944/poseidon-fpga/poseidon_hls/solution1/syn/report/csynth_design_size.rpt 
INFO: [HLS 200-1995] There were 4,060 instructions in the design after the 'Unroll/Inline (step 3)' phase of compilation. See the Design Size Report for more details: /home/bcs7944/poseidon-fpga/poseidon_hls/solution1/syn/report/csynth_design_size.rpt
Execute         send_msg_by_id INFO @200-1995@%s%s%s 2,385 Unroll/Inline (step 4) /home/bcs7944/poseidon-fpga/poseidon_hls/solution1/syn/report/csynth_design_size.rpt 
INFO: [HLS 200-1995] There were 2,385 instructions in the design after the 'Unroll/Inline (step 4)' phase of compilation. See the Design Size Report for more details: /home/bcs7944/poseidon-fpga/poseidon_hls/solution1/syn/report/csynth_design_size.rpt
Execute         send_msg_by_id INFO @200-1995@%s%s%s 2,574 Array/Struct (step 1) /home/bcs7944/poseidon-fpga/poseidon_hls/solution1/syn/report/csynth_design_size.rpt 
INFO: [HLS 200-1995] There were 2,574 instructions in the design after the 'Array/Struct (step 1)' phase of compilation. See the Design Size Report for more details: /home/bcs7944/poseidon-fpga/poseidon_hls/solution1/syn/report/csynth_design_size.rpt
Execute         send_msg_by_id INFO @200-1995@%s%s%s 2,404 Array/Struct (step 2) /home/bcs7944/poseidon-fpga/poseidon_hls/solution1/syn/report/csynth_design_size.rpt 
INFO: [HLS 200-1995] There were 2,404 instructions in the design after the 'Array/Struct (step 2)' phase of compilation. See the Design Size Report for more details: /home/bcs7944/poseidon-fpga/poseidon_hls/solution1/syn/report/csynth_design_size.rpt
Execute         send_msg_by_id INFO @200-1995@%s%s%s 2,428 Array/Struct (step 3) /home/bcs7944/poseidon-fpga/poseidon_hls/solution1/syn/report/csynth_design_size.rpt 
INFO: [HLS 200-1995] There were 2,428 instructions in the design after the 'Array/Struct (step 3)' phase of compilation. See the Design Size Report for more details: /home/bcs7944/poseidon-fpga/poseidon_hls/solution1/syn/report/csynth_design_size.rpt
Execute         send_msg_by_id INFO @200-1995@%s%s%s 2,452 Array/Struct (step 4) /home/bcs7944/poseidon-fpga/poseidon_hls/solution1/syn/report/csynth_design_size.rpt 
INFO: [HLS 200-1995] There were 2,452 instructions in the design after the 'Array/Struct (step 4)' phase of compilation. See the Design Size Report for more details: /home/bcs7944/poseidon-fpga/poseidon_hls/solution1/syn/report/csynth_design_size.rpt
Execute         send_msg_by_id INFO @200-1995@%s%s%s 2,506 Array/Struct (step 5) /home/bcs7944/poseidon-fpga/poseidon_hls/solution1/syn/report/csynth_design_size.rpt 
INFO: [HLS 200-1995] There were 2,506 instructions in the design after the 'Array/Struct (step 5)' phase of compilation. See the Design Size Report for more details: /home/bcs7944/poseidon-fpga/poseidon_hls/solution1/syn/report/csynth_design_size.rpt
Execute         send_msg_by_id INFO @200-1995@%s%s%s 2,039 Performance (step 1) /home/bcs7944/poseidon-fpga/poseidon_hls/solution1/syn/report/csynth_design_size.rpt 
INFO: [HLS 200-1995] There were 2,039 instructions in the design after the 'Performance (step 1)' phase of compilation. See the Design Size Report for more details: /home/bcs7944/poseidon-fpga/poseidon_hls/solution1/syn/report/csynth_design_size.rpt
Execute         send_msg_by_id INFO @200-1995@%s%s%s 1,841 Performance (step 2) /home/bcs7944/poseidon-fpga/poseidon_hls/solution1/syn/report/csynth_design_size.rpt 
INFO: [HLS 200-1995] There were 1,841 instructions in the design after the 'Performance (step 2)' phase of compilation. See the Design Size Report for more details: /home/bcs7944/poseidon-fpga/poseidon_hls/solution1/syn/report/csynth_design_size.rpt
Execute         send_msg_by_id INFO @200-1995@%s%s%s 1,841 Performance (step 3) /home/bcs7944/poseidon-fpga/poseidon_hls/solution1/syn/report/csynth_design_size.rpt 
INFO: [HLS 200-1995] There were 1,841 instructions in the design after the 'Performance (step 3)' phase of compilation. See the Design Size Report for more details: /home/bcs7944/poseidon-fpga/poseidon_hls/solution1/syn/report/csynth_design_size.rpt
Execute         send_msg_by_id INFO @200-1995@%s%s%s 1,695 Performance (step 4) /home/bcs7944/poseidon-fpga/poseidon_hls/solution1/syn/report/csynth_design_size.rpt 
INFO: [HLS 200-1995] There were 1,695 instructions in the design after the 'Performance (step 4)' phase of compilation. See the Design Size Report for more details: /home/bcs7944/poseidon-fpga/poseidon_hls/solution1/syn/report/csynth_design_size.rpt
Execute         send_msg_by_id INFO @200-1995@%s%s%s 1,791 HW Transforms (step 1) /home/bcs7944/poseidon-fpga/poseidon_hls/solution1/syn/report/csynth_design_size.rpt 
INFO: [HLS 200-1995] There were 1,791 instructions in the design after the 'HW Transforms (step 1)' phase of compilation. See the Design Size Report for more details: /home/bcs7944/poseidon-fpga/poseidon_hls/solution1/syn/report/csynth_design_size.rpt
Execute         send_msg_by_id INFO @200-1995@%s%s%s 1,710 HW Transforms (step 2) /home/bcs7944/poseidon-fpga/poseidon_hls/solution1/syn/report/csynth_design_size.rpt 
INFO: [HLS 200-1995] There were 1,710 instructions in the design after the 'HW Transforms (step 2)' phase of compilation. See the Design Size Report for more details: /home/bcs7944/poseidon-fpga/poseidon_hls/solution1/syn/report/csynth_design_size.rpt
INFO: [HLS 214-291] Loop 'mds_col' is marked as complete unroll implied by the pipeline pragma (poseidon.cpp:76:22)
INFO: [HLS 214-186] Unrolling loop 'rc_add' (poseidon.cpp:53:17) in function 'poseidon_top' completely with a factor of 24 (poseidon.cpp:31:0)
INFO: [HLS 214-186] Unrolling loop 'sbox_layer' (poseidon.cpp:59:21) in function 'poseidon_top' completely with a factor of 24 (poseidon.cpp:31:0)
INFO: [HLS 214-186] Unrolling loop 'mds_col' (poseidon.cpp:76:22) in function 'poseidon_top' completely with a factor of 24 (poseidon.cpp:31:0)
INFO: [HLS 214-186] Unrolling loop 'VITIS_LOOP_85_2' (poseidon.cpp:85:26) in function 'poseidon_top' completely with a factor of 24 (poseidon.cpp:31:0)
INFO: [HLS 214-178] Inlining function 'mod_mul(ap_uint<256>, ap_uint<256>) (.3.6.10)' into 'sbox_quintic(ap_uint<256>)' (poseidon.cpp:20:0)
INFO: [HLS 214-248] Applying array_partition to 'state': Complete partitioning on dimension 1. (poseidon.cpp:38:10)
INFO: [HLS 214-248] Applying array_partition to 'next_state': Complete partitioning on dimension 1. (poseidon.cpp:70:17)
INFO: [HLS 214-241] Aggregating maxi variable 'mds_matrix' with compact=none mode in 256-bits
INFO: [HLS 214-364] Automatically inlining function 'mod_mul(ap_uint<256>, ap_uint<256>) (.3.6.10)' to improve effectiveness of pipeline pragma in function 'poseidon_top(hls::stream<axis_word, 0>&, hls::stream<axis_word, 0>&, ap_uint<256>*, ap_uint<256> (*) [24])' (poseidon.cpp:78:17)
INFO: [HLS 214-364] Automatically inlining function 'mod_add(ap_uint<256>, ap_uint<256>)' to improve effectiveness of pipeline pragma in function 'poseidon_top(hls::stream<axis_word, 0>&, hls::stream<axis_word, 0>&, ap_uint<256>*, ap_uint<256> (*) [24])' (poseidon.cpp:79:23)
INFO-FLOW: DBG:PUTS: copy_raw_kernel_xml ap_link_39: kernel.xml not generated: /home/bcs7944/poseidon-fpga/poseidon_hls/solution1/.autopilot/db/kernel.internal.xml
INFO: [HLS 200-111] Finished Compiling Optimization and Transform: CPU user time: 4.06 seconds. CPU system time: 0.49 seconds. Elapsed time: 8.23 seconds; current allocated memory: 281.367 MB.
INFO: [HLS 200-111] Finished Checking Pragmas: CPU user time: 0 seconds. CPU system time: 0 seconds. Elapsed time: 0 seconds; current allocated memory: 281.367 MB.
Execute         opt_and_import_c a -opt_level=2 -skip_syncheck=0 -ng=0 -keep_printf=0 
Execute           cleanup_all_models 
INFO: [HLS 200-10] Starting code transformations ...
INFO-FLOW: Running Standard Transforms...
Execute           transform -hls -share-std-xform -demangle-name -inline-byval-memcpy -always-inline -promote-dbg-pointer -interface-preproc -mem2reg -scalarrepl -mem2reg -keep-read-access -instcombine -dce -promote-dbg-pointer -bitop-raise -loop-simplify -indvarspre -indvars -loop-simplify -xunroll -constprop -instcombine -simplifycfg -indvars -simplifycfg -dce -globaldce -basicaa -simplifycfg -mem2reg -globalopt -global-constprop -deadargelim -instcombine -simplifycfg -scalarrepl -instcombine -reassociate -licm -simplifycfg -loop-simplify -indvars -instcombine -simplifycfg -mem2reg -loop-simplify -indvars -instcombine -gvn -gvn -instcombine -adce -break-crit-edges -simplifycfg -loop-delete -global-array-opt -dce -dse -adce -find-syn-modules -top poseidon_top -deadargelim -mem2reg -instcombine -dce -presyn-prepare -interface-preproc -syn-check -check-rec-only -find-region -simplifycfg -func-extr -function-inline -globaldce -mem2reg -instcombine -dce -gvn -globaldce -adce -adse -constprop -instcombine -bit-constprop -instcombine -dce -simplifycfg -bitop-raise -simplifycfg -dce -loop-delete -reassociate -globalopt -global-privatize -mem2reg -dce -global-constprop -pointer-simplify -constprop -dce -auto-shift-reg-idiom -promote-dbg-pointer -norm-name /home/bcs7944/poseidon-fpga/poseidon_hls/solution1/.autopilot/db/a.g.0.bc -o /home/bcs7944/poseidon-fpga/poseidon_hls/solution1/.autopilot/db/a.g.1.bc -f -phase std-opt 
INFO: [HLS 200-111] Finished Standard Transforms: CPU user time: 0.06 seconds. CPU system time: 0.01 seconds. Elapsed time: 0.08 seconds; current allocated memory: 282.992 MB.
INFO: [HLS 200-10] Checking synthesizability ...
INFO-FLOW: Checking Synthesizability 1/2..
Execute           transform -hls -syn-check -check-rec-only -scalarrepl -norm-name -dce -mem2reg -instcombine -directive-preproc -mem2reg -dse -dce -dce -pag -array-normalize -instcombine -dce -array-seg-normalize -instcombine -dce -data-pack -instcombine -dce -inst-simplify -array-flatten -instcombine -dce -array-burst -dce -deadargelim -promote-global-argument -simplifycfg -mem2reg -globaldce -dce -deadargelim -dce -instcombine -function-inline -globaldce -dce -doublePtrSimplify -doublePtrElim -dce -doublePtrSimplify -promote-dbg-pointer -dce -scalarrepl -dse -adse -instcombine -ptrLegalization -simplifycfg -dce -instcombine -pointer-simplify -ptrArgReplace -dce -instcombine -resolve-double-ptr -scalarrepl -norm-name -dce -mem2reg -instcombine -ptrLegalization -simplifycfg -deadargelim -instcombine -dce -inst-simplify -directive-preproc -mem2reg -dse -dce -globaldce /home/bcs7944/poseidon-fpga/poseidon_hls/solution1/.autopilot/db/a.g.1.bc -o /home/bcs7944/poseidon-fpga/poseidon_hls/solution1/.autopilot/db/a.g.2.prechk.bc -f 
INFO-FLOW: Checking Synthesizability 2/2..
Execute           transform -syn-check /home/bcs7944/poseidon-fpga/poseidon_hls/solution1/.autopilot/db/a.g.2.prechk.bc -o /home/bcs7944/poseidon-fpga/poseidon_hls/solution1/.autopilot/db/a.g.2.bc -f -phase syn-check 
INFO: [HLS 200-111] Finished Checking Synthesizability: CPU user time: 0.05 seconds. CPU system time: 0 seconds. Elapsed time: 0.06 seconds; current allocated memory: 283.188 MB.
INFO-FLOW: Compiler optimizing ...
INFO-FLOW: Share syncheck's 1.bc for syn flow: copy /home/bcs7944/poseidon-fpga/poseidon_hls/solution1/.autopilot/db/a.g.1.bc to /home/bcs7944/poseidon-fpga/poseidon_hls/solution1/.autopilot/db/a.o.1.bc
INFO-FLOW: Presyn 1...
Execute           transform -hls -tmp /home/bcs7944/poseidon-fpga/poseidon_hls/solution1/.autopilot/db -interface-port-rename -directive-preproc -mem2reg -dse -dce -scalarrepl -norm-name -deadargelim -mem2reg -instcombine -dce -simplifycfg -dce -resource-proc -clib-intrinsic-prepare -dce -func-buffer -dce -pag -array-normalize -func-legal -instcombine -gvn -constprop -dce -simplifycfg -mem2reg -globaldce -resolve-double-ptr -dce -deadargelim -dce -instcombine -ptrArgReplace -mem2reg -dce -array-seg-normalize -deadargelim -instcombine -dce -directive-preproc -mem2reg -dse -dce -pointer-simplify -dce -port-alignment -dce -interface-preproc -data-pack -instcombine -dce -basicaa -aggr-aa -aggrmodref-aa -aggr-aa -gvn -gvn -basicaa -aggr-aa -aggrmodref-aa -aggr-aa -dse -adse -adce -loop-simplify -indvars -instcombine -gvn -loop-simplify -mem2reg -dce -find-region -instcombine -inst-simplify -interface-preproc -cfgopt -instcombine -indvars -auto-loop-unroll -loop-simplify -loop-bound -xunroll -constprop -instcombine -simplifycfg -indvars -simplifycfg -dce -globaldce -clean-region -attach-range -gvn -inst-simplify -constprop -simplifycfg -dce -pointer-simplify -dce -globalopt -constprop -dce -array-promote -scalar-auto-dep-elim -constprop -dce -ptrArgReplace -mem2reg -simplifycfg -dce -instcombine -dce -array-transform-check -array-reshape -instcombine -simplifycfg -dce -ptrArgReplace -deadargelim -mem2reg -instcombine -simplifycfg -dce -indvars -loop-simplify -loop-bound -xunroll -constprop -instcombine -simplifycfg -indvars -simplifycfg -dce -globaldce -basicaa -aggr-aa -aggrmodref-aa -aggr-aa -dse -duplicate-dataflow-processes -globaldce -instcombine -array-partition -prepare-dynamic-array-partition -instcombine -simplifycfg -dce -ptrArgReplace -global-constprop -deadargelim -mem2reg -func-legal -dce -global-constprop -deadargelim -mem2reg -simplifycfg -dce -merge-param -deadargelim -globalopt -constprop -dce -array-promote -scalar-auto-dep-elim -constprop -dce -ptrArgReplace -mem2reg -simplifycfg -dce -mem-intrinsic-preproc -dce -global-internalize -global-privatize -mem2reg -globaldce -promote-global-argument -ptrArgReplace -mem2reg -dce -globalopt -mergereturn -simplify-global-access -mem2reg -dce -pointer-simplify -dce -functionattrs -basicaa -aggr-aa -aggrmodref-aa -aggr-aa -gvn -gvn -basicaa -aggr-aa -aggrmodref-aa -aggr-aa -dse -adse -adce -dce -norm-name -basicaa -aggr-aa -aggrmodref-aa -aggr-aa -accesses-merge -function-inline -complex-op-raise -inst-simplify -globaldce -func-legal -dce -loop-bound -arraycheck -bitwidthmin2 -bitwidthmin2 -on-by-dataflow -loop-delete -instcombine -simplifycfg -globaldce -dce -gvn -deadargelim -dce -loop-simplify -clean-region -simplifycfg -propagate-stable-arguments -loop-stream -instcombine -simplifycfg -dce -globaldce -duplicate-dataflow-processes -stream-intrinsic-preproc -dce -check-ap-stream -loop-simplify -eliminate-keepreads -extract-dataflow-in-loop -loop-simplify -dce -gvn -deadargelim -dse -duplicate-dataflow-processes -check-dataflow-syntax -legalize-stream-variable -globaldce -legalize-global -extract-subproc -dce -dead-channel-elimination -canonicalize-gep -globaldce -dce -gvn -hls-dead-arg-elim -deadargelim -directive-preproc -canonicalize-dataflow -dce -globaldce -scalar-preprocessing -scalar-propagation2 -scalar-stream -deadargelim -globaldce -mem2reg -check-dataflow-channels -function-stream -dce -globaldce -prop-fifo-spec -internal-stream-gen -canonicalize-gep -globaldce -dce -gvn -deadargelim -mergereturn -indvars -loop-simplify -instcombine -array-stream -array-seg-normalize -array-partition -clean-array-spec -func-legal -instcombine -simplifycfg -dce -bundle-memfifo-ops -deadargelim -directive-preproc -mem2reg -dse -dce -group-axi-access -licm -simplifycfg -dce -loop-delete -hls-display -norm-name /home/bcs7944/poseidon-fpga/poseidon_hls/solution1/.autopilot/db/a.o.1.bc -o /home/bcs7944/poseidon-fpga/poseidon_hls/solution1/.autopilot/db/a.o.1.tmp.bc -f 
INFO: [XFORM 203-602] Inlining function 'mod_add' into 'poseidon_top' (poseidon.cpp:55) automatically.
Command           transform done; 0.22 sec.
INFO-FLOW: Presyn 2...
Execute           transform -hls -keep-callgraph -scalarrepl -mem2reg -port-alignment -attach-range -dce -pipe-mux-gen -indvars -loop-bound -inst-simplify -instcombine -dce -merge-array-access -mem2reg -dce -clean-region -mergereturn -if-conv -instcombine -dce -constprop -basicaa -aggr-aa -aggrmodref-aa -aggr-aa -gvn -gvn -basicaa -aggr-aa -aggrmodref-aa -aggr-aa -dse -adse -adce -scalarrepl -mem2reg -global-constprop -deadargelim -deadargelim -instcombine -dce -simplifycfg -ptrArgReplace -mem2reg -function-inline -globaldce -mem2reg -instcombine -dce -expr-balance -instcombine -dce -bitwidthmin2 -bitwidthmin2 -interface-preproc -directive-preproc -inst-rectify -instcombine -dce -functionattrs -constprop -instcombine -bit-constprop -simplify-global-access -globalopt -globaldce -inst-simplify -instcombine -elimdeaddata -dce -loop-delete -simplifycfg -loop-simplify -barrier -norm-name /home/bcs7944/poseidon-fpga/poseidon_hls/solution1/.autopilot/db/a.o.1.tmp.bc -o /home/bcs7944/poseidon-fpga/poseidon_hls/solution1/.autopilot/db/a.o.2.bc -f -phase presyn 
Command           transform done; 0.11 sec.
INFO: [HLS 200-111] Finished Loop, function and other optimizations: CPU user time: 0.31 seconds. CPU system time: 0.01 seconds. Elapsed time: 0.33 seconds; current allocated memory: 308.312 MB.
INFO-FLOW: Building ssdm...
Execute           transform -hls -auto-function-inline -globaldce -ptrArgReplace -mem2reg -dce -reset-lda -loop-simplify -indvars -aggr-aa -licm -loop-dep -loop-bound -licm -loop-simplify -loop-sink-hoist -flattenloopnest -array-flatten -gvn -instcombine -dce -array-map -dce -func-legal -gvn -adce -instcombine -cfgopt -simplifycfg-lite -loop-simplify -array-burst -promote-global-argument -dce -array-seg-normalize -basicaa -aggrmodref-aa -globalsmodref-aa -aggr-aa -gvn -gvn -basicaa -aggrmodref-aa -globalsmodref-aa -aggr-aa -dse -adse -adce -licm -inst-simplify -dce -globaldce -instcombine -array-stream -eliminate-keepreads -instcombine -dce -deadargelim -doublePtrSimplify -doublePtrElim -dce -doublePtrSimplify -promote-dbg-pointer -dce -scalarrepl -mem2reg -norm-name -mem2reg -instcombine -dse -adse -adce -ptrLegalization -dce -array-flatten -dce -instcombine -check-doubleptr -loop-rot -constprop -cfgopt -simplifycfg-lite -loop-simplify -indvars -pointer-simplify -dce -loop-bound -loop-simplify -loop-preproc -constprop -global-constprop -gvn -mem2reg -instcombine -dce -loop-bound -loop-merge -dce -deadargelim -dce -canonicalize-dataflow -dce -deadargelim -globaldce -mem2reg -bram-byte-enable -inst-simplify -inst-rectify -instcombine -adce -deadargelim -load-elim -read-loop-dep -loop-simplify -loop-extract-inner -directive-preproc -bitwidthmin2 -bitwidthmin2 -read-loop-dep -interface-preproc -directive-preproc -interface-gen -bram-byte-enable-spec-prop -deadargelim -inst-simplify -dce -mem2reg -instcombine -gvn -dce -adse -loop-bound -instcombine -cfgopt -simplifycfg-lite -loop-simplify -clean-region -io-protocol -find-region -mem2reg -bitop-raise -complex-op-raise -inst-simplify -inst-rectify -instcombine -adce -deadargelim -float-op-raise -loop-simplify -phi-opt -bitop-raise -cfgopt -simplifycfg-lite -strip-dead-prototypes -interface-lower -bitop-lower -intrinsic-lower -auto-function-inline -basicaa -aggrmodref-aa -globalsmodref-aa -aggr-aa -inst-simplify -simplifycfg-lite -loop-simplify -mergereturn -inst-simplify -inst-rectify -globaldce -dce -load-elim -bitop-lower -float-op-raise -fma-raise -loop-rewind -pointer-simplify -dce -cfgopt -dce -loop-bound -loop-dep -read-loop-dep -dce -dyn-mem-reuse -dce -recurrence-min -dce -share-scalar-alloca -deadargelim -dce -check-stream -norm-name -legalize -validate-dataflow -inst-clarity -bitwidth -dce -dump-loop-dep-to-ir -check-all-ssdm -dump-complexity-metric -cdfg-build /home/bcs7944/poseidon-fpga/poseidon_hls/solution1/.autopilot/db/a.o.2.bc -o /home/bcs7944/poseidon-fpga/poseidon_hls/solution1/.autopilot/db/a.o.3.bc -f -phase build-ssdm 
WARNING: [HLS 200-960] Cannot flatten loop 'permutation_loop' (poseidon.cpp:50:23) in function 'poseidon_top' the outer loop is not a perfect loop because there is nontrivial logic before entering the inner loop.
Execute             auto_get_db
Command           transform done; 0.24 sec.
INFO: [HLS 200-111] Finished Architecture Synthesis: CPU user time: 0.21 seconds. CPU system time: 0.02 seconds. Elapsed time: 0.24 seconds; current allocated memory: 344.078 MB.
INFO-FLOW: Finish building internal data model.
Command         opt_and_import_c done; 0.73 sec.
Command       elaborate done; 12.34 sec.
Execute       ap_eval exec zip -j /home/bcs7944/poseidon-fpga/poseidon_hls/solution1/.autopilot/db/dut.hcp $dbDir/a.o.3.bc $dbDir/${topname}.rtl_wrap.cfg.tcl $dbDir/apatb_${topname}.cpp $dbDir/apatb_${topname}_util.cpp $dbDir/apatb_${topname}_ir.ll $dbDir/mapper_${topname}.cpp $dbDir/top-io-fe.xml $dbDir/kernel.internal.xml $workdir/../hls.app 
Execute       autosyn -from_csynth_design=1 
INFO: [HLS 200-10] Starting hardware synthesis ...
INFO-FLOW: Synthesizing C/C++ design ...
INFO: [HLS 200-10] Synthesizing 'poseidon_top' ...
Execute         ap_set_top_model poseidon_top 
Execute         get_model_list poseidon_top -filter all-wo-channel -topdown 
Execute         preproc_iomode -model poseidon_top 
Execute         preproc_iomode -model poseidon_top_Pipeline_VITIS_LOOP_92_3 
Execute         preproc_iomode -model poseidon_top_Pipeline_mds_row 
Execute         preproc_iomode -model sbox_quintic 
Execute         preproc_iomode -model poseidon_top_Pipeline_VITIS_LOOP_42_1 
Execute         get_model_list poseidon_top -filter all-wo-channel 
INFO-FLOW: Model list for configure: poseidon_top_Pipeline_VITIS_LOOP_42_1 sbox_quintic poseidon_top_Pipeline_mds_row poseidon_top_Pipeline_VITIS_LOOP_92_3 poseidon_top
INFO-FLOW: Configuring Module : poseidon_top_Pipeline_VITIS_LOOP_42_1 ...
Execute         set_default_model poseidon_top_Pipeline_VITIS_LOOP_42_1 
Execute         apply_spec_resource_limit poseidon_top_Pipeline_VITIS_LOOP_42_1 
INFO-FLOW: Configuring Module : sbox_quintic ...
Execute         set_default_model sbox_quintic 
Execute         apply_spec_resource_limit sbox_quintic 
INFO-FLOW: Configuring Module : poseidon_top_Pipeline_mds_row ...
Execute         set_default_model poseidon_top_Pipeline_mds_row 
Execute         apply_spec_resource_limit poseidon_top_Pipeline_mds_row 
INFO-FLOW: Configuring Module : poseidon_top_Pipeline_VITIS_LOOP_92_3 ...
Execute         set_default_model poseidon_top_Pipeline_VITIS_LOOP_92_3 
Execute         apply_spec_resource_limit poseidon_top_Pipeline_VITIS_LOOP_92_3 
INFO-FLOW: Configuring Module : poseidon_top ...
Execute         set_default_model poseidon_top 
Execute         apply_spec_resource_limit poseidon_top 
INFO-FLOW: Model list for preprocess: poseidon_top_Pipeline_VITIS_LOOP_42_1 sbox_quintic poseidon_top_Pipeline_mds_row poseidon_top_Pipeline_VITIS_LOOP_92_3 poseidon_top
INFO-FLOW: Preprocessing Module: poseidon_top_Pipeline_VITIS_LOOP_42_1 ...
Execute         set_default_model poseidon_top_Pipeline_VITIS_LOOP_42_1 
Execute         cdfg_preprocess -model poseidon_top_Pipeline_VITIS_LOOP_42_1 
Execute         rtl_gen_preprocess poseidon_top_Pipeline_VITIS_LOOP_42_1 
INFO-FLOW: Preprocessing Module: sbox_quintic ...
Execute         set_default_model sbox_quintic 
Execute         cdfg_preprocess -model sbox_quintic 
Execute         rtl_gen_preprocess sbox_quintic 
INFO-FLOW: Preprocessing Module: poseidon_top_Pipeline_mds_row ...
Execute         set_default_model poseidon_top_Pipeline_mds_row 
Execute         cdfg_preprocess -model poseidon_top_Pipeline_mds_row 
Execute         rtl_gen_preprocess poseidon_top_Pipeline_mds_row 
INFO-FLOW: Preprocessing Module: poseidon_top_Pipeline_VITIS_LOOP_92_3 ...
Execute         set_default_model poseidon_top_Pipeline_VITIS_LOOP_92_3 
Execute         cdfg_preprocess -model poseidon_top_Pipeline_VITIS_LOOP_92_3 
Execute         rtl_gen_preprocess poseidon_top_Pipeline_VITIS_LOOP_92_3 
INFO-FLOW: Preprocessing Module: poseidon_top ...
Execute         set_default_model poseidon_top 
Execute         cdfg_preprocess -model poseidon_top 
Execute         rtl_gen_preprocess poseidon_top 
INFO-FLOW: Model list for synthesis: poseidon_top_Pipeline_VITIS_LOOP_42_1 sbox_quintic poseidon_top_Pipeline_mds_row poseidon_top_Pipeline_VITIS_LOOP_92_3 poseidon_top
INFO: [HLS 200-10] ----------------------------------------------------------------
INFO: [HLS 200-42] -- Implementing module 'poseidon_top_Pipeline_VITIS_LOOP_42_1' 
INFO: [HLS 200-10] ----------------------------------------------------------------
Execute         set_default_model poseidon_top_Pipeline_VITIS_LOOP_42_1 
Execute         schedule -model poseidon_top_Pipeline_VITIS_LOOP_42_1 
INFO: [SCHED 204-11] Starting scheduling ...
INFO: [SCHED 204-61] Pipelining loop 'VITIS_LOOP_42_1'.
INFO: [HLS 200-1470] Pipelining result : Target II = 1, Final II = 1, Depth = 1, loop 'VITIS_LOOP_42_1'
INFO: [SCHED 204-11] Finished scheduling.
INFO: [HLS 200-111] Finished Scheduling: CPU user time: 0.08 seconds. CPU system time: 0.04 seconds. Elapsed time: 0.21 seconds; current allocated memory: 345.754 MB.
Execute         syn_report -verbosereport -o /home/bcs7944/poseidon-fpga/poseidon_hls/solution1/.autopilot/db/poseidon_top_Pipeline_VITIS_LOOP_42_1.verbose.sched.rpt 
Execute           list_part -family xc7z020-clg484-1 
Execute             ap_family_info -name xc7z020-clg484-1 -data names 
Execute             ap_part_info -quiet -name xc7z020-clg484-1 -data family 
Execute         db_write -o /home/bcs7944/poseidon-fpga/poseidon_hls/solution1/.autopilot/db/poseidon_top_Pipeline_VITIS_LOOP_42_1.sched.adb -f 
INFO-FLOW: Finish scheduling poseidon_top_Pipeline_VITIS_LOOP_42_1.
Execute         set_default_model poseidon_top_Pipeline_VITIS_LOOP_42_1 
Execute         bind -model poseidon_top_Pipeline_VITIS_LOOP_42_1 
INFO: [BIND 205-100] Starting micro-architecture generation ...
INFO: [BIND 205-101] Performing variable lifetime analysis.
INFO: [BIND 205-101] Exploring resource sharing.
INFO: [BIND 205-101] Binding ...
INFO: [BIND 205-100] Finished micro-architecture generation.
INFO: [HLS 200-111] Finished Binding: CPU user time: 0.04 seconds. CPU system time: 0.02 seconds. Elapsed time: 0.09 seconds; current allocated memory: 345.754 MB.
Execute         syn_report -verbosereport -o /home/bcs7944/poseidon-fpga/poseidon_hls/solution1/.autopilot/db/poseidon_top_Pipeline_VITIS_LOOP_42_1.verbose.bind.rpt 
Execute           list_part -family xc7z020-clg484-1 
Execute             ap_family_info -name xc7z020-clg484-1 -data names 
Execute             ap_part_info -quiet -name xc7z020-clg484-1 -data family 
Execute         db_write -o /home/bcs7944/poseidon-fpga/poseidon_hls/solution1/.autopilot/db/poseidon_top_Pipeline_VITIS_LOOP_42_1.bind.adb -f 
INFO-FLOW: Finish binding poseidon_top_Pipeline_VITIS_LOOP_42_1.
INFO: [HLS 200-10] ----------------------------------------------------------------
INFO: [HLS 200-42] -- Implementing module 'sbox_quintic' 
INFO: [HLS 200-10] ----------------------------------------------------------------
Execute         set_default_model sbox_quintic 
Execute         schedule -model sbox_quintic 
INFO: [SCHED 204-11] Starting scheduling ...
INFO: [SCHED 204-11] Finished scheduling.
INFO: [HLS 200-111] Finished Scheduling: CPU user time: 0.08 seconds. CPU system time: 0.01 seconds. Elapsed time: 0.13 seconds; current allocated memory: 348.129 MB.
Execute         syn_report -verbosereport -o /home/bcs7944/poseidon-fpga/poseidon_hls/solution1/.autopilot/db/sbox_quintic.verbose.sched.rpt 
Execute           list_part -family xc7z020-clg484-1 
Execute             ap_family_info -name xc7z020-clg484-1 -data names 
Execute             ap_part_info -quiet -name xc7z020-clg484-1 -data family 
Execute         db_write -o /home/bcs7944/poseidon-fpga/poseidon_hls/solution1/.autopilot/db/sbox_quintic.sched.adb -f 
INFO-FLOW: Finish scheduling sbox_quintic.
Execute         set_default_model sbox_quintic 
Execute         bind -model sbox_quintic 
INFO: [BIND 205-100] Starting micro-architecture generation ...
INFO: [BIND 205-101] Performing variable lifetime analysis.
INFO: [BIND 205-101] Exploring resource sharing.
INFO: [BIND 205-101] Binding ...
INFO: [BIND 205-100] Finished micro-architecture generation.
Command         bind done; 1.1 sec.
INFO: [HLS 200-111] Finished Binding: CPU user time: 1.17 seconds. CPU system time: 0.02 seconds. Elapsed time: 1.22 seconds; current allocated memory: 362.117 MB.
Execute         syn_report -verbosereport -o /home/bcs7944/poseidon-fpga/poseidon_hls/solution1/.autopilot/db/sbox_quintic.verbose.bind.rpt 
Execute           list_part -family xc7z020-clg484-1 
Execute             ap_family_info -name xc7z020-clg484-1 -data names 
Execute             ap_part_info -quiet -name xc7z020-clg484-1 -data family 
Execute         db_write -o /home/bcs7944/poseidon-fpga/poseidon_hls/solution1/.autopilot/db/sbox_quintic.bind.adb -f 
INFO-FLOW: Finish binding sbox_quintic.
INFO: [HLS 200-10] ----------------------------------------------------------------
INFO: [HLS 200-42] -- Implementing module 'poseidon_top_Pipeline_mds_row' 
INFO: [HLS 200-10] ----------------------------------------------------------------
Execute         set_default_model poseidon_top_Pipeline_mds_row 
Execute         schedule -model poseidon_top_Pipeline_mds_row 
INFO: [SCHED 204-11] Starting scheduling ...
INFO: [SCHED 204-61] Pipelining loop 'mds_row'.
WARNING: [HLS 200-885] The II Violation in module 'poseidon_top_Pipeline_mds_row' (loop 'mds_row'): Unable to schedule bus request operation ('gmem_load_25_req', poseidon.cpp:78) on port 'gmem' (poseidon.cpp:78) due to limited memory ports (II = 1). Please consider using a memory core with more ports or partitioning the array.
WARNING: [HLS 200-885] The II Violation in module 'poseidon_top_Pipeline_mds_row' (loop 'mds_row'): Unable to schedule bus request operation ('gmem_load_26_req', poseidon.cpp:78) on port 'gmem' (poseidon.cpp:78) due to limited memory ports (II = 2). Please consider using a memory core with more ports or partitioning the array.
WARNING: [HLS 200-885] The II Violation in module 'poseidon_top_Pipeline_mds_row' (loop 'mds_row'): Unable to schedule bus request operation ('gmem_load_27_req', poseidon.cpp:78) on port 'gmem' (poseidon.cpp:78) due to limited memory ports (II = 3). Please consider using a memory core with more ports or partitioning the array.
WARNING: [HLS 200-885] The II Violation in module 'poseidon_top_Pipeline_mds_row' (loop 'mds_row'): Unable to schedule bus request operation ('gmem_load_28_req', poseidon.cpp:78) on port 'gmem' (poseidon.cpp:78) due to limited memory ports (II = 4). Please consider using a memory core with more ports or partitioning the array.
WARNING: [HLS 200-885] The II Violation in module 'poseidon_top_Pipeline_mds_row' (loop 'mds_row'): Unable to schedule bus request operation ('gmem_load_43_req', poseidon.cpp:78) on port 'gmem' (poseidon.cpp:78) due to limited memory ports (II = 19). Please consider using a memory core with more ports or partitioning the array.
WARNING: [HLS 200-885] The II Violation in module 'poseidon_top_Pipeline_mds_row' (loop 'mds_row'): Unable to schedule bus request operation ('gmem_load_47_req', poseidon.cpp:78) on port 'gmem' (poseidon.cpp:78) due to limited memory ports (II = 23). Please consider using a memory core with more ports or partitioning the array.
INFO: [HLS 200-1470] Pipelining result : Target II = 1, Final II = 24, Depth = 601, loop 'mds_row'
INFO: [SCHED 204-11] Finished scheduling.
Command         schedule done; 2.4 sec.
INFO: [HLS 200-111] Finished Scheduling: CPU user time: 2.44 seconds. CPU system time: 0.02 seconds. Elapsed time: 2.52 seconds; current allocated memory: 391.738 MB.
Execute         syn_report -verbosereport -o /home/bcs7944/poseidon-fpga/poseidon_hls/solution1/.autopilot/db/poseidon_top_Pipeline_mds_row.verbose.sched.rpt 
Execute           list_part -family xc7z020-clg484-1 
Execute             ap_family_info -name xc7z020-clg484-1 -data names 
Execute             ap_part_info -quiet -name xc7z020-clg484-1 -data family 
Command         syn_report done; 0.32 sec.
Execute         db_write -o /home/bcs7944/poseidon-fpga/poseidon_hls/solution1/.autopilot/db/poseidon_top_Pipeline_mds_row.sched.adb -f 
Command         db_write done; 0.19 sec.
INFO-FLOW: Finish scheduling poseidon_top_Pipeline_mds_row.
Execute         set_default_model poseidon_top_Pipeline_mds_row 
Execute         bind -model poseidon_top_Pipeline_mds_row 
INFO: [BIND 205-100] Starting micro-architecture generation ...
INFO: [BIND 205-101] Performing variable lifetime analysis.
INFO: [BIND 205-101] Exploring resource sharing.
INFO: [BIND 205-101] Binding ...
INFO: [BIND 205-100] Finished micro-architecture generation.
Command         bind done; 1.11 sec.
INFO: [HLS 200-111] Finished Binding: CPU user time: 1.51 seconds. CPU system time: 0.02 seconds. Elapsed time: 1.62 seconds; current allocated memory: 406.273 MB.
Execute         syn_report -verbosereport -o /home/bcs7944/poseidon-fpga/poseidon_hls/solution1/.autopilot/db/poseidon_top_Pipeline_mds_row.verbose.bind.rpt 
Execute           list_part -family xc7z020-clg484-1 
Execute             ap_family_info -name xc7z020-clg484-1 -data names 
Execute             ap_part_info -quiet -name xc7z020-clg484-1 -data family 
Command         syn_report done; 0.29 sec.
Execute         db_write -o /home/bcs7944/poseidon-fpga/poseidon_hls/solution1/.autopilot/db/poseidon_top_Pipeline_mds_row.bind.adb -f 
Command         db_write done; 0.26 sec.
INFO-FLOW: Finish binding poseidon_top_Pipeline_mds_row.
INFO: [HLS 200-10] ----------------------------------------------------------------
INFO: [HLS 200-42] -- Implementing module 'poseidon_top_Pipeline_VITIS_LOOP_92_3' 
INFO: [HLS 200-10] ----------------------------------------------------------------
Execute         set_default_model poseidon_top_Pipeline_VITIS_LOOP_92_3 
Execute         schedule -model poseidon_top_Pipeline_VITIS_LOOP_92_3 
INFO: [SCHED 204-11] Starting scheduling ...
INFO: [SCHED 204-61] Pipelining loop 'VITIS_LOOP_92_3'.
INFO: [HLS 200-1470] Pipelining result : Target II = 1, Final II = 1, Depth = 2, loop 'VITIS_LOOP_92_3'
INFO: [SCHED 204-11] Finished scheduling.
INFO: [HLS 200-111] Finished Scheduling: CPU user time: 0.45 seconds. CPU system time: 0.02 seconds. Elapsed time: 0.59 seconds; current allocated memory: 407.273 MB.
Execute         syn_report -verbosereport -o /home/bcs7944/poseidon-fpga/poseidon_hls/solution1/.autopilot/db/poseidon_top_Pipeline_VITIS_LOOP_92_3.verbose.sched.rpt 
Execute           list_part -family xc7z020-clg484-1 
Execute             ap_family_info -name xc7z020-clg484-1 -data names 
Execute             ap_part_info -quiet -name xc7z020-clg484-1 -data family 
Execute         db_write -o /home/bcs7944/poseidon-fpga/poseidon_hls/solution1/.autopilot/db/poseidon_top_Pipeline_VITIS_LOOP_92_3.sched.adb -f 
INFO-FLOW: Finish scheduling poseidon_top_Pipeline_VITIS_LOOP_92_3.
Execute         set_default_model poseidon_top_Pipeline_VITIS_LOOP_92_3 
Execute         bind -model poseidon_top_Pipeline_VITIS_LOOP_92_3 
INFO: [BIND 205-100] Starting micro-architecture generation ...
INFO: [BIND 205-101] Performing variable lifetime analysis.
INFO: [BIND 205-101] Exploring resource sharing.
INFO: [BIND 205-101] Binding ...
INFO: [BIND 205-100] Finished micro-architecture generation.
INFO: [HLS 200-111] Finished Binding: CPU user time: 0.03 seconds. CPU system time: 0 seconds. Elapsed time: 0.05 seconds; current allocated memory: 407.273 MB.
Execute         syn_report -verbosereport -o /home/bcs7944/poseidon-fpga/poseidon_hls/solution1/.autopilot/db/poseidon_top_Pipeline_VITIS_LOOP_92_3.verbose.bind.rpt 
Execute           list_part -family xc7z020-clg484-1 
Execute             ap_family_info -name xc7z020-clg484-1 -data names 
Execute             ap_part_info -quiet -name xc7z020-clg484-1 -data family 
Execute         db_write -o /home/bcs7944/poseidon-fpga/poseidon_hls/solution1/.autopilot/db/poseidon_top_Pipeline_VITIS_LOOP_92_3.bind.adb -f 
INFO-FLOW: Finish binding poseidon_top_Pipeline_VITIS_LOOP_92_3.
INFO: [HLS 200-10] ----------------------------------------------------------------
INFO: [HLS 200-42] -- Implementing module 'poseidon_top' 
INFO: [HLS 200-10] ----------------------------------------------------------------
Execute         set_default_model poseidon_top 
Execute         schedule -model poseidon_top 
INFO: [SCHED 204-11] Starting scheduling ...
INFO: [SCHED 204-11] Finished scheduling.
Command         schedule done; 0.17 sec.
INFO: [HLS 200-111] Finished Scheduling: CPU user time: 0.17 seconds. CPU system time: 0.01 seconds. Elapsed time: 0.2 seconds; current allocated memory: 412.727 MB.
Execute         syn_report -verbosereport -o /home/bcs7944/poseidon-fpga/poseidon_hls/solution1/.autopilot/db/poseidon_top.verbose.sched.rpt 
Execute           list_part -family xc7z020-clg484-1 
Execute             ap_family_info -name xc7z020-clg484-1 -data names 
Execute             ap_part_info -quiet -name xc7z020-clg484-1 -data family 
Execute         db_write -o /home/bcs7944/poseidon-fpga/poseidon_hls/solution1/.autopilot/db/poseidon_top.sched.adb -f 
INFO-FLOW: Finish scheduling poseidon_top.
Execute         set_default_model poseidon_top 
Execute         bind -model poseidon_top 
INFO: [BIND 205-100] Starting micro-architecture generation ...
INFO: [BIND 205-101] Performing variable lifetime analysis.
INFO: [BIND 205-101] Exploring resource sharing.
INFO: [BIND 205-101] Binding ...
INFO: [BIND 205-100] Finished micro-architecture generation.
INFO: [HLS 200-111] Finished Binding: CPU user time: 0.07 seconds. CPU system time: 0 seconds. Elapsed time: 0.11 seconds; current allocated memory: 412.727 MB.
Execute         syn_report -verbosereport -o /home/bcs7944/poseidon-fpga/poseidon_hls/solution1/.autopilot/db/poseidon_top.verbose.bind.rpt 
Execute           list_part -family xc7z020-clg484-1 
Execute             ap_family_info -name xc7z020-clg484-1 -data names 
Execute             ap_part_info -quiet -name xc7z020-clg484-1 -data family 
Execute         db_write -o /home/bcs7944/poseidon-fpga/poseidon_hls/solution1/.autopilot/db/poseidon_top.bind.adb -f 
INFO-FLOW: Finish binding poseidon_top.
Execute         get_model_list poseidon_top -filter all-wo-channel 
INFO-FLOW: Preprocessing for RTLGen ...
Execute         rtl_gen_preprocess poseidon_top_Pipeline_VITIS_LOOP_42_1 
Execute         rtl_gen_preprocess sbox_quintic 
Execute         rtl_gen_preprocess poseidon_top_Pipeline_mds_row 
Execute         rtl_gen_preprocess poseidon_top_Pipeline_VITIS_LOOP_92_3 
Execute         rtl_gen_preprocess poseidon_top 
INFO-FLOW: Model list for RTL generation: poseidon_top_Pipeline_VITIS_LOOP_42_1 sbox_quintic poseidon_top_Pipeline_mds_row poseidon_top_Pipeline_VITIS_LOOP_92_3 poseidon_top
INFO: [HLS 200-10] ----------------------------------------------------------------
INFO: [HLS 200-10] -- Generating RTL for module 'poseidon_top_Pipeline_VITIS_LOOP_42_1' 
INFO: [HLS 200-10] ----------------------------------------------------------------
Execute         create_rtl_model poseidon_top_Pipeline_VITIS_LOOP_42_1 -top_prefix poseidon_top_ -sub_prefix poseidon_top_ -mg_file /home/bcs7944/poseidon-fpga/poseidon_hls/solution1/.autopilot/db/poseidon_top_Pipeline_VITIS_LOOP_42_1.compgen.tcl 
INFO: [RTGEN 206-104] Estimated max fanout for 'poseidon_top_Pipeline_VITIS_LOOP_42_1' is 6149, found 2 HDL expressions with this fanout: (ap_loop_init == 1'b1), (1'b1 == ap_CS_fsm_state1)
INFO: [RTGEN 206-100] Finished creating RTL model for 'poseidon_top_Pipeline_VITIS_LOOP_42_1'.
INFO: [HLS 200-111] Finished Creating RTL model: CPU user time: 0.08 seconds. CPU system time: 0.01 seconds. Elapsed time: 0.13 seconds; current allocated memory: 412.727 MB.
Execute         source /home/bcs7944/poseidon-fpga/poseidon_hls/solution1/.autopilot/db/poseidon_top.rtl_wrap.cfg.tcl 
Execute         gen_rtl poseidon_top_Pipeline_VITIS_LOOP_42_1 -style xilinx -f -lang vhdl -o /home/bcs7944/poseidon-fpga/poseidon_hls/solution1/syn/vhdl/poseidon_top_poseidon_top_Pipeline_VITIS_LOOP_42_1 
Execute         gen_rtl poseidon_top_Pipeline_VITIS_LOOP_42_1 -style xilinx -f -lang vlog -o /home/bcs7944/poseidon-fpga/poseidon_hls/solution1/syn/verilog/poseidon_top_poseidon_top_Pipeline_VITIS_LOOP_42_1 
Execute         syn_report -csynth -model poseidon_top_Pipeline_VITIS_LOOP_42_1 -o /home/bcs7944/poseidon-fpga/poseidon_hls/solution1/syn/report/poseidon_top_Pipeline_VITIS_LOOP_42_1_csynth.rpt 
Execute           list_part -family xc7z020-clg484-1 
Execute             ap_family_info -name xc7z020-clg484-1 -data names 
Execute             ap_part_info -quiet -name xc7z020-clg484-1 -data family 
Execute         syn_report -rtlxml -model poseidon_top_Pipeline_VITIS_LOOP_42_1 -o /home/bcs7944/poseidon-fpga/poseidon_hls/solution1/syn/report/poseidon_top_Pipeline_VITIS_LOOP_42_1_csynth.xml 
Execute           list_part -family xc7z020-clg484-1 
Execute             ap_family_info -name xc7z020-clg484-1 -data names 
Execute             ap_part_info -quiet -name xc7z020-clg484-1 -data family 
Execute         syn_report -verbosereport -model poseidon_top_Pipeline_VITIS_LOOP_42_1 -o /home/bcs7944/poseidon-fpga/poseidon_hls/solution1/.autopilot/db/poseidon_top_Pipeline_VITIS_LOOP_42_1.verbose.rpt 
Execute           list_part -family xc7z020-clg484-1 
Execute             ap_family_info -name xc7z020-clg484-1 -data names 
Execute             ap_part_info -quiet -name xc7z020-clg484-1 -data family 
Execute         db_write -model poseidon_top_Pipeline_VITIS_LOOP_42_1 -f -o /home/bcs7944/poseidon-fpga/poseidon_hls/solution1/.autopilot/db/poseidon_top_Pipeline_VITIS_LOOP_42_1.adb 
Execute         db_write -model poseidon_top_Pipeline_VITIS_LOOP_42_1 -bindview -o /home/bcs7944/poseidon-fpga/poseidon_hls/solution1/.autopilot/db/design.bindinfo.xml 
Execute         gen_tb_info poseidon_top_Pipeline_VITIS_LOOP_42_1 -p /home/bcs7944/poseidon-fpga/poseidon_hls/solution1/.autopilot/db -o /home/bcs7944/poseidon-fpga/poseidon_hls/solution1/.autopilot/db/poseidon_top_Pipeline_VITIS_LOOP_42_1 
INFO: [HLS 200-10] ----------------------------------------------------------------
INFO: [HLS 200-10] -- Generating RTL for module 'sbox_quintic' 
INFO: [HLS 200-10] ----------------------------------------------------------------
Execute         create_rtl_model sbox_quintic -top_prefix poseidon_top_ -sub_prefix poseidon_top_ -mg_file /home/bcs7944/poseidon-fpga/poseidon_hls/solution1/.autopilot/db/sbox_quintic.compgen.tcl 
INFO: [RTGEN 206-100] Generating core module 'mul_256ns_256ns_511_5_1': 1 instance(s).
INFO: [RTGEN 206-100] Generating core module 'mul_256ns_256ns_512_5_1': 1 instance(s).
INFO: [RTGEN 206-100] Generating core module 'mul_510s_510s_510_5_1': 1 instance(s).
INFO: [RTGEN 206-100] Generating core module 'urem_510ns_256ns_510_514_seq_1': 1 instance(s).
INFO: [RTGEN 206-100] Generating core module 'urem_511ns_256ns_255_515_seq_1': 1 instance(s).
INFO: [RTGEN 206-100] Generating core module 'urem_512ns_256ns_510_516_seq_1': 1 instance(s).
INFO: [RTGEN 206-100] Finished creating RTL model for 'sbox_quintic'.
Command         create_rtl_model done; 0.39 sec.
INFO: [HLS 200-111] Finished Creating RTL model: CPU user time: 0.35 seconds. CPU system time: 0.03 seconds. Elapsed time: 0.5 seconds; current allocated memory: 434.137 MB.
Execute         source /home/bcs7944/poseidon-fpga/poseidon_hls/solution1/.autopilot/db/poseidon_top.rtl_wrap.cfg.tcl 
Execute         gen_rtl sbox_quintic -style xilinx -f -lang vhdl -o /home/bcs7944/poseidon-fpga/poseidon_hls/solution1/syn/vhdl/poseidon_top_sbox_quintic 
Command         gen_rtl done; 0.12 sec.
Execute         gen_rtl sbox_quintic -style xilinx -f -lang vlog -o /home/bcs7944/poseidon-fpga/poseidon_hls/solution1/syn/verilog/poseidon_top_sbox_quintic 
Execute         syn_report -csynth -model sbox_quintic -o /home/bcs7944/poseidon-fpga/poseidon_hls/solution1/syn/report/sbox_quintic_csynth.rpt 
Execute           list_part -family xc7z020-clg484-1 
Execute             ap_family_info -name xc7z020-clg484-1 -data names 
Execute             ap_part_info -quiet -name xc7z020-clg484-1 -data family 
Execute         syn_report -rtlxml -model sbox_quintic -o /home/bcs7944/poseidon-fpga/poseidon_hls/solution1/syn/report/sbox_quintic_csynth.xml 
Execute           list_part -family xc7z020-clg484-1 
Execute             ap_family_info -name xc7z020-clg484-1 -data names 
Execute             ap_part_info -quiet -name xc7z020-clg484-1 -data family 
Execute         syn_report -verbosereport -model sbox_quintic -o /home/bcs7944/poseidon-fpga/poseidon_hls/solution1/.autopilot/db/sbox_quintic.verbose.rpt 
Execute           list_part -family xc7z020-clg484-1 
Execute             ap_family_info -name xc7z020-clg484-1 -data names 
Execute             ap_part_info -quiet -name xc7z020-clg484-1 -data family 
Execute         db_write -model sbox_quintic -f -o /home/bcs7944/poseidon-fpga/poseidon_hls/solution1/.autopilot/db/sbox_quintic.adb 
Execute         db_write -model sbox_quintic -bindview -o /home/bcs7944/poseidon-fpga/poseidon_hls/solution1/.autopilot/db/design.bindinfo.xml 
Execute         gen_tb_info sbox_quintic -p /home/bcs7944/poseidon-fpga/poseidon_hls/solution1/.autopilot/db -o /home/bcs7944/poseidon-fpga/poseidon_hls/solution1/.autopilot/db/sbox_quintic 
INFO: [HLS 200-10] ----------------------------------------------------------------
INFO: [HLS 200-10] -- Generating RTL for module 'poseidon_top_Pipeline_mds_row' 
INFO: [HLS 200-10] ----------------------------------------------------------------
Execute         create_rtl_model poseidon_top_Pipeline_mds_row -top_prefix poseidon_top_ -sub_prefix poseidon_top_ -mg_file /home/bcs7944/poseidon-fpga/poseidon_hls/solution1/.autopilot/db/poseidon_top_Pipeline_mds_row.compgen.tcl 
INFO: [HLS 200-1030] Apply Unified Pipeline Control on module 'poseidon_top_Pipeline_mds_row' pipeline 'mds_row' pipeline type 'loop pipeline'
INFO: [RTGEN 206-104] Estimated max fanout for 'poseidon_top_Pipeline_mds_row' is 13912 from HDL expression: ((1'b0 == ap_block_pp0_stage0_11001) & (1'b1 == ap_CS_fsm_pp0_stage0))
INFO: [RTGEN 206-100] Generating core module 'add_255ns_255ns_255_2_1': 1 instance(s).
INFO: [RTGEN 206-100] Generating core module 'add_256ns_256ns_256_2_1': 23 instance(s).
INFO: [RTGEN 206-100] Generating core module 'add_256ns_256s_256_2_1': 23 instance(s).
INFO: [RTGEN 206-100] Generating core module 'icmp_255ns_255ns_1_2_1': 1 instance(s).
INFO: [RTGEN 206-100] Generating core module 'icmp_256ns_256ns_1_2_1': 23 instance(s).
INFO: [RTGEN 206-100] Generating core module 'mul_256ns_255ns_511_5_1': 1 instance(s).
INFO: [RTGEN 206-100] Generating core module 'mul_256ns_256ns_512_5_1': 1 instance(s).
INFO: [RTGEN 206-100] Generating core module 'urem_511ns_256ns_255_515_1': 1 instance(s).
INFO: [RTGEN 206-100] Generating core module 'urem_512ns_256ns_256_516_1': 23 instance(s).
INFO: [RTGEN 206-100] Finished creating RTL model for 'poseidon_top_Pipeline_mds_row'.
Command         create_rtl_model done; 0.6 sec.
INFO: [HLS 200-111] Finished Creating RTL model: CPU user time: 0.84 seconds. CPU system time: 0.02 seconds. Elapsed time: 1.04 seconds; current allocated memory: 453.727 MB.
Execute         source /home/bcs7944/poseidon-fpga/poseidon_hls/solution1/.autopilot/db/poseidon_top.rtl_wrap.cfg.tcl 
Execute         gen_rtl poseidon_top_Pipeline_mds_row -style xilinx -f -lang vhdl -o /home/bcs7944/poseidon-fpga/poseidon_hls/solution1/syn/vhdl/poseidon_top_poseidon_top_Pipeline_mds_row 
Execute         gen_rtl poseidon_top_Pipeline_mds_row -style xilinx -f -lang vlog -o /home/bcs7944/poseidon-fpga/poseidon_hls/solution1/syn/verilog/poseidon_top_poseidon_top_Pipeline_mds_row 
Execute         syn_report -csynth -model poseidon_top_Pipeline_mds_row -o /home/bcs7944/poseidon-fpga/poseidon_hls/solution1/syn/report/poseidon_top_Pipeline_mds_row_csynth.rpt 
Execute           list_part -family xc7z020-clg484-1 
Execute             ap_family_info -name xc7z020-clg484-1 -data names 
Execute             ap_part_info -quiet -name xc7z020-clg484-1 -data family 
Execute         syn_report -rtlxml -model poseidon_top_Pipeline_mds_row -o /home/bcs7944/poseidon-fpga/poseidon_hls/solution1/syn/report/poseidon_top_Pipeline_mds_row_csynth.xml 
Execute           list_part -family xc7z020-clg484-1 
Execute             ap_family_info -name xc7z020-clg484-1 -data names 
Execute             ap_part_info -quiet -name xc7z020-clg484-1 -data family 
Execute         syn_report -verbosereport -model poseidon_top_Pipeline_mds_row -o /home/bcs7944/poseidon-fpga/poseidon_hls/solution1/.autopilot/db/poseidon_top_Pipeline_mds_row.verbose.rpt 
Execute           list_part -family xc7z020-clg484-1 
Execute             ap_family_info -name xc7z020-clg484-1 -data names 
Execute             ap_part_info -quiet -name xc7z020-clg484-1 -data family 
Command         syn_report done; 0.29 sec.
Execute         db_write -model poseidon_top_Pipeline_mds_row -f -o /home/bcs7944/poseidon-fpga/poseidon_hls/solution1/.autopilot/db/poseidon_top_Pipeline_mds_row.adb 
Command         db_write done; 0.25 sec.
Execute         db_write -model poseidon_top_Pipeline_mds_row -bindview -o /home/bcs7944/poseidon-fpga/poseidon_hls/solution1/.autopilot/db/design.bindinfo.xml 
Execute         gen_tb_info poseidon_top_Pipeline_mds_row -p /home/bcs7944/poseidon-fpga/poseidon_hls/solution1/.autopilot/db -o /home/bcs7944/poseidon-fpga/poseidon_hls/solution1/.autopilot/db/poseidon_top_Pipeline_mds_row 
INFO: [HLS 200-10] ----------------------------------------------------------------
INFO: [HLS 200-10] -- Generating RTL for module 'poseidon_top_Pipeline_VITIS_LOOP_92_3' 
INFO: [HLS 200-10] ----------------------------------------------------------------
Execute         create_rtl_model poseidon_top_Pipeline_VITIS_LOOP_92_3 -top_prefix poseidon_top_ -sub_prefix poseidon_top_ -mg_file /home/bcs7944/poseidon-fpga/poseidon_hls/solution1/.autopilot/db/poseidon_top_Pipeline_VITIS_LOOP_92_3.compgen.tcl 
INFO: [HLS 200-1030] Apply Unified Pipeline Control on module 'poseidon_top_Pipeline_VITIS_LOOP_92_3' pipeline 'VITIS_LOOP_92_3' pipeline type 'loop pipeline'
INFO: [HLS 200-1553] Disabling free running pipeline (frp) architecture on pipeline 'VITIS_LOOP_92_3' in module 'poseidon_top_Pipeline_VITIS_LOOP_92_3', because the estimated Stream Port Number is 27, which is bigger than the frp_stream_port_number threshold of 20.
INFO: [RTGEN 206-100] Generating core module 'sparsemux_49_5_256_1_1': 1 instance(s).
INFO: [RTGEN 206-100] Finished creating RTL model for 'poseidon_top_Pipeline_VITIS_LOOP_92_3'.
INFO: [HLS 200-111] Finished Creating RTL model: CPU user time: 0.7 seconds. CPU system time: 0.04 seconds. Elapsed time: 0.93 seconds; current allocated memory: 483.766 MB.
Execute         source /home/bcs7944/poseidon-fpga/poseidon_hls/solution1/.autopilot/db/poseidon_top.rtl_wrap.cfg.tcl 
Execute         gen_rtl poseidon_top_Pipeline_VITIS_LOOP_92_3 -style xilinx -f -lang vhdl -o /home/bcs7944/poseidon-fpga/poseidon_hls/solution1/syn/vhdl/poseidon_top_poseidon_top_Pipeline_VITIS_LOOP_92_3 
Execute         gen_rtl poseidon_top_Pipeline_VITIS_LOOP_92_3 -style xilinx -f -lang vlog -o /home/bcs7944/poseidon-fpga/poseidon_hls/solution1/syn/verilog/poseidon_top_poseidon_top_Pipeline_VITIS_LOOP_92_3 
Execute         syn_report -csynth -model poseidon_top_Pipeline_VITIS_LOOP_92_3 -o /home/bcs7944/poseidon-fpga/poseidon_hls/solution1/syn/report/poseidon_top_Pipeline_VITIS_LOOP_92_3_csynth.rpt 
Execute           list_part -family xc7z020-clg484-1 
Execute             ap_family_info -name xc7z020-clg484-1 -data names 
Execute             ap_part_info -quiet -name xc7z020-clg484-1 -data family 
Execute         syn_report -rtlxml -model poseidon_top_Pipeline_VITIS_LOOP_92_3 -o /home/bcs7944/poseidon-fpga/poseidon_hls/solution1/syn/report/poseidon_top_Pipeline_VITIS_LOOP_92_3_csynth.xml 
Execute           list_part -family xc7z020-clg484-1 
Execute             ap_family_info -name xc7z020-clg484-1 -data names 
Execute             ap_part_info -quiet -name xc7z020-clg484-1 -data family 
Execute         syn_report -verbosereport -model poseidon_top_Pipeline_VITIS_LOOP_92_3 -o /home/bcs7944/poseidon-fpga/poseidon_hls/solution1/.autopilot/db/poseidon_top_Pipeline_VITIS_LOOP_92_3.verbose.rpt 
Execute           list_part -family xc7z020-clg484-1 
Execute             ap_family_info -name xc7z020-clg484-1 -data names 
Execute             ap_part_info -quiet -name xc7z020-clg484-1 -data family 
Execute         db_write -model poseidon_top_Pipeline_VITIS_LOOP_92_3 -f -o /home/bcs7944/poseidon-fpga/poseidon_hls/solution1/.autopilot/db/poseidon_top_Pipeline_VITIS_LOOP_92_3.adb 
Execute         db_write -model poseidon_top_Pipeline_VITIS_LOOP_92_3 -bindview -o /home/bcs7944/poseidon-fpga/poseidon_hls/solution1/.autopilot/db/design.bindinfo.xml 
Execute         gen_tb_info poseidon_top_Pipeline_VITIS_LOOP_92_3 -p /home/bcs7944/poseidon-fpga/poseidon_hls/solution1/.autopilot/db -o /home/bcs7944/poseidon-fpga/poseidon_hls/solution1/.autopilot/db/poseidon_top_Pipeline_VITIS_LOOP_92_3 
INFO: [HLS 200-10] ----------------------------------------------------------------
INFO: [HLS 200-10] -- Generating RTL for module 'poseidon_top' 
INFO: [HLS 200-10] ----------------------------------------------------------------
Execute         create_rtl_model poseidon_top -top_prefix  -sub_prefix poseidon_top_ -mg_file /home/bcs7944/poseidon-fpga/poseidon_hls/solution1/.autopilot/db/poseidon_top.compgen.tcl 
WARNING: [RTGEN 206-101] Design contains AXI ports. Reset is fixed to synchronous and active low.
INFO: [RTGEN 206-500] Setting interface mode on port 'poseidon_top/gmem' to 'm_axi'.
INFO: [RTGEN 206-500] Setting interface mode on port 'poseidon_top/in_stream' to 'axis' (register, both mode).
INFO: [RTGEN 206-500] Setting interface mode on port 'poseidon_top/out_stream' to 'axis' (register, both mode).
INFO: [RTGEN 206-500] Setting interface mode on port 'poseidon_top/round_constants' to 's_axilite & ap_none'.
INFO: [RTGEN 206-500] Setting interface mode on port 'poseidon_top/mds_matrix' to 's_axilite & ap_none'.
INFO: [RTGEN 206-500] Setting interface mode on function 'poseidon_top' to 's_axilite & ap_ctrl_hs'.
INFO: [RTGEN 206-100] Bundling port 'round_constants', 'mds_matrix' and 'return' to AXI-Lite port control.
INFO: [RTGEN 206-104] Estimated max fanout for 'poseidon_top' is 5888, found 2 HDL expressions with this fanout: ((or_ln62_reg_2918 == 1'd1) & (1'b1 == ap_CS_fsm_state42) & (1'b0 == ap_block_state42_on_subcall_done)), ((or_ln62_reg_2918 == 1'd0) & (1'b1 == ap_CS_fsm_state40))
INFO: [RTGEN 206-100] Generating core module 'add_256ns_256ns_256_2_1': 24 instance(s).
INFO: [RTGEN 206-100] Generating core module 'add_256ns_256s_256_2_1': 24 instance(s).
INFO: [RTGEN 206-100] Generating core module 'icmp_256ns_256ns_1_2_1': 24 instance(s).
INFO: [RTGEN 206-100] Finished creating RTL model for 'poseidon_top'.
Command         create_rtl_model done; 0.19 sec.
INFO: [HLS 200-111] Finished Creating RTL model: CPU user time: 0.16 seconds. CPU system time: 0.02 seconds. Elapsed time: 0.29 seconds; current allocated memory: 483.766 MB.
Execute         source /home/bcs7944/poseidon-fpga/poseidon_hls/solution1/.autopilot/db/poseidon_top.rtl_wrap.cfg.tcl 
Execute         gen_rtl poseidon_top -istop -style xilinx -f -lang vhdl -o /home/bcs7944/poseidon-fpga/poseidon_hls/solution1/syn/vhdl/poseidon_top 
Execute         gen_rtl poseidon_top -istop -style xilinx -f -lang vlog -o /home/bcs7944/poseidon-fpga/poseidon_hls/solution1/syn/verilog/poseidon_top 
Execute         syn_report -csynth -model poseidon_top -o /home/bcs7944/poseidon-fpga/poseidon_hls/solution1/syn/report/poseidon_top_csynth.rpt 
Execute           list_part -family xc7z020-clg484-1 
Execute             ap_family_info -name xc7z020-clg484-1 -data names 
Execute             ap_part_info -quiet -name xc7z020-clg484-1 -data family 
Execute         syn_report -rtlxml -model poseidon_top -o /home/bcs7944/poseidon-fpga/poseidon_hls/solution1/syn/report/poseidon_top_csynth.xml 
Execute           list_part -family xc7z020-clg484-1 
Execute             ap_family_info -name xc7z020-clg484-1 -data names 
Execute             ap_part_info -quiet -name xc7z020-clg484-1 -data family 
Execute         syn_report -verbosereport -model poseidon_top -o /home/bcs7944/poseidon-fpga/poseidon_hls/solution1/.autopilot/db/poseidon_top.verbose.rpt 
Execute           list_part -family xc7z020-clg484-1 
Execute             ap_family_info -name xc7z020-clg484-1 -data names 
Execute             ap_part_info -quiet -name xc7z020-clg484-1 -data family 
Execute         db_write -model poseidon_top -f -o /home/bcs7944/poseidon-fpga/poseidon_hls/solution1/.autopilot/db/poseidon_top.adb 
Execute         db_write -model poseidon_top -bindview -o /home/bcs7944/poseidon-fpga/poseidon_hls/solution1/.autopilot/db/design.bindinfo.xml 
Execute         gen_tb_info poseidon_top -p /home/bcs7944/poseidon-fpga/poseidon_hls/solution1/.autopilot/db -o /home/bcs7944/poseidon-fpga/poseidon_hls/solution1/.autopilot/db/poseidon_top 
Execute         export_constraint_db -f -tool general -o /home/bcs7944/poseidon-fpga/poseidon_hls/solution1/.autopilot/db/poseidon_top.constraint.tcl 
Execute         syn_report -designview -model poseidon_top -o /home/bcs7944/poseidon-fpga/poseidon_hls/solution1/.autopilot/db/poseidon_top.design.xml 
Execute         syn_report -csynthDesign -model poseidon_top -o /home/bcs7944/poseidon-fpga/poseidon_hls/solution1/syn/report/csynth.rpt -MHOut /home/bcs7944/poseidon-fpga/poseidon_hls/solution1/.autopilot/db/kernel_module_hierarchy.tcl 
Execute           list_part -family xc7z020-clg484-1 
Execute             ap_family_info -name xc7z020-clg484-1 -data names 
Execute             ap_part_info -quiet -name xc7z020-clg484-1 -data family 
Execute         syn_report -wcfg -model poseidon_top -o /home/bcs7944/poseidon-fpga/poseidon_hls/solution1/.autopilot/db/poseidon_top_dataflow_ana.wcfg 
Execute         syn_report -protoinst -model poseidon_top -o /home/bcs7944/poseidon-fpga/poseidon_hls/solution1/.autopilot/db/poseidon_top.protoinst 
Execute         sc_get_clocks poseidon_top 
Execute         sc_get_portdomain poseidon_top 
INFO-FLOW: Model list for RTL component generation: poseidon_top_Pipeline_VITIS_LOOP_42_1 sbox_quintic poseidon_top_Pipeline_mds_row poseidon_top_Pipeline_VITIS_LOOP_92_3 poseidon_top
INFO-FLOW: Handling components in module [poseidon_top_Pipeline_VITIS_LOOP_42_1] ... 
Execute         source /home/bcs7944/poseidon-fpga/poseidon_hls/solution1/.autopilot/db/poseidon_top_Pipeline_VITIS_LOOP_42_1.compgen.tcl 
INFO-FLOW: Found component poseidon_top_flow_control_loop_pipe_sequential_init.
INFO-FLOW: Append model poseidon_top_flow_control_loop_pipe_sequential_init
INFO-FLOW: Handling components in module [sbox_quintic] ... 
Execute         source /home/bcs7944/poseidon-fpga/poseidon_hls/solution1/.autopilot/db/sbox_quintic.compgen.tcl 
INFO-FLOW: Found component poseidon_top_mul_256ns_256ns_511_5_1.
INFO-FLOW: Append model poseidon_top_mul_256ns_256ns_511_5_1
INFO-FLOW: Found component poseidon_top_mul_256ns_256ns_512_5_1.
INFO-FLOW: Append model poseidon_top_mul_256ns_256ns_512_5_1
INFO-FLOW: Found component poseidon_top_mul_510s_510s_510_5_1.
INFO-FLOW: Append model poseidon_top_mul_510s_510s_510_5_1
INFO-FLOW: Found component poseidon_top_urem_512ns_256ns_510_516_seq_1.
INFO-FLOW: Append model poseidon_top_urem_512ns_256ns_510_516_seq_1
INFO-FLOW: Found component poseidon_top_urem_510ns_256ns_510_514_seq_1.
INFO-FLOW: Append model poseidon_top_urem_510ns_256ns_510_514_seq_1
INFO-FLOW: Found component poseidon_top_urem_511ns_256ns_255_515_seq_1.
INFO-FLOW: Append model poseidon_top_urem_511ns_256ns_255_515_seq_1
INFO-FLOW: Handling components in module [poseidon_top_Pipeline_mds_row] ... 
Execute         source /home/bcs7944/poseidon-fpga/poseidon_hls/solution1/.autopilot/db/poseidon_top_Pipeline_mds_row.compgen.tcl 
INFO-FLOW: Found component poseidon_top_mul_256ns_255ns_511_5_1.
INFO-FLOW: Append model poseidon_top_mul_256ns_255ns_511_5_1
INFO-FLOW: Found component poseidon_top_urem_511ns_256ns_255_515_1.
INFO-FLOW: Append model poseidon_top_urem_511ns_256ns_255_515_1
INFO-FLOW: Found component poseidon_top_urem_512ns_256ns_256_516_1.
INFO-FLOW: Append model poseidon_top_urem_512ns_256ns_256_516_1
INFO-FLOW: Found component poseidon_top_icmp_255ns_255ns_1_2_1.
INFO-FLOW: Append model poseidon_top_icmp_255ns_255ns_1_2_1
INFO-FLOW: Found component poseidon_top_icmp_255ns_255ns_1_2_1_sub.
INFO-FLOW: Append model poseidon_top_icmp_255ns_255ns_1_2_1_sub
INFO-FLOW: Found component poseidon_top_add_255ns_255ns_255_2_1.
INFO-FLOW: Append model poseidon_top_add_255ns_255ns_255_2_1
INFO-FLOW: Found component poseidon_top_add_256ns_256ns_256_2_1.
INFO-FLOW: Append model poseidon_top_add_256ns_256ns_256_2_1
INFO-FLOW: Found component poseidon_top_icmp_256ns_256ns_1_2_1.
INFO-FLOW: Append model poseidon_top_icmp_256ns_256ns_1_2_1
INFO-FLOW: Found component poseidon_top_icmp_256ns_256ns_1_2_1_sub.
INFO-FLOW: Append model poseidon_top_icmp_256ns_256ns_1_2_1_sub
INFO-FLOW: Found component poseidon_top_add_256ns_256s_256_2_1.
INFO-FLOW: Append model poseidon_top_add_256ns_256s_256_2_1
INFO-FLOW: Found component poseidon_top_flow_control_loop_pipe_sequential_init.
INFO-FLOW: Append model poseidon_top_flow_control_loop_pipe_sequential_init
INFO-FLOW: Handling components in module [poseidon_top_Pipeline_VITIS_LOOP_92_3] ... 
Execute         source /home/bcs7944/poseidon-fpga/poseidon_hls/solution1/.autopilot/db/poseidon_top_Pipeline_VITIS_LOOP_92_3.compgen.tcl 
INFO-FLOW: Found component poseidon_top_sparsemux_49_5_256_1_1.
INFO-FLOW: Append model poseidon_top_sparsemux_49_5_256_1_1
INFO-FLOW: Found component poseidon_top_flow_control_loop_pipe_sequential_init.
INFO-FLOW: Append model poseidon_top_flow_control_loop_pipe_sequential_init
INFO-FLOW: Handling components in module [poseidon_top] ... 
Execute         source /home/bcs7944/poseidon-fpga/poseidon_hls/solution1/.autopilot/db/poseidon_top.compgen.tcl 
INFO-FLOW: Found component poseidon_top_gmem_m_axi.
INFO-FLOW: Append model poseidon_top_gmem_m_axi
INFO-FLOW: Found component poseidon_top_control_s_axi.
INFO-FLOW: Append model poseidon_top_control_s_axi
INFO-FLOW: Found component poseidon_top_regslice_both.
INFO-FLOW: Append model poseidon_top_regslice_both
INFO-FLOW: Found component poseidon_top_regslice_both.
INFO-FLOW: Append model poseidon_top_regslice_both
INFO-FLOW: Append model poseidon_top_Pipeline_VITIS_LOOP_42_1
INFO-FLOW: Append model sbox_quintic
INFO-FLOW: Append model poseidon_top_Pipeline_mds_row
INFO-FLOW: Append model poseidon_top_Pipeline_VITIS_LOOP_92_3
INFO-FLOW: Append model poseidon_top
INFO-FLOW: Generating RTL model list ...
INFO-FLOW: All models in this session: poseidon_top_flow_control_loop_pipe_sequential_init poseidon_top_mul_256ns_256ns_511_5_1 poseidon_top_mul_256ns_256ns_512_5_1 poseidon_top_mul_510s_510s_510_5_1 poseidon_top_urem_512ns_256ns_510_516_seq_1 poseidon_top_urem_510ns_256ns_510_514_seq_1 poseidon_top_urem_511ns_256ns_255_515_seq_1 poseidon_top_mul_256ns_255ns_511_5_1 poseidon_top_urem_511ns_256ns_255_515_1 poseidon_top_urem_512ns_256ns_256_516_1 poseidon_top_icmp_255ns_255ns_1_2_1 poseidon_top_icmp_255ns_255ns_1_2_1_sub poseidon_top_add_255ns_255ns_255_2_1 poseidon_top_add_256ns_256ns_256_2_1 poseidon_top_icmp_256ns_256ns_1_2_1 poseidon_top_icmp_256ns_256ns_1_2_1_sub poseidon_top_add_256ns_256s_256_2_1 poseidon_top_flow_control_loop_pipe_sequential_init poseidon_top_sparsemux_49_5_256_1_1 poseidon_top_flow_control_loop_pipe_sequential_init poseidon_top_gmem_m_axi poseidon_top_control_s_axi poseidon_top_regslice_both poseidon_top_regslice_both poseidon_top_Pipeline_VITIS_LOOP_42_1 sbox_quintic poseidon_top_Pipeline_mds_row poseidon_top_Pipeline_VITIS_LOOP_92_3 poseidon_top
INFO-FLOW: Generating /home/bcs7944/poseidon-fpga/poseidon_hls/solution1/.autopilot/db/autopilot.rtl.models.txt file...
INFO-FLOW: To file: write model poseidon_top_flow_control_loop_pipe_sequential_init
INFO-FLOW: To file: write model poseidon_top_mul_256ns_256ns_511_5_1
INFO-FLOW: To file: write model poseidon_top_mul_256ns_256ns_512_5_1
INFO-FLOW: To file: write model poseidon_top_mul_510s_510s_510_5_1
INFO-FLOW: To file: write model poseidon_top_urem_512ns_256ns_510_516_seq_1
INFO-FLOW: To file: write model poseidon_top_urem_510ns_256ns_510_514_seq_1
INFO-FLOW: To file: write model poseidon_top_urem_511ns_256ns_255_515_seq_1
INFO-FLOW: To file: write model poseidon_top_mul_256ns_255ns_511_5_1
INFO-FLOW: To file: write model poseidon_top_urem_511ns_256ns_255_515_1
INFO-FLOW: To file: write model poseidon_top_urem_512ns_256ns_256_516_1
INFO-FLOW: To file: write model poseidon_top_icmp_255ns_255ns_1_2_1
INFO-FLOW: To file: write model poseidon_top_icmp_255ns_255ns_1_2_1_sub
INFO-FLOW: To file: write model poseidon_top_add_255ns_255ns_255_2_1
INFO-FLOW: To file: write model poseidon_top_add_256ns_256ns_256_2_1
INFO-FLOW: To file: write model poseidon_top_icmp_256ns_256ns_1_2_1
INFO-FLOW: To file: write model poseidon_top_icmp_256ns_256ns_1_2_1_sub
INFO-FLOW: To file: write model poseidon_top_add_256ns_256s_256_2_1
INFO-FLOW: To file: write model poseidon_top_flow_control_loop_pipe_sequential_init
INFO-FLOW: To file: write model poseidon_top_sparsemux_49_5_256_1_1
INFO-FLOW: To file: write model poseidon_top_flow_control_loop_pipe_sequential_init
INFO-FLOW: To file: write model poseidon_top_gmem_m_axi
INFO-FLOW: To file: write model poseidon_top_control_s_axi
INFO-FLOW: To file: write model poseidon_top_regslice_both
INFO-FLOW: To file: write model poseidon_top_regslice_both
INFO-FLOW: To file: write model poseidon_top_Pipeline_VITIS_LOOP_42_1
INFO-FLOW: To file: write model sbox_quintic
INFO-FLOW: To file: write model poseidon_top_Pipeline_mds_row
INFO-FLOW: To file: write model poseidon_top_Pipeline_VITIS_LOOP_92_3
INFO-FLOW: To file: write model poseidon_top
INFO-FLOW: Generating /home/bcs7944/poseidon-fpga/poseidon_hls/solution1/.autopilot/db/autopilot.rtl.models.tcl file...
INFO-FLOW: Finished generating RTL model list.


INFO-FLOW: RTL Generation done.
INFO-FLOW: CAS Generation done.
INFO-FLOW: CBC Generation done.
INFO-FLOW: DBG:PROC: ::AESL_AUTOMG::auto_generate_csynth_design
INFO-FLOW: DBG:PUTS: read_platform_lib /home/bcs7944/poseidon-fpga/poseidon_hls/solution1/.autopilot/db/global.setting.tcl
Execute         source /eda/xilinx/Vitis_HLS/2023.2/common/technology/generic/autopilot/common.gen 
Execute           source /eda/xilinx/Vitis_HLS/2023.2/common/technology/generic/autopilot/APCoreGen.gen 
Execute         source /eda/xilinx/Vitis_HLS/2023.2/common/technology/generic/autopilot/op.gen 
Execute         source /eda/xilinx/Vitis_HLS/2023.2/common/technology/generic/autopilot/op_simcore.gen 
Execute         source /eda/xilinx/Vitis_HLS/2023.2/common/technology/generic/autopilot/interface.gen 
Execute         source /home/bcs7944/poseidon-fpga/poseidon_hls/solution1/.autopilot/db/global.setting.tcl 
Execute         source /eda/xilinx/Vitis_HLS/2023.2/common/technology/xilinx/common/xilinx.gen 
Execute           source /eda/xilinx/Vitis_HLS/2023.2/common/technology/xilinx/interface/plb46.gen 
Execute           source /eda/xilinx/Vitis_HLS/2023.2/common/technology/xilinx/interface/axi4.gen 
Execute           source /eda/xilinx/Vitis_HLS/2023.2/common/technology/xilinx/interface/nativeAXI4.gen 
Execute             source /eda/xilinx/Vitis_HLS/2023.2/common/technology/xilinx/interface/saxilite.gen 
Execute           source /eda/xilinx/Vitis_HLS/2023.2/common/technology/xilinx/scripts/xilinxcoregen.gen 
Execute           source /eda/xilinx/Vitis_HLS/2023.2/common/technology/xilinx/interface/XilEDKCoreGen.gen 
Execute           source /eda/xilinx/Vitis_HLS/2023.2/common/technology/xilinx/ip/dds_compiler.gen 
Execute           source /eda/xilinx/Vitis_HLS/2023.2/common/technology/xilinx/ip/util.gen 
Execute           source /eda/xilinx/Vitis_HLS/2023.2/common/technology/xilinx/ip/xfft.gen 
Execute           source /eda/xilinx/Vitis_HLS/2023.2/common/technology/xilinx/ip/xfir.gen 
Execute           source /eda/xilinx/Vitis_HLS/2023.2/common/technology/xilinx/DSP48/dsp48.gen 
INFO-FLOW: DBG:PUTS:   using AESL_AUTOCG::g_clock_period=10.000 (was NA)
INFO-FLOW: DBG:PROC: ::AESL_AUTOMG::generate_ip_cores gen_sim_model='1' gen_fp_models='0' gen_for_export='0' dstSCDir='' dstVhdlDir='/home/bcs7944/poseidon-fpga/poseidon_hls/solution1/.autopilot/db/vhdl' dstVlogDir='/home/bcs7944/poseidon-fpga/poseidon_hls/solution1/.autopilot/db/vlog' tclDir='/home/bcs7944/poseidon-fpga/poseidon_hls/solution1/.autopilot/db' modelList='poseidon_top_flow_control_loop_pipe_sequential_init
poseidon_top_mul_256ns_256ns_511_5_1
poseidon_top_mul_256ns_256ns_512_5_1
poseidon_top_mul_510s_510s_510_5_1
poseidon_top_urem_512ns_256ns_510_516_seq_1
poseidon_top_urem_510ns_256ns_510_514_seq_1
poseidon_top_urem_511ns_256ns_255_515_seq_1
poseidon_top_mul_256ns_255ns_511_5_1
poseidon_top_urem_511ns_256ns_255_515_1
poseidon_top_urem_512ns_256ns_256_516_1
poseidon_top_icmp_255ns_255ns_1_2_1
poseidon_top_icmp_255ns_255ns_1_2_1_sub
poseidon_top_add_255ns_255ns_255_2_1
poseidon_top_add_256ns_256ns_256_2_1
poseidon_top_icmp_256ns_256ns_1_2_1
poseidon_top_icmp_256ns_256ns_1_2_1_sub
poseidon_top_add_256ns_256s_256_2_1
poseidon_top_flow_control_loop_pipe_sequential_init
poseidon_top_sparsemux_49_5_256_1_1
poseidon_top_flow_control_loop_pipe_sequential_init
poseidon_top_gmem_m_axi
poseidon_top_control_s_axi
poseidon_top_regslice_both
poseidon_top_regslice_both
poseidon_top_Pipeline_VITIS_LOOP_42_1
sbox_quintic
poseidon_top_Pipeline_mds_row
poseidon_top_Pipeline_VITIS_LOOP_92_3
poseidon_top
' expOnly='0'
Execute         source /home/bcs7944/poseidon-fpga/poseidon_hls/solution1/.autopilot/db/global.setting.tcl 
Execute         ap_part_info -name xc7z020-clg484-1 -data names -quiet 
Execute         ap_part_info -name xc7z020-clg484-1 -data info -quiet 
Execute         source /home/bcs7944/poseidon-fpga/poseidon_hls/solution1/.autopilot/db/global.setting.tcl 
Execute         source /home/bcs7944/poseidon-fpga/poseidon_hls/solution1/.autopilot/db/global.setting.tcl 
Execute         source /home/bcs7944/poseidon-fpga/poseidon_hls/solution1/.autopilot/db/poseidon_top_Pipeline_VITIS_LOOP_42_1.compgen.tcl 
Execute         source /home/bcs7944/poseidon-fpga/poseidon_hls/solution1/.autopilot/db/sbox_quintic.compgen.tcl 
Execute         source /home/bcs7944/poseidon-fpga/poseidon_hls/solution1/.autopilot/db/poseidon_top_Pipeline_mds_row.compgen.tcl 
Execute         source /home/bcs7944/poseidon-fpga/poseidon_hls/solution1/.autopilot/db/poseidon_top_Pipeline_VITIS_LOOP_92_3.compgen.tcl 
Execute         source /home/bcs7944/poseidon-fpga/poseidon_hls/solution1/.autopilot/db/poseidon_top.compgen.tcl 
Execute           source ./control.slave.tcl 
INFO: [HLS 200-111] Finished Generating all RTL models: CPU user time: 0.42 seconds. CPU system time: 0.11 seconds. Elapsed time: 1.2 seconds; current allocated memory: 493.375 MB.
INFO-FLOW: DBG:PROC: ::HLSREPORTS::create_csynth_xml bind_info_var='bind_info' RtlSubPrefix='poseidon_top_' outfile=''
INFO-FLOW: Running: create_csynth_xml read xml data
INFO-FLOW: Done: create_csynth_xml read xml data time: 0 seconds per iteration
INFO-FLOW: Running: create_csynth_xml bind info
INFO-FLOW: Done: create_csynth_xml bind info time: 0 seconds per iteration
INFO-FLOW: Running: create_csynth_xml config info
INFO-FLOW: Done: create_csynth_xml config info time: 0.2 seconds per iteration
INFO-FLOW: Running: create_csynth_xml write xml
INFO-FLOW: Done: create_csynth_xml write xml time: 0 seconds per iteration
INFO-FLOW: DBG:PUTS:      create_csynth_xml wrote csynth_xml=/home/bcs7944/poseidon-fpga/poseidon_hls/solution1/syn/report/csynth.xml
INFO-FLOW: DBG:PROC: ::AP::DESIGN_DATA::generate_json generate_bd_files='0' generate_xo_files='0' modelList='poseidon_top_flow_control_loop_pipe_sequential_init
poseidon_top_mul_256ns_256ns_511_5_1
poseidon_top_mul_256ns_256ns_512_5_1
poseidon_top_mul_510s_510s_510_5_1
poseidon_top_urem_512ns_256ns_510_516_seq_1
poseidon_top_urem_510ns_256ns_510_514_seq_1
poseidon_top_urem_511ns_256ns_255_515_seq_1
poseidon_top_mul_256ns_255ns_511_5_1
poseidon_top_urem_511ns_256ns_255_515_1
poseidon_top_urem_512ns_256ns_256_516_1
poseidon_top_icmp_255ns_255ns_1_2_1
poseidon_top_icmp_255ns_255ns_1_2_1_sub
poseidon_top_add_255ns_255ns_255_2_1
poseidon_top_add_256ns_256ns_256_2_1
poseidon_top_icmp_256ns_256ns_1_2_1
poseidon_top_icmp_256ns_256ns_1_2_1_sub
poseidon_top_add_256ns_256s_256_2_1
poseidon_top_flow_control_loop_pipe_sequential_init
poseidon_top_sparsemux_49_5_256_1_1
poseidon_top_flow_control_loop_pipe_sequential_init
poseidon_top_gmem_m_axi
poseidon_top_control_s_axi
poseidon_top_regslice_both
poseidon_top_regslice_both
poseidon_top_Pipeline_VITIS_LOOP_42_1
sbox_quintic
poseidon_top_Pipeline_mds_row
poseidon_top_Pipeline_VITIS_LOOP_92_3
poseidon_top
' rtl_lang='both' bootstrap_tcl='false' outdir='' outfilename=''
Execute         source /home/bcs7944/poseidon-fpga/poseidon_hls/solution1/.autopilot/db/global.setting.tcl 
Execute         source /home/bcs7944/poseidon-fpga/poseidon_hls/solution1/.autopilot/db/global.setting.tcl 
Execute         source /home/bcs7944/poseidon-fpga/poseidon_hls/solution1/.autopilot/db/top-io-be.tcl 
Execute         source /home/bcs7944/poseidon-fpga/poseidon_hls/solution1/.autopilot/db/poseidon_top.tbgen.tcl 
Execute         source /home/bcs7944/poseidon-fpga/poseidon_hls/solution1/.autopilot/db/poseidon_top.compgen.dataonly.tcl 
Execute         source /home/bcs7944/poseidon-fpga/poseidon_hls/solution1/.autopilot/db/poseidon_top.compgen.dataonly.tcl 
Execute         source /home/bcs7944/poseidon-fpga/poseidon_hls/solution1/.autopilot/db/poseidon_top.rtl_wrap.cfg.tcl 
Execute         source /home/bcs7944/poseidon-fpga/poseidon_hls/solution1/.autopilot/db/poseidon_top.compgen.dataonly.tcl 
Execute         source /home/bcs7944/poseidon-fpga/poseidon_hls/solution1/.autopilot/db/poseidon_top_Pipeline_VITIS_LOOP_42_1.tbgen.tcl 
Execute         source /home/bcs7944/poseidon-fpga/poseidon_hls/solution1/.autopilot/db/sbox_quintic.tbgen.tcl 
Execute         source /home/bcs7944/poseidon-fpga/poseidon_hls/solution1/.autopilot/db/poseidon_top_Pipeline_mds_row.tbgen.tcl 
Execute         source /home/bcs7944/poseidon-fpga/poseidon_hls/solution1/.autopilot/db/poseidon_top_Pipeline_VITIS_LOOP_92_3.tbgen.tcl 
Execute         source /home/bcs7944/poseidon-fpga/poseidon_hls/solution1/.autopilot/db/poseidon_top.tbgen.tcl 
Execute         source /home/bcs7944/poseidon-fpga/poseidon_hls/solution1/.autopilot/db/global.setting.tcl 
Execute         ap_part_info -name xc7z020-clg484-1 -data names -quiet 
Execute         ap_part_info -name xc7z020-clg484-1 -data info -quiet 
Execute         source /home/bcs7944/poseidon-fpga/poseidon_hls/solution1/.autopilot/db/poseidon_top.constraint.tcl 
Execute         sc_get_clocks poseidon_top 
Execute         source /home/bcs7944/poseidon-fpga/poseidon_hls/solution1/.autopilot/db/global.setting.tcl 
INFO-FLOW: DBG:PROC: ::HLSREPORTS::add_csynth_report_sections bind_info_dict='adapter_nodes {{BINDTYPE adapter ID {} IMPL {} LATENCY {} OPTYPE {} PRAGMA {} RTLNAME control_s_axi_U SOURCE {} VARIABLE {} LOOP {} BUNDLEDNAME control DSP 0 BRAM 0 URAM 0 STORAGESUBTYPE s_axilite STORAGESIZE {} STORAGEUSAGE interface DISPNAME {bind_adapter }} {BINDTYPE adapter ID {} IMPL {} LATENCY {} OPTYPE {} PRAGMA {} RTLNAME gmem_m_axi_U SOURCE {} VARIABLE {} LOOP {} BUNDLEDNAME gmem DSP 0 BRAM 30 URAM 0 STORAGESUBTYPE m_axi STORAGESIZE {} STORAGEUSAGE interface DISPNAME {bind_adapter }}} report_dict {TOPINST poseidon_top MODULE2INSTS {poseidon_top poseidon_top poseidon_top_Pipeline_VITIS_LOOP_42_1 grp_poseidon_top_Pipeline_VITIS_LOOP_42_1_fu_784 poseidon_top_Pipeline_VITIS_LOOP_92_3 grp_poseidon_top_Pipeline_VITIS_LOOP_92_3_fu_814 sbox_quintic {grp_sbox_quintic_fu_844 grp_sbox_quintic_fu_849 grp_sbox_quintic_fu_854 grp_sbox_quintic_fu_859 grp_sbox_quintic_fu_864 grp_sbox_quintic_fu_869 grp_sbox_quintic_fu_874 grp_sbox_quintic_fu_879 grp_sbox_quintic_fu_884 grp_sbox_quintic_fu_889 grp_sbox_quintic_fu_894 grp_sbox_quintic_fu_899 grp_sbox_quintic_fu_904 grp_sbox_quintic_fu_909 grp_sbox_quintic_fu_914 grp_sbox_quintic_fu_919 grp_sbox_quintic_fu_924 grp_sbox_quintic_fu_929 grp_sbox_quintic_fu_934 grp_sbox_quintic_fu_939 grp_sbox_quintic_fu_944 grp_sbox_quintic_fu_949 grp_sbox_quintic_fu_954} poseidon_top_Pipeline_mds_row grp_poseidon_top_Pipeline_mds_row_fu_959} INST2MODULE {poseidon_top poseidon_top grp_poseidon_top_Pipeline_VITIS_LOOP_42_1_fu_784 poseidon_top_Pipeline_VITIS_LOOP_42_1 grp_poseidon_top_Pipeline_VITIS_LOOP_92_3_fu_814 poseidon_top_Pipeline_VITIS_LOOP_92_3 grp_sbox_quintic_fu_844 sbox_quintic grp_sbox_quintic_fu_849 sbox_quintic grp_sbox_quintic_fu_854 sbox_quintic grp_sbox_quintic_fu_859 sbox_quintic grp_sbox_quintic_fu_864 sbox_quintic grp_sbox_quintic_fu_869 sbox_quintic grp_sbox_quintic_fu_874 sbox_quintic grp_sbox_quintic_fu_879 sbox_quintic grp_sbox_quintic_fu_884 sbox_quintic grp_sbox_quintic_fu_889 sbox_quintic grp_sbox_quintic_fu_894 sbox_quintic grp_sbox_quintic_fu_899 sbox_quintic grp_sbox_quintic_fu_904 sbox_quintic grp_sbox_quintic_fu_909 sbox_quintic grp_sbox_quintic_fu_914 sbox_quintic grp_sbox_quintic_fu_919 sbox_quintic grp_sbox_quintic_fu_924 sbox_quintic grp_sbox_quintic_fu_929 sbox_quintic grp_sbox_quintic_fu_934 sbox_quintic grp_sbox_quintic_fu_939 sbox_quintic grp_sbox_quintic_fu_944 sbox_quintic grp_sbox_quintic_fu_949 sbox_quintic grp_sbox_quintic_fu_954 sbox_quintic grp_poseidon_top_Pipeline_mds_row_fu_959 poseidon_top_Pipeline_mds_row} INSTDATA {poseidon_top {DEPTH 1 CHILDREN {grp_poseidon_top_Pipeline_VITIS_LOOP_42_1_fu_784 grp_poseidon_top_Pipeline_VITIS_LOOP_92_3_fu_814 grp_sbox_quintic_fu_844 grp_sbox_quintic_fu_849 grp_sbox_quintic_fu_854 grp_sbox_quintic_fu_859 grp_sbox_quintic_fu_864 grp_sbox_quintic_fu_869 grp_sbox_quintic_fu_874 grp_sbox_quintic_fu_879 grp_sbox_quintic_fu_884 grp_sbox_quintic_fu_889 grp_sbox_quintic_fu_894 grp_sbox_quintic_fu_899 grp_sbox_quintic_fu_904 grp_sbox_quintic_fu_909 grp_sbox_quintic_fu_914 grp_sbox_quintic_fu_919 grp_sbox_quintic_fu_924 grp_sbox_quintic_fu_929 grp_sbox_quintic_fu_934 grp_sbox_quintic_fu_939 grp_sbox_quintic_fu_944 grp_sbox_quintic_fu_949 grp_sbox_quintic_fu_954 grp_poseidon_top_Pipeline_mds_row_fu_959}} grp_poseidon_top_Pipeline_VITIS_LOOP_42_1_fu_784 {DEPTH 2 CHILDREN {}} grp_poseidon_top_Pipeline_VITIS_LOOP_92_3_fu_814 {DEPTH 2 CHILDREN {}} grp_sbox_quintic_fu_844 {DEPTH 2 CHILDREN {}} grp_sbox_quintic_fu_849 {DEPTH 2 CHILDREN {}} grp_sbox_quintic_fu_854 {DEPTH 2 CHILDREN {}} grp_sbox_quintic_fu_859 {DEPTH 2 CHILDREN {}} grp_sbox_quintic_fu_864 {DEPTH 2 CHILDREN {}} grp_sbox_quintic_fu_869 {DEPTH 2 CHILDREN {}} grp_sbox_quintic_fu_874 {DEPTH 2 CHILDREN {}} grp_sbox_quintic_fu_879 {DEPTH 2 CHILDREN {}} grp_sbox_quintic_fu_884 {DEPTH 2 CHILDREN {}} grp_sbox_quintic_fu_889 {DEPTH 2 CHILDREN {}} grp_sbox_quintic_fu_894 {DEPTH 2 CHILDREN {}} grp_sbox_quintic_fu_899 {DEPTH 2 CHILDREN {}} grp_sbox_quintic_fu_904 {DEPTH 2 CHILDREN {}} grp_sbox_quintic_fu_909 {DEPTH 2 CHILDREN {}} grp_sbox_quintic_fu_914 {DEPTH 2 CHILDREN {}} grp_sbox_quintic_fu_919 {DEPTH 2 CHILDREN {}} grp_sbox_quintic_fu_924 {DEPTH 2 CHILDREN {}} grp_sbox_quintic_fu_929 {DEPTH 2 CHILDREN {}} grp_sbox_quintic_fu_934 {DEPTH 2 CHILDREN {}} grp_sbox_quintic_fu_939 {DEPTH 2 CHILDREN {}} grp_sbox_quintic_fu_944 {DEPTH 2 CHILDREN {}} grp_sbox_quintic_fu_949 {DEPTH 2 CHILDREN {}} grp_sbox_quintic_fu_954 {DEPTH 2 CHILDREN {}} grp_poseidon_top_Pipeline_mds_row_fu_959 {DEPTH 2 CHILDREN {}}} MODULEDATA {poseidon_top_Pipeline_VITIS_LOOP_42_1 {BINDINFO {{BINDTYPE op ID {} IMPL fabric LATENCY 0 OPTYPE add PRAGMA {} RTLNAME add_ln42_fu_294_p2 SOURCE poseidon.cpp:42 VARIABLE add_ln42 LOOP VITIS_LOOP_42_1 BUNDLEDNAME {} DSP 0 BRAM 0 URAM 0 STORAGESUBTYPE {} DISPNAME {bind_op add}}} AREA {DSP 0 BRAM 0 URAM 0}} sbox_quintic {BINDINFO {{BINDTYPE op ID {} IMPL auto LATENCY 4 OPTYPE mul PRAGMA {} RTLNAME mul_256ns_256ns_512_5_1_U27 SOURCE poseidon.cpp:15 VARIABLE mul LOOP {} BUNDLEDNAME {} DSP 225 BRAM 0 URAM 0 STORAGESUBTYPE {} DISPNAME {bind_op mul}} {BINDTYPE op ID {} IMPL auto LATENCY 4 OPTYPE mul PRAGMA {} RTLNAME mul_510s_510s_510_5_1_U28 SOURCE poseidon.cpp:15 VARIABLE mul_1 LOOP {} BUNDLEDNAME {} DSP 465 BRAM 0 URAM 0 STORAGESUBTYPE {} DISPNAME {bind_op mul}} {BINDTYPE op ID {} IMPL auto LATENCY 4 OPTYPE mul PRAGMA {} RTLNAME mul_256ns_256ns_511_5_1_U26 SOURCE poseidon.cpp:15 VARIABLE mul_2 LOOP {} BUNDLEDNAME {} DSP 225 BRAM 0 URAM 0 STORAGESUBTYPE {} DISPNAME {bind_op mul}}} AREA {DSP 915 BRAM 0 URAM 0}} poseidon_top_Pipeline_mds_row {BINDINFO {{BINDTYPE op ID {} IMPL fabric LATENCY 0 OPTYPE add PRAGMA {} RTLNAME add_ln73_fu_962_p2 SOURCE poseidon.cpp:73 VARIABLE add_ln73 LOOP mds_row BUNDLEDNAME {} DSP 0 BRAM 0 URAM 0 STORAGESUBTYPE {} DISPNAME {bind_op add}} {BINDTYPE op ID {} IMPL fabric LATENCY 0 OPTYPE sub PRAGMA {} RTLNAME sub_ln73_fu_992_p2 SOURCE poseidon.cpp:73 VARIABLE sub_ln73 LOOP mds_row BUNDLEDNAME {} DSP 0 BRAM 0 URAM 0 STORAGESUBTYPE {} DISPNAME {bind_op sub}} {BINDTYPE op ID {} IMPL fabric LATENCY 0 OPTYPE add PRAGMA {} RTLNAME add_ln78_fu_1002_p2 SOURCE poseidon.cpp:78 VARIABLE add_ln78 LOOP mds_row BUNDLEDNAME {} DSP 0 BRAM 0 URAM 0 STORAGESUBTYPE {} DISPNAME {bind_op add}} {BINDTYPE op ID {} IMPL fabric LATENCY 0 OPTYPE add PRAGMA {} RTLNAME add_ln78_1_fu_1027_p2 SOURCE poseidon.cpp:78 VARIABLE add_ln78_1 LOOP mds_row BUNDLEDNAME {} DSP 0 BRAM 0 URAM 0 STORAGESUBTYPE {} DISPNAME {bind_op add}} {BINDTYPE op ID {} IMPL fabric LATENCY 0 OPTYPE add PRAGMA {} RTLNAME add_ln78_2_fu_1055_p2 SOURCE poseidon.cpp:78 VARIABLE add_ln78_2 LOOP mds_row BUNDLEDNAME {} DSP 0 BRAM 0 URAM 0 STORAGESUBTYPE {} DISPNAME {bind_op add}} {BINDTYPE op ID {} IMPL fabric LATENCY 0 OPTYPE add PRAGMA {} RTLNAME add_ln78_3_fu_1079_p2 SOURCE poseidon.cpp:78 VARIABLE add_ln78_3 LOOP mds_row BUNDLEDNAME {} DSP 0 BRAM 0 URAM 0 STORAGESUBTYPE {} DISPNAME {bind_op add}} {BINDTYPE op ID {} IMPL fabric LATENCY 0 OPTYPE add PRAGMA {} RTLNAME add_ln78_4_fu_1103_p2 SOURCE poseidon.cpp:78 VARIABLE add_ln78_4 LOOP mds_row BUNDLEDNAME {} DSP 0 BRAM 0 URAM 0 STORAGESUBTYPE {} DISPNAME {bind_op add}} {BINDTYPE op ID {} IMPL fabric LATENCY 0 OPTYPE add PRAGMA {} RTLNAME add_ln78_5_fu_1127_p2 SOURCE poseidon.cpp:78 VARIABLE add_ln78_5 LOOP mds_row BUNDLEDNAME {} DSP 0 BRAM 0 URAM 0 STORAGESUBTYPE {} DISPNAME {bind_op add}} {BINDTYPE op ID {} IMPL fabric LATENCY 0 OPTYPE add PRAGMA {} RTLNAME add_ln78_6_fu_1151_p2 SOURCE poseidon.cpp:78 VARIABLE add_ln78_6 LOOP mds_row BUNDLEDNAME {} DSP 0 BRAM 0 URAM 0 STORAGESUBTYPE {} DISPNAME {bind_op add}} {BINDTYPE op ID {} IMPL fabric LATENCY 0 OPTYPE add PRAGMA {} RTLNAME add_ln78_7_fu_1175_p2 SOURCE poseidon.cpp:78 VARIABLE add_ln78_7 LOOP mds_row BUNDLEDNAME {} DSP 0 BRAM 0 URAM 0 STORAGESUBTYPE {} DISPNAME {bind_op add}} {BINDTYPE op ID {} IMPL auto LATENCY 4 OPTYPE mul PRAGMA {} RTLNAME mul_256ns_255ns_511_5_1_U39 SOURCE poseidon.cpp:15 VARIABLE mul LOOP mds_row BUNDLEDNAME {} DSP 225 BRAM 0 URAM 0 STORAGESUBTYPE {} DISPNAME {bind_op mul}} {BINDTYPE op ID {} IMPL fabric LATENCY 1 OPTYPE add PRAGMA {} RTLNAME add_255ns_255ns_255_2_1_U66 SOURCE poseidon.cpp:7 VARIABLE add_ln7 LOOP mds_row BUNDLEDNAME {} DSP 0 BRAM 0 URAM 0 STORAGESUBTYPE {} DISPNAME {bind_op add}} {BINDTYPE op ID {} IMPL auto LATENCY 4 OPTYPE mul PRAGMA {} RTLNAME mul_256ns_256ns_512_5_1_U40 SOURCE poseidon.cpp:15 VARIABLE mul_3 LOOP mds_row BUNDLEDNAME {} DSP 225 BRAM 0 URAM 0 STORAGESUBTYPE {} DISPNAME {bind_op mul}} {BINDTYPE op ID {} IMPL fabric LATENCY 1 OPTYPE add PRAGMA {} RTLNAME add_256ns_256ns_256_2_1_U67 SOURCE poseidon.cpp:6 VARIABLE add_ln6 LOOP mds_row BUNDLEDNAME {} DSP 0 BRAM 0 URAM 0 STORAGESUBTYPE {} DISPNAME {bind_op add}} {BINDTYPE op ID {} IMPL fabric LATENCY 1 OPTYPE add PRAGMA {} RTLNAME add_256ns_256s_256_2_1_U69 SOURCE poseidon.cpp:7 VARIABLE add_ln7_1 LOOP mds_row BUNDLEDNAME {} DSP 0 BRAM 0 URAM 0 STORAGESUBTYPE {} DISPNAME {bind_op add}} {BINDTYPE op ID {} IMPL auto LATENCY 4 OPTYPE mul PRAGMA {} RTLNAME mul_256ns_256ns_512_5_1_U40 SOURCE poseidon.cpp:15 VARIABLE mul_4 LOOP mds_row BUNDLEDNAME {} DSP 225 BRAM 0 URAM 0 STORAGESUBTYPE {} DISPNAME {bind_op mul}} {BINDTYPE op ID {} IMPL fabric LATENCY 1 OPTYPE add PRAGMA {} RTLNAME add_256ns_256ns_256_2_1_U70 SOURCE poseidon.cpp:6 VARIABLE add_ln6_1 LOOP mds_row BUNDLEDNAME {} DSP 0 BRAM 0 URAM 0 STORAGESUBTYPE {} DISPNAME {bind_op add}} {BINDTYPE op ID {} IMPL fabric LATENCY 1 OPTYPE add PRAGMA {} RTLNAME add_256ns_256s_256_2_1_U72 SOURCE poseidon.cpp:7 VARIABLE add_ln7_2 LOOP mds_row BUNDLEDNAME {} DSP 0 BRAM 0 URAM 0 STORAGESUBTYPE {} DISPNAME {bind_op add}} {BINDTYPE op ID {} IMPL auto LATENCY 4 OPTYPE mul PRAGMA {} RTLNAME mul_256ns_256ns_512_5_1_U40 SOURCE poseidon.cpp:15 VARIABLE mul_5 LOOP mds_row BUNDLEDNAME {} DSP 225 BRAM 0 URAM 0 STORAGESUBTYPE {} DISPNAME {bind_op mul}} {BINDTYPE op ID {} IMPL fabric LATENCY 1 OPTYPE add PRAGMA {} RTLNAME add_256ns_256ns_256_2_1_U73 SOURCE poseidon.cpp:6 VARIABLE add_ln6_2 LOOP mds_row BUNDLEDNAME {} DSP 0 BRAM 0 URAM 0 STORAGESUBTYPE {} DISPNAME {bind_op add}} {BINDTYPE op ID {} IMPL fabric LATENCY 1 OPTYPE add PRAGMA {} RTLNAME add_256ns_256s_256_2_1_U75 SOURCE poseidon.cpp:7 VARIABLE add_ln7_3 LOOP mds_row BUNDLEDNAME {} DSP 0 BRAM 0 URAM 0 STORAGESUBTYPE {} DISPNAME {bind_op add}} {BINDTYPE op ID {} IMPL auto LATENCY 4 OPTYPE mul PRAGMA {} RTLNAME mul_256ns_256ns_512_5_1_U40 SOURCE poseidon.cpp:15 VARIABLE mul_6 LOOP mds_row BUNDLEDNAME {} DSP 225 BRAM 0 URAM 0 STORAGESUBTYPE {} DISPNAME {bind_op mul}} {BINDTYPE op ID {} IMPL fabric LATENCY 1 OPTYPE add PRAGMA {} RTLNAME add_256ns_256ns_256_2_1_U76 SOURCE poseidon.cpp:6 VARIABLE add_ln6_3 LOOP mds_row BUNDLEDNAME {} DSP 0 BRAM 0 URAM 0 STORAGESUBTYPE {} DISPNAME {bind_op add}} {BINDTYPE op ID {} IMPL fabric LATENCY 1 OPTYPE add PRAGMA {} RTLNAME add_256ns_256s_256_2_1_U78 SOURCE poseidon.cpp:7 VARIABLE add_ln7_4 LOOP mds_row BUNDLEDNAME {} DSP 0 BRAM 0 URAM 0 STORAGESUBTYPE {} DISPNAME {bind_op add}} {BINDTYPE op ID {} IMPL auto LATENCY 4 OPTYPE mul PRAGMA {} RTLNAME mul_256ns_256ns_512_5_1_U40 SOURCE poseidon.cpp:15 VARIABLE mul_7 LOOP mds_row BUNDLEDNAME {} DSP 225 BRAM 0 URAM 0 STORAGESUBTYPE {} DISPNAME {bind_op mul}} {BINDTYPE op ID {} IMPL fabric LATENCY 1 OPTYPE add PRAGMA {} RTLNAME add_256ns_256ns_256_2_1_U79 SOURCE poseidon.cpp:6 VARIABLE add_ln6_4 LOOP mds_row BUNDLEDNAME {} DSP 0 BRAM 0 URAM 0 STORAGESUBTYPE {} DISPNAME {bind_op add}} {BINDTYPE op ID {} IMPL fabric LATENCY 1 OPTYPE add PRAGMA {} RTLNAME add_256ns_256s_256_2_1_U81 SOURCE poseidon.cpp:7 VARIABLE add_ln7_5 LOOP mds_row BUNDLEDNAME {} DSP 0 BRAM 0 URAM 0 STORAGESUBTYPE {} DISPNAME {bind_op add}} {BINDTYPE op ID {} IMPL auto LATENCY 4 OPTYPE mul PRAGMA {} RTLNAME mul_256ns_256ns_512_5_1_U40 SOURCE poseidon.cpp:15 VARIABLE mul_8 LOOP mds_row BUNDLEDNAME {} DSP 225 BRAM 0 URAM 0 STORAGESUBTYPE {} DISPNAME {bind_op mul}} {BINDTYPE op ID {} IMPL fabric LATENCY 1 OPTYPE add PRAGMA {} RTLNAME add_256ns_256ns_256_2_1_U82 SOURCE poseidon.cpp:6 VARIABLE add_ln6_5 LOOP mds_row BUNDLEDNAME {} DSP 0 BRAM 0 URAM 0 STORAGESUBTYPE {} DISPNAME {bind_op add}} {BINDTYPE op ID {} IMPL fabric LATENCY 1 OPTYPE add PRAGMA {} RTLNAME add_256ns_256s_256_2_1_U84 SOURCE poseidon.cpp:7 VARIABLE add_ln7_6 LOOP mds_row BUNDLEDNAME {} DSP 0 BRAM 0 URAM 0 STORAGESUBTYPE {} DISPNAME {bind_op add}} {BINDTYPE op ID {} IMPL auto LATENCY 4 OPTYPE mul PRAGMA {} RTLNAME mul_256ns_256ns_512_5_1_U40 SOURCE poseidon.cpp:15 VARIABLE mul_9 LOOP mds_row BUNDLEDNAME {} DSP 225 BRAM 0 URAM 0 STORAGESUBTYPE {} DISPNAME {bind_op mul}} {BINDTYPE op ID {} IMPL fabric LATENCY 1 OPTYPE add PRAGMA {} RTLNAME add_256ns_256ns_256_2_1_U85 SOURCE poseidon.cpp:6 VARIABLE add_ln6_6 LOOP mds_row BUNDLEDNAME {} DSP 0 BRAM 0 URAM 0 STORAGESUBTYPE {} DISPNAME {bind_op add}} {BINDTYPE op ID {} IMPL fabric LATENCY 1 OPTYPE add PRAGMA {} RTLNAME add_256ns_256s_256_2_1_U87 SOURCE poseidon.cpp:7 VARIABLE add_ln7_7 LOOP mds_row BUNDLEDNAME {} DSP 0 BRAM 0 URAM 0 STORAGESUBTYPE {} DISPNAME {bind_op add}} {BINDTYPE op ID {} IMPL auto LATENCY 4 OPTYPE mul PRAGMA {} RTLNAME mul_256ns_256ns_512_5_1_U40 SOURCE poseidon.cpp:15 VARIABLE mul_10 LOOP mds_row BUNDLEDNAME {} DSP 225 BRAM 0 URAM 0 STORAGESUBTYPE {} DISPNAME {bind_op mul}} {BINDTYPE op ID {} IMPL fabric LATENCY 1 OPTYPE add PRAGMA {} RTLNAME add_256ns_256ns_256_2_1_U88 SOURCE poseidon.cpp:6 VARIABLE add_ln6_7 LOOP mds_row BUNDLEDNAME {} DSP 0 BRAM 0 URAM 0 STORAGESUBTYPE {} DISPNAME {bind_op add}} {BINDTYPE op ID {} IMPL fabric LATENCY 1 OPTYPE add PRAGMA {} RTLNAME add_256ns_256s_256_2_1_U90 SOURCE poseidon.cpp:7 VARIABLE add_ln7_8 LOOP mds_row BUNDLEDNAME {} DSP 0 BRAM 0 URAM 0 STORAGESUBTYPE {} DISPNAME {bind_op add}} {BINDTYPE op ID {} IMPL auto LATENCY 4 OPTYPE mul PRAGMA {} RTLNAME mul_256ns_256ns_512_5_1_U40 SOURCE poseidon.cpp:15 VARIABLE mul_11 LOOP mds_row BUNDLEDNAME {} DSP 225 BRAM 0 URAM 0 STORAGESUBTYPE {} DISPNAME {bind_op mul}} {BINDTYPE op ID {} IMPL fabric LATENCY 1 OPTYPE add PRAGMA {} RTLNAME add_256ns_256ns_256_2_1_U91 SOURCE poseidon.cpp:6 VARIABLE add_ln6_8 LOOP mds_row BUNDLEDNAME {} DSP 0 BRAM 0 URAM 0 STORAGESUBTYPE {} DISPNAME {bind_op add}} {BINDTYPE op ID {} IMPL fabric LATENCY 1 OPTYPE add PRAGMA {} RTLNAME add_256ns_256s_256_2_1_U93 SOURCE poseidon.cpp:7 VARIABLE add_ln7_9 LOOP mds_row BUNDLEDNAME {} DSP 0 BRAM 0 URAM 0 STORAGESUBTYPE {} DISPNAME {bind_op add}} {BINDTYPE op ID {} IMPL auto LATENCY 4 OPTYPE mul PRAGMA {} RTLNAME mul_256ns_256ns_512_5_1_U40 SOURCE poseidon.cpp:15 VARIABLE mul_12 LOOP mds_row BUNDLEDNAME {} DSP 225 BRAM 0 URAM 0 STORAGESUBTYPE {} DISPNAME {bind_op mul}} {BINDTYPE op ID {} IMPL fabric LATENCY 1 OPTYPE add PRAGMA {} RTLNAME add_256ns_256ns_256_2_1_U94 SOURCE poseidon.cpp:6 VARIABLE add_ln6_9 LOOP mds_row BUNDLEDNAME {} DSP 0 BRAM 0 URAM 0 STORAGESUBTYPE {} DISPNAME {bind_op add}} {BINDTYPE op ID {} IMPL fabric LATENCY 1 OPTYPE add PRAGMA {} RTLNAME add_256ns_256s_256_2_1_U96 SOURCE poseidon.cpp:7 VARIABLE add_ln7_10 LOOP mds_row BUNDLEDNAME {} DSP 0 BRAM 0 URAM 0 STORAGESUBTYPE {} DISPNAME {bind_op add}} {BINDTYPE op ID {} IMPL auto LATENCY 4 OPTYPE mul PRAGMA {} RTLNAME mul_256ns_256ns_512_5_1_U40 SOURCE poseidon.cpp:15 VARIABLE mul_13 LOOP mds_row BUNDLEDNAME {} DSP 225 BRAM 0 URAM 0 STORAGESUBTYPE {} DISPNAME {bind_op mul}} {BINDTYPE op ID {} IMPL fabric LATENCY 1 OPTYPE add PRAGMA {} RTLNAME add_256ns_256ns_256_2_1_U97 SOURCE poseidon.cpp:6 VARIABLE add_ln6_10 LOOP mds_row BUNDLEDNAME {} DSP 0 BRAM 0 URAM 0 STORAGESUBTYPE {} DISPNAME {bind_op add}} {BINDTYPE op ID {} IMPL fabric LATENCY 1 OPTYPE add PRAGMA {} RTLNAME add_256ns_256s_256_2_1_U99 SOURCE poseidon.cpp:7 VARIABLE add_ln7_11 LOOP mds_row BUNDLEDNAME {} DSP 0 BRAM 0 URAM 0 STORAGESUBTYPE {} DISPNAME {bind_op add}} {BINDTYPE op ID {} IMPL auto LATENCY 4 OPTYPE mul PRAGMA {} RTLNAME mul_256ns_256ns_512_5_1_U40 SOURCE poseidon.cpp:15 VARIABLE mul_14 LOOP mds_row BUNDLEDNAME {} DSP 225 BRAM 0 URAM 0 STORAGESUBTYPE {} DISPNAME {bind_op mul}} {BINDTYPE op ID {} IMPL fabric LATENCY 1 OPTYPE add PRAGMA {} RTLNAME add_256ns_256ns_256_2_1_U100 SOURCE poseidon.cpp:6 VARIABLE add_ln6_11 LOOP mds_row BUNDLEDNAME {} DSP 0 BRAM 0 URAM 0 STORAGESUBTYPE {} DISPNAME {bind_op add}} {BINDTYPE op ID {} IMPL fabric LATENCY 1 OPTYPE add PRAGMA {} RTLNAME add_256ns_256s_256_2_1_U102 SOURCE poseidon.cpp:7 VARIABLE add_ln7_12 LOOP mds_row BUNDLEDNAME {} DSP 0 BRAM 0 URAM 0 STORAGESUBTYPE {} DISPNAME {bind_op add}} {BINDTYPE op ID {} IMPL auto LATENCY 4 OPTYPE mul PRAGMA {} RTLNAME mul_256ns_256ns_512_5_1_U40 SOURCE poseidon.cpp:15 VARIABLE mul_15 LOOP mds_row BUNDLEDNAME {} DSP 225 BRAM 0 URAM 0 STORAGESUBTYPE {} DISPNAME {bind_op mul}} {BINDTYPE op ID {} IMPL fabric LATENCY 1 OPTYPE add PRAGMA {} RTLNAME add_256ns_256ns_256_2_1_U103 SOURCE poseidon.cpp:6 VARIABLE add_ln6_12 LOOP mds_row BUNDLEDNAME {} DSP 0 BRAM 0 URAM 0 STORAGESUBTYPE {} DISPNAME {bind_op add}} {BINDTYPE op ID {} IMPL fabric LATENCY 1 OPTYPE add PRAGMA {} RTLNAME add_256ns_256s_256_2_1_U105 SOURCE poseidon.cpp:7 VARIABLE add_ln7_13 LOOP mds_row BUNDLEDNAME {} DSP 0 BRAM 0 URAM 0 STORAGESUBTYPE {} DISPNAME {bind_op add}} {BINDTYPE op ID {} IMPL auto LATENCY 4 OPTYPE mul PRAGMA {} RTLNAME mul_256ns_256ns_512_5_1_U40 SOURCE poseidon.cpp:15 VARIABLE mul_16 LOOP mds_row BUNDLEDNAME {} DSP 225 BRAM 0 URAM 0 STORAGESUBTYPE {} DISPNAME {bind_op mul}} {BINDTYPE op ID {} IMPL fabric LATENCY 1 OPTYPE add PRAGMA {} RTLNAME add_256ns_256ns_256_2_1_U106 SOURCE poseidon.cpp:6 VARIABLE add_ln6_13 LOOP mds_row BUNDLEDNAME {} DSP 0 BRAM 0 URAM 0 STORAGESUBTYPE {} DISPNAME {bind_op add}} {BINDTYPE op ID {} IMPL fabric LATENCY 1 OPTYPE add PRAGMA {} RTLNAME add_256ns_256s_256_2_1_U108 SOURCE poseidon.cpp:7 VARIABLE add_ln7_14 LOOP mds_row BUNDLEDNAME {} DSP 0 BRAM 0 URAM 0 STORAGESUBTYPE {} DISPNAME {bind_op add}} {BINDTYPE op ID {} IMPL auto LATENCY 4 OPTYPE mul PRAGMA {} RTLNAME mul_256ns_256ns_512_5_1_U40 SOURCE poseidon.cpp:15 VARIABLE mul_17 LOOP mds_row BUNDLEDNAME {} DSP 225 BRAM 0 URAM 0 STORAGESUBTYPE {} DISPNAME {bind_op mul}} {BINDTYPE op ID {} IMPL fabric LATENCY 1 OPTYPE add PRAGMA {} RTLNAME add_256ns_256ns_256_2_1_U109 SOURCE poseidon.cpp:6 VARIABLE add_ln6_14 LOOP mds_row BUNDLEDNAME {} DSP 0 BRAM 0 URAM 0 STORAGESUBTYPE {} DISPNAME {bind_op add}} {BINDTYPE op ID {} IMPL fabric LATENCY 1 OPTYPE add PRAGMA {} RTLNAME add_256ns_256s_256_2_1_U111 SOURCE poseidon.cpp:7 VARIABLE add_ln7_15 LOOP mds_row BUNDLEDNAME {} DSP 0 BRAM 0 URAM 0 STORAGESUBTYPE {} DISPNAME {bind_op add}} {BINDTYPE op ID {} IMPL auto LATENCY 4 OPTYPE mul PRAGMA {} RTLNAME mul_256ns_256ns_512_5_1_U40 SOURCE poseidon.cpp:15 VARIABLE mul_18 LOOP mds_row BUNDLEDNAME {} DSP 225 BRAM 0 URAM 0 STORAGESUBTYPE {} DISPNAME {bind_op mul}} {BINDTYPE op ID {} IMPL fabric LATENCY 1 OPTYPE add PRAGMA {} RTLNAME add_256ns_256ns_256_2_1_U112 SOURCE poseidon.cpp:6 VARIABLE add_ln6_15 LOOP mds_row BUNDLEDNAME {} DSP 0 BRAM 0 URAM 0 STORAGESUBTYPE {} DISPNAME {bind_op add}} {BINDTYPE op ID {} IMPL fabric LATENCY 1 OPTYPE add PRAGMA {} RTLNAME add_256ns_256s_256_2_1_U114 SOURCE poseidon.cpp:7 VARIABLE add_ln7_16 LOOP mds_row BUNDLEDNAME {} DSP 0 BRAM 0 URAM 0 STORAGESUBTYPE {} DISPNAME {bind_op add}} {BINDTYPE op ID {} IMPL auto LATENCY 4 OPTYPE mul PRAGMA {} RTLNAME mul_256ns_256ns_512_5_1_U40 SOURCE poseidon.cpp:15 VARIABLE mul_19 LOOP mds_row BUNDLEDNAME {} DSP 225 BRAM 0 URAM 0 STORAGESUBTYPE {} DISPNAME {bind_op mul}} {BINDTYPE op ID {} IMPL fabric LATENCY 1 OPTYPE add PRAGMA {} RTLNAME add_256ns_256ns_256_2_1_U115 SOURCE poseidon.cpp:6 VARIABLE add_ln6_16 LOOP mds_row BUNDLEDNAME {} DSP 0 BRAM 0 URAM 0 STORAGESUBTYPE {} DISPNAME {bind_op add}} {BINDTYPE op ID {} IMPL fabric LATENCY 1 OPTYPE add PRAGMA {} RTLNAME add_256ns_256s_256_2_1_U117 SOURCE poseidon.cpp:7 VARIABLE add_ln7_17 LOOP mds_row BUNDLEDNAME {} DSP 0 BRAM 0 URAM 0 STORAGESUBTYPE {} DISPNAME {bind_op add}} {BINDTYPE op ID {} IMPL auto LATENCY 4 OPTYPE mul PRAGMA {} RTLNAME mul_256ns_256ns_512_5_1_U40 SOURCE poseidon.cpp:15 VARIABLE mul_20 LOOP mds_row BUNDLEDNAME {} DSP 225 BRAM 0 URAM 0 STORAGESUBTYPE {} DISPNAME {bind_op mul}} {BINDTYPE op ID {} IMPL fabric LATENCY 1 OPTYPE add PRAGMA {} RTLNAME add_256ns_256ns_256_2_1_U118 SOURCE poseidon.cpp:6 VARIABLE add_ln6_17 LOOP mds_row BUNDLEDNAME {} DSP 0 BRAM 0 URAM 0 STORAGESUBTYPE {} DISPNAME {bind_op add}} {BINDTYPE op ID {} IMPL fabric LATENCY 1 OPTYPE add PRAGMA {} RTLNAME add_256ns_256s_256_2_1_U120 SOURCE poseidon.cpp:7 VARIABLE add_ln7_18 LOOP mds_row BUNDLEDNAME {} DSP 0 BRAM 0 URAM 0 STORAGESUBTYPE {} DISPNAME {bind_op add}} {BINDTYPE op ID {} IMPL auto LATENCY 4 OPTYPE mul PRAGMA {} RTLNAME mul_256ns_256ns_512_5_1_U40 SOURCE poseidon.cpp:15 VARIABLE mul_21 LOOP mds_row BUNDLEDNAME {} DSP 225 BRAM 0 URAM 0 STORAGESUBTYPE {} DISPNAME {bind_op mul}} {BINDTYPE op ID {} IMPL fabric LATENCY 1 OPTYPE add PRAGMA {} RTLNAME add_256ns_256ns_256_2_1_U121 SOURCE poseidon.cpp:6 VARIABLE add_ln6_18 LOOP mds_row BUNDLEDNAME {} DSP 0 BRAM 0 URAM 0 STORAGESUBTYPE {} DISPNAME {bind_op add}} {BINDTYPE op ID {} IMPL fabric LATENCY 1 OPTYPE add PRAGMA {} RTLNAME add_256ns_256s_256_2_1_U123 SOURCE poseidon.cpp:7 VARIABLE add_ln7_19 LOOP mds_row BUNDLEDNAME {} DSP 0 BRAM 0 URAM 0 STORAGESUBTYPE {} DISPNAME {bind_op add}} {BINDTYPE op ID {} IMPL auto LATENCY 4 OPTYPE mul PRAGMA {} RTLNAME mul_256ns_256ns_512_5_1_U40 SOURCE poseidon.cpp:15 VARIABLE mul_22 LOOP mds_row BUNDLEDNAME {} DSP 225 BRAM 0 URAM 0 STORAGESUBTYPE {} DISPNAME {bind_op mul}} {BINDTYPE op ID {} IMPL fabric LATENCY 1 OPTYPE add PRAGMA {} RTLNAME add_256ns_256ns_256_2_1_U124 SOURCE poseidon.cpp:6 VARIABLE add_ln6_19 LOOP mds_row BUNDLEDNAME {} DSP 0 BRAM 0 URAM 0 STORAGESUBTYPE {} DISPNAME {bind_op add}} {BINDTYPE op ID {} IMPL fabric LATENCY 1 OPTYPE add PRAGMA {} RTLNAME add_256ns_256s_256_2_1_U126 SOURCE poseidon.cpp:7 VARIABLE add_ln7_20 LOOP mds_row BUNDLEDNAME {} DSP 0 BRAM 0 URAM 0 STORAGESUBTYPE {} DISPNAME {bind_op add}} {BINDTYPE op ID {} IMPL auto LATENCY 4 OPTYPE mul PRAGMA {} RTLNAME mul_256ns_256ns_512_5_1_U40 SOURCE poseidon.cpp:15 VARIABLE mul_23 LOOP mds_row BUNDLEDNAME {} DSP 225 BRAM 0 URAM 0 STORAGESUBTYPE {} DISPNAME {bind_op mul}} {BINDTYPE op ID {} IMPL fabric LATENCY 1 OPTYPE add PRAGMA {} RTLNAME add_256ns_256ns_256_2_1_U127 SOURCE poseidon.cpp:6 VARIABLE add_ln6_20 LOOP mds_row BUNDLEDNAME {} DSP 0 BRAM 0 URAM 0 STORAGESUBTYPE {} DISPNAME {bind_op add}} {BINDTYPE op ID {} IMPL fabric LATENCY 1 OPTYPE add PRAGMA {} RTLNAME add_256ns_256s_256_2_1_U129 SOURCE poseidon.cpp:7 VARIABLE add_ln7_21 LOOP mds_row BUNDLEDNAME {} DSP 0 BRAM 0 URAM 0 STORAGESUBTYPE {} DISPNAME {bind_op add}} {BINDTYPE op ID {} IMPL auto LATENCY 4 OPTYPE mul PRAGMA {} RTLNAME mul_256ns_256ns_512_5_1_U40 SOURCE poseidon.cpp:15 VARIABLE mul_24 LOOP mds_row BUNDLEDNAME {} DSP 225 BRAM 0 URAM 0 STORAGESUBTYPE {} DISPNAME {bind_op mul}} {BINDTYPE op ID {} IMPL fabric LATENCY 1 OPTYPE add PRAGMA {} RTLNAME add_256ns_256ns_256_2_1_U130 SOURCE poseidon.cpp:6 VARIABLE add_ln6_21 LOOP mds_row BUNDLEDNAME {} DSP 0 BRAM 0 URAM 0 STORAGESUBTYPE {} DISPNAME {bind_op add}} {BINDTYPE op ID {} IMPL fabric LATENCY 1 OPTYPE add PRAGMA {} RTLNAME add_256ns_256s_256_2_1_U132 SOURCE poseidon.cpp:7 VARIABLE add_ln7_22 LOOP mds_row BUNDLEDNAME {} DSP 0 BRAM 0 URAM 0 STORAGESUBTYPE {} DISPNAME {bind_op add}} {BINDTYPE op ID {} IMPL auto LATENCY 4 OPTYPE mul PRAGMA {} RTLNAME mul_256ns_256ns_512_5_1_U40 SOURCE poseidon.cpp:15 VARIABLE mul_25 LOOP mds_row BUNDLEDNAME {} DSP 225 BRAM 0 URAM 0 STORAGESUBTYPE {} DISPNAME {bind_op mul}} {BINDTYPE op ID {} IMPL fabric LATENCY 1 OPTYPE add PRAGMA {} RTLNAME add_256ns_256ns_256_2_1_U133 SOURCE poseidon.cpp:6 VARIABLE add_ln6_22 LOOP mds_row BUNDLEDNAME {} DSP 0 BRAM 0 URAM 0 STORAGESUBTYPE {} DISPNAME {bind_op add}} {BINDTYPE op ID {} IMPL fabric LATENCY 1 OPTYPE add PRAGMA {} RTLNAME add_256ns_256s_256_2_1_U135 SOURCE poseidon.cpp:7 VARIABLE add_ln7_23 LOOP mds_row BUNDLEDNAME {} DSP 0 BRAM 0 URAM 0 STORAGESUBTYPE {} DISPNAME {bind_op add}}} AREA {DSP 450 BRAM 0 URAM 0}} poseidon_top_Pipeline_VITIS_LOOP_92_3 {BINDINFO {{BINDTYPE op ID {} IMPL fabric LATENCY 0 OPTYPE add PRAGMA {} RTLNAME add_ln92_fu_305_p2 SOURCE poseidon.cpp:92 VARIABLE add_ln92 LOOP VITIS_LOOP_92_3 BUNDLEDNAME {} DSP 0 BRAM 0 URAM 0 STORAGESUBTYPE {} DISPNAME {bind_op add}}} AREA {DSP 0 BRAM 0 URAM 0}} poseidon_top {BINDINFO {{BINDTYPE op ID {} IMPL fabric LATENCY 0 OPTYPE add PRAGMA {} RTLNAME add_ln55_8_fu_1286_p2 SOURCE poseidon.cpp:55 VARIABLE add_ln55_8 LOOP {} BUNDLEDNAME {} DSP 0 BRAM 0 URAM 0 STORAGESUBTYPE {} DISPNAME {bind_op add}} {BINDTYPE op ID {} IMPL fabric LATENCY 0 OPTYPE add PRAGMA {} RTLNAME add_ln55_10_fu_1292_p2 SOURCE poseidon.cpp:55 VARIABLE add_ln55_10 LOOP {} BUNDLEDNAME {} DSP 0 BRAM 0 URAM 0 STORAGESUBTYPE {} DISPNAME {bind_op add}} {BINDTYPE op ID {} IMPL fabric LATENCY 0 OPTYPE add PRAGMA {} RTLNAME add_ln55_12_fu_1298_p2 SOURCE poseidon.cpp:55 VARIABLE add_ln55_12 LOOP {} BUNDLEDNAME {} DSP 0 BRAM 0 URAM 0 STORAGESUBTYPE {} DISPNAME {bind_op add}} {BINDTYPE op ID {} IMPL fabric LATENCY 0 OPTYPE add PRAGMA {} RTLNAME add_ln55_14_fu_1304_p2 SOURCE poseidon.cpp:55 VARIABLE add_ln55_14 LOOP {} BUNDLEDNAME {} DSP 0 BRAM 0 URAM 0 STORAGESUBTYPE {} DISPNAME {bind_op add}} {BINDTYPE op ID {} IMPL fabric LATENCY 0 OPTYPE add PRAGMA {} RTLNAME add_ln55_16_fu_1310_p2 SOURCE poseidon.cpp:55 VARIABLE add_ln55_16 LOOP {} BUNDLEDNAME {} DSP 0 BRAM 0 URAM 0 STORAGESUBTYPE {} DISPNAME {bind_op add}} {BINDTYPE op ID {} IMPL fabric LATENCY 0 OPTYPE add PRAGMA {} RTLNAME add_ln55_18_fu_1316_p2 SOURCE poseidon.cpp:55 VARIABLE add_ln55_18 LOOP {} BUNDLEDNAME {} DSP 0 BRAM 0 URAM 0 STORAGESUBTYPE {} DISPNAME {bind_op add}} {BINDTYPE op ID {} IMPL fabric LATENCY 0 OPTYPE add PRAGMA {} RTLNAME add_ln55_20_fu_1322_p2 SOURCE poseidon.cpp:55 VARIABLE add_ln55_20 LOOP {} BUNDLEDNAME {} DSP 0 BRAM 0 URAM 0 STORAGESUBTYPE {} DISPNAME {bind_op add}} {BINDTYPE op ID {} IMPL fabric LATENCY 0 OPTYPE add PRAGMA {} RTLNAME add_ln55_22_fu_1328_p2 SOURCE poseidon.cpp:55 VARIABLE add_ln55_22 LOOP {} BUNDLEDNAME {} DSP 0 BRAM 0 URAM 0 STORAGESUBTYPE {} DISPNAME {bind_op add}} {BINDTYPE op ID {} IMPL fabric LATENCY 0 OPTYPE add PRAGMA {} RTLNAME add_ln55_24_fu_1334_p2 SOURCE poseidon.cpp:55 VARIABLE add_ln55_24 LOOP {} BUNDLEDNAME {} DSP 0 BRAM 0 URAM 0 STORAGESUBTYPE {} DISPNAME {bind_op add}} {BINDTYPE op ID {} IMPL fabric LATENCY 0 OPTYPE add PRAGMA {} RTLNAME add_ln55_26_fu_1340_p2 SOURCE poseidon.cpp:55 VARIABLE add_ln55_26 LOOP {} BUNDLEDNAME {} DSP 0 BRAM 0 URAM 0 STORAGESUBTYPE {} DISPNAME {bind_op add}} {BINDTYPE op ID {} IMPL fabric LATENCY 0 OPTYPE add PRAGMA {} RTLNAME add_ln55_28_fu_1346_p2 SOURCE poseidon.cpp:55 VARIABLE add_ln55_28 LOOP {} BUNDLEDNAME {} DSP 0 BRAM 0 URAM 0 STORAGESUBTYPE {} DISPNAME {bind_op add}} {BINDTYPE op ID {} IMPL fabric LATENCY 0 OPTYPE add PRAGMA {} RTLNAME add_ln55_30_fu_1352_p2 SOURCE poseidon.cpp:55 VARIABLE add_ln55_30 LOOP {} BUNDLEDNAME {} DSP 0 BRAM 0 URAM 0 STORAGESUBTYPE {} DISPNAME {bind_op add}} {BINDTYPE op ID {} IMPL fabric LATENCY 0 OPTYPE add PRAGMA {} RTLNAME add_ln55_32_fu_1358_p2 SOURCE poseidon.cpp:55 VARIABLE add_ln55_32 LOOP {} BUNDLEDNAME {} DSP 0 BRAM 0 URAM 0 STORAGESUBTYPE {} DISPNAME {bind_op add}} {BINDTYPE op ID {} IMPL fabric LATENCY 0 OPTYPE add PRAGMA {} RTLNAME add_ln55_34_fu_1364_p2 SOURCE poseidon.cpp:55 VARIABLE add_ln55_34 LOOP {} BUNDLEDNAME {} DSP 0 BRAM 0 URAM 0 STORAGESUBTYPE {} DISPNAME {bind_op add}} {BINDTYPE op ID {} IMPL fabric LATENCY 0 OPTYPE add PRAGMA {} RTLNAME add_ln55_36_fu_1370_p2 SOURCE poseidon.cpp:55 VARIABLE add_ln55_36 LOOP {} BUNDLEDNAME {} DSP 0 BRAM 0 URAM 0 STORAGESUBTYPE {} DISPNAME {bind_op add}} {BINDTYPE op ID {} IMPL fabric LATENCY 0 OPTYPE add PRAGMA {} RTLNAME add_ln55_38_fu_1376_p2 SOURCE poseidon.cpp:55 VARIABLE add_ln55_38 LOOP {} BUNDLEDNAME {} DSP 0 BRAM 0 URAM 0 STORAGESUBTYPE {} DISPNAME {bind_op add}} {BINDTYPE op ID {} IMPL fabric LATENCY 0 OPTYPE add PRAGMA {} RTLNAME r_2_fu_1391_p2 SOURCE poseidon.cpp:50 VARIABLE r_2 LOOP permutation_loop BUNDLEDNAME {} DSP 0 BRAM 0 URAM 0 STORAGESUBTYPE {} DISPNAME {bind_op add}} {BINDTYPE op ID {} IMPL fabric LATENCY 0 OPTYPE add PRAGMA {} RTLNAME add_ln55_fu_1404_p2 SOURCE poseidon.cpp:55 VARIABLE add_ln55 LOOP permutation_loop BUNDLEDNAME {} DSP 0 BRAM 0 URAM 0 STORAGESUBTYPE {} DISPNAME {bind_op add}} {BINDTYPE op ID {} IMPL fabric LATENCY 0 OPTYPE add PRAGMA {} RTLNAME add_ln55_1_fu_1538_p2 SOURCE poseidon.cpp:55 VARIABLE add_ln55_1 LOOP permutation_loop BUNDLEDNAME {} DSP 0 BRAM 0 URAM 0 STORAGESUBTYPE {} DISPNAME {bind_op add}} {BINDTYPE op ID {} IMPL fabric LATENCY 0 OPTYPE add PRAGMA {} RTLNAME add_ln55_2_fu_1562_p2 SOURCE poseidon.cpp:55 VARIABLE add_ln55_2 LOOP permutation_loop BUNDLEDNAME {} DSP 0 BRAM 0 URAM 0 STORAGESUBTYPE {} DISPNAME {bind_op add}} {BINDTYPE op ID {} IMPL fabric LATENCY 0 OPTYPE add PRAGMA {} RTLNAME add_ln55_3_fu_1586_p2 SOURCE poseidon.cpp:55 VARIABLE add_ln55_3 LOOP permutation_loop BUNDLEDNAME {} DSP 0 BRAM 0 URAM 0 STORAGESUBTYPE {} DISPNAME {bind_op add}} {BINDTYPE op ID {} IMPL fabric LATENCY 0 OPTYPE add PRAGMA {} RTLNAME add_ln55_4_fu_1610_p2 SOURCE poseidon.cpp:55 VARIABLE add_ln55_4 LOOP permutation_loop BUNDLEDNAME {} DSP 0 BRAM 0 URAM 0 STORAGESUBTYPE {} DISPNAME {bind_op add}} {BINDTYPE op ID {} IMPL fabric LATENCY 0 OPTYPE add PRAGMA {} RTLNAME add_ln55_5_fu_1634_p2 SOURCE poseidon.cpp:55 VARIABLE add_ln55_5 LOOP permutation_loop BUNDLEDNAME {} DSP 0 BRAM 0 URAM 0 STORAGESUBTYPE {} DISPNAME {bind_op add}} {BINDTYPE op ID {} IMPL fabric LATENCY 0 OPTYPE add PRAGMA {} RTLNAME add_ln55_6_fu_1658_p2 SOURCE poseidon.cpp:55 VARIABLE add_ln55_6 LOOP permutation_loop BUNDLEDNAME {} DSP 0 BRAM 0 URAM 0 STORAGESUBTYPE {} DISPNAME {bind_op add}} {BINDTYPE op ID {} IMPL fabric LATENCY 0 OPTYPE add PRAGMA {} RTLNAME add_ln55_7_fu_1682_p2 SOURCE poseidon.cpp:55 VARIABLE add_ln55_7 LOOP permutation_loop BUNDLEDNAME {} DSP 0 BRAM 0 URAM 0 STORAGESUBTYPE {} DISPNAME {bind_op add}} {BINDTYPE op ID {} IMPL fabric LATENCY 0 OPTYPE add PRAGMA {} RTLNAME add_ln55_9_fu_1409_p2 SOURCE poseidon.cpp:55 VARIABLE add_ln55_9 LOOP permutation_loop BUNDLEDNAME {} DSP 0 BRAM 0 URAM 0 STORAGESUBTYPE {} DISPNAME {bind_op add}} {BINDTYPE op ID {} IMPL fabric LATENCY 0 OPTYPE add PRAGMA {} RTLNAME add_ln55_11_fu_1414_p2 SOURCE poseidon.cpp:55 VARIABLE add_ln55_11 LOOP permutation_loop BUNDLEDNAME {} DSP 0 BRAM 0 URAM 0 STORAGESUBTYPE {} DISPNAME {bind_op add}} {BINDTYPE op ID {} IMPL fabric LATENCY 0 OPTYPE add PRAGMA {} RTLNAME add_ln55_13_fu_1419_p2 SOURCE poseidon.cpp:55 VARIABLE add_ln55_13 LOOP permutation_loop BUNDLEDNAME {} DSP 0 BRAM 0 URAM 0 STORAGESUBTYPE {} DISPNAME {bind_op add}} {BINDTYPE op ID {} IMPL fabric LATENCY 0 OPTYPE add PRAGMA {} RTLNAME add_ln55_15_fu_1424_p2 SOURCE poseidon.cpp:55 VARIABLE add_ln55_15 LOOP permutation_loop BUNDLEDNAME {} DSP 0 BRAM 0 URAM 0 STORAGESUBTYPE {} DISPNAME {bind_op add}} {BINDTYPE op ID {} IMPL fabric LATENCY 0 OPTYPE add PRAGMA {} RTLNAME add_ln55_17_fu_1429_p2 SOURCE poseidon.cpp:55 VARIABLE add_ln55_17 LOOP permutation_loop BUNDLEDNAME {} DSP 0 BRAM 0 URAM 0 STORAGESUBTYPE {} DISPNAME {bind_op add}} {BINDTYPE op ID {} IMPL fabric LATENCY 0 OPTYPE add PRAGMA {} RTLNAME add_ln55_19_fu_1434_p2 SOURCE poseidon.cpp:55 VARIABLE add_ln55_19 LOOP permutation_loop BUNDLEDNAME {} DSP 0 BRAM 0 URAM 0 STORAGESUBTYPE {} DISPNAME {bind_op add}} {BINDTYPE op ID {} IMPL fabric LATENCY 0 OPTYPE add PRAGMA {} RTLNAME add_ln55_21_fu_1439_p2 SOURCE poseidon.cpp:55 VARIABLE add_ln55_21 LOOP permutation_loop BUNDLEDNAME {} DSP 0 BRAM 0 URAM 0 STORAGESUBTYPE {} DISPNAME {bind_op add}} {BINDTYPE op ID {} IMPL fabric LATENCY 0 OPTYPE add PRAGMA {} RTLNAME add_ln55_23_fu_1444_p2 SOURCE poseidon.cpp:55 VARIABLE add_ln55_23 LOOP permutation_loop BUNDLEDNAME {} DSP 0 BRAM 0 URAM 0 STORAGESUBTYPE {} DISPNAME {bind_op add}} {BINDTYPE op ID {} IMPL fabric LATENCY 0 OPTYPE add PRAGMA {} RTLNAME add_ln55_25_fu_1449_p2 SOURCE poseidon.cpp:55 VARIABLE add_ln55_25 LOOP permutation_loop BUNDLEDNAME {} DSP 0 BRAM 0 URAM 0 STORAGESUBTYPE {} DISPNAME {bind_op add}} {BINDTYPE op ID {} IMPL fabric LATENCY 0 OPTYPE add PRAGMA {} RTLNAME add_ln55_27_fu_1454_p2 SOURCE poseidon.cpp:55 VARIABLE add_ln55_27 LOOP permutation_loop BUNDLEDNAME {} DSP 0 BRAM 0 URAM 0 STORAGESUBTYPE {} DISPNAME {bind_op add}} {BINDTYPE op ID {} IMPL fabric LATENCY 0 OPTYPE add PRAGMA {} RTLNAME add_ln55_29_fu_1459_p2 SOURCE poseidon.cpp:55 VARIABLE add_ln55_29 LOOP permutation_loop BUNDLEDNAME {} DSP 0 BRAM 0 URAM 0 STORAGESUBTYPE {} DISPNAME {bind_op add}} {BINDTYPE op ID {} IMPL fabric LATENCY 0 OPTYPE add PRAGMA {} RTLNAME add_ln55_31_fu_1464_p2 SOURCE poseidon.cpp:55 VARIABLE add_ln55_31 LOOP permutation_loop BUNDLEDNAME {} DSP 0 BRAM 0 URAM 0 STORAGESUBTYPE {} DISPNAME {bind_op add}} {BINDTYPE op ID {} IMPL fabric LATENCY 0 OPTYPE add PRAGMA {} RTLNAME add_ln55_33_fu_1469_p2 SOURCE poseidon.cpp:55 VARIABLE add_ln55_33 LOOP permutation_loop BUNDLEDNAME {} DSP 0 BRAM 0 URAM 0 STORAGESUBTYPE {} DISPNAME {bind_op add}} {BINDTYPE op ID {} IMPL fabric LATENCY 0 OPTYPE add PRAGMA {} RTLNAME add_ln55_35_fu_1474_p2 SOURCE poseidon.cpp:55 VARIABLE add_ln55_35 LOOP permutation_loop BUNDLEDNAME {} DSP 0 BRAM 0 URAM 0 STORAGESUBTYPE {} DISPNAME {bind_op add}} {BINDTYPE op ID {} IMPL fabric LATENCY 0 OPTYPE add PRAGMA {} RTLNAME add_ln55_37_fu_1479_p2 SOURCE poseidon.cpp:55 VARIABLE add_ln55_37 LOOP permutation_loop BUNDLEDNAME {} DSP 0 BRAM 0 URAM 0 STORAGESUBTYPE {} DISPNAME {bind_op add}} {BINDTYPE op ID {} IMPL fabric LATENCY 0 OPTYPE add PRAGMA {} RTLNAME add_ln55_39_fu_1484_p2 SOURCE poseidon.cpp:55 VARIABLE add_ln55_39 LOOP permutation_loop BUNDLEDNAME {} DSP 0 BRAM 0 URAM 0 STORAGESUBTYPE {} DISPNAME {bind_op add}} {BINDTYPE op ID {} IMPL fabric LATENCY 1 OPTYPE add PRAGMA {} RTLNAME add_256ns_256ns_256_2_1_U221 SOURCE poseidon.cpp:6 VARIABLE add_ln6 LOOP permutation_loop BUNDLEDNAME {} DSP 0 BRAM 0 URAM 0 STORAGESUBTYPE {} DISPNAME {bind_op add}} {BINDTYPE op ID {} IMPL fabric LATENCY 1 OPTYPE add PRAGMA {} RTLNAME add_256ns_256s_256_2_1_U223 SOURCE poseidon.cpp:7 VARIABLE add_ln7 LOOP permutation_loop BUNDLEDNAME {} DSP 0 BRAM 0 URAM 0 STORAGESUBTYPE {} DISPNAME {bind_op add}} {BINDTYPE op ID {} IMPL fabric LATENCY 1 OPTYPE add PRAGMA {} RTLNAME add_256ns_256ns_256_2_1_U240 SOURCE poseidon.cpp:6 VARIABLE add_ln6_23 LOOP permutation_loop BUNDLEDNAME {} DSP 0 BRAM 0 URAM 0 STORAGESUBTYPE {} DISPNAME {bind_op add}} {BINDTYPE op ID {} IMPL fabric LATENCY 1 OPTYPE add PRAGMA {} RTLNAME add_256ns_256s_256_2_1_U260 SOURCE poseidon.cpp:7 VARIABLE add_ln7_24 LOOP permutation_loop BUNDLEDNAME {} DSP 0 BRAM 0 URAM 0 STORAGESUBTYPE {} DISPNAME {bind_op add}} {BINDTYPE op ID {} IMPL fabric LATENCY 1 OPTYPE add PRAGMA {} RTLNAME add_256ns_256ns_256_2_1_U241 SOURCE poseidon.cpp:6 VARIABLE add_ln6_24 LOOP permutation_loop BUNDLEDNAME {} DSP 0 BRAM 0 URAM 0 STORAGESUBTYPE {} DISPNAME {bind_op add}} {BINDTYPE op ID {} IMPL fabric LATENCY 1 OPTYPE add PRAGMA {} RTLNAME add_256ns_256s_256_2_1_U262 SOURCE poseidon.cpp:7 VARIABLE add_ln7_25 LOOP permutation_loop BUNDLEDNAME {} DSP 0 BRAM 0 URAM 0 STORAGESUBTYPE {} DISPNAME {bind_op add}} {BINDTYPE op ID {} IMPL fabric LATENCY 1 OPTYPE add PRAGMA {} RTLNAME add_256ns_256ns_256_2_1_U242 SOURCE poseidon.cpp:6 VARIABLE add_ln6_25 LOOP permutation_loop BUNDLEDNAME {} DSP 0 BRAM 0 URAM 0 STORAGESUBTYPE {} DISPNAME {bind_op add}} {BINDTYPE op ID {} IMPL fabric LATENCY 1 OPTYPE add PRAGMA {} RTLNAME add_256ns_256s_256_2_1_U264 SOURCE poseidon.cpp:7 VARIABLE add_ln7_26 LOOP permutation_loop BUNDLEDNAME {} DSP 0 BRAM 0 URAM 0 STORAGESUBTYPE {} DISPNAME {bind_op add}} {BINDTYPE op ID {} IMPL fabric LATENCY 1 OPTYPE add PRAGMA {} RTLNAME add_256ns_256ns_256_2_1_U243 SOURCE poseidon.cpp:6 VARIABLE add_ln6_26 LOOP permutation_loop BUNDLEDNAME {} DSP 0 BRAM 0 URAM 0 STORAGESUBTYPE {} DISPNAME {bind_op add}} {BINDTYPE op ID {} IMPL fabric LATENCY 1 OPTYPE add PRAGMA {} RTLNAME add_256ns_256s_256_2_1_U266 SOURCE poseidon.cpp:7 VARIABLE add_ln7_27 LOOP permutation_loop BUNDLEDNAME {} DSP 0 BRAM 0 URAM 0 STORAGESUBTYPE {} DISPNAME {bind_op add}} {BINDTYPE op ID {} IMPL fabric LATENCY 1 OPTYPE add PRAGMA {} RTLNAME add_256ns_256ns_256_2_1_U244 SOURCE poseidon.cpp:6 VARIABLE add_ln6_27 LOOP permutation_loop BUNDLEDNAME {} DSP 0 BRAM 0 URAM 0 STORAGESUBTYPE {} DISPNAME {bind_op add}} {BINDTYPE op ID {} IMPL fabric LATENCY 1 OPTYPE add PRAGMA {} RTLNAME add_256ns_256s_256_2_1_U268 SOURCE poseidon.cpp:7 VARIABLE add_ln7_28 LOOP permutation_loop BUNDLEDNAME {} DSP 0 BRAM 0 URAM 0 STORAGESUBTYPE {} DISPNAME {bind_op add}} {BINDTYPE op ID {} IMPL fabric LATENCY 1 OPTYPE add PRAGMA {} RTLNAME add_256ns_256ns_256_2_1_U245 SOURCE poseidon.cpp:6 VARIABLE add_ln6_28 LOOP permutation_loop BUNDLEDNAME {} DSP 0 BRAM 0 URAM 0 STORAGESUBTYPE {} DISPNAME {bind_op add}} {BINDTYPE op ID {} IMPL fabric LATENCY 1 OPTYPE add PRAGMA {} RTLNAME add_256ns_256s_256_2_1_U270 SOURCE poseidon.cpp:7 VARIABLE add_ln7_29 LOOP permutation_loop BUNDLEDNAME {} DSP 0 BRAM 0 URAM 0 STORAGESUBTYPE {} DISPNAME {bind_op add}} {BINDTYPE op ID {} IMPL fabric LATENCY 1 OPTYPE add PRAGMA {} RTLNAME add_256ns_256ns_256_2_1_U246 SOURCE poseidon.cpp:6 VARIABLE add_ln6_29 LOOP permutation_loop BUNDLEDNAME {} DSP 0 BRAM 0 URAM 0 STORAGESUBTYPE {} DISPNAME {bind_op add}} {BINDTYPE op ID {} IMPL fabric LATENCY 1 OPTYPE add PRAGMA {} RTLNAME add_256ns_256s_256_2_1_U272 SOURCE poseidon.cpp:7 VARIABLE add_ln7_30 LOOP permutation_loop BUNDLEDNAME {} DSP 0 BRAM 0 URAM 0 STORAGESUBTYPE {} DISPNAME {bind_op add}} {BINDTYPE op ID {} IMPL fabric LATENCY 1 OPTYPE add PRAGMA {} RTLNAME add_256ns_256ns_256_2_1_U247 SOURCE poseidon.cpp:6 VARIABLE add_ln6_30 LOOP permutation_loop BUNDLEDNAME {} DSP 0 BRAM 0 URAM 0 STORAGESUBTYPE {} DISPNAME {bind_op add}} {BINDTYPE op ID {} IMPL fabric LATENCY 1 OPTYPE add PRAGMA {} RTLNAME add_256ns_256s_256_2_1_U274 SOURCE poseidon.cpp:7 VARIABLE add_ln7_31 LOOP permutation_loop BUNDLEDNAME {} DSP 0 BRAM 0 URAM 0 STORAGESUBTYPE {} DISPNAME {bind_op add}} {BINDTYPE op ID {} IMPL fabric LATENCY 1 OPTYPE add PRAGMA {} RTLNAME add_256ns_256ns_256_2_1_U248 SOURCE poseidon.cpp:6 VARIABLE add_ln6_31 LOOP permutation_loop BUNDLEDNAME {} DSP 0 BRAM 0 URAM 0 STORAGESUBTYPE {} DISPNAME {bind_op add}} {BINDTYPE op ID {} IMPL fabric LATENCY 1 OPTYPE add PRAGMA {} RTLNAME add_256ns_256s_256_2_1_U276 SOURCE poseidon.cpp:7 VARIABLE add_ln7_32 LOOP permutation_loop BUNDLEDNAME {} DSP 0 BRAM 0 URAM 0 STORAGESUBTYPE {} DISPNAME {bind_op add}} {BINDTYPE op ID {} IMPL fabric LATENCY 1 OPTYPE add PRAGMA {} RTLNAME add_256ns_256ns_256_2_1_U249 SOURCE poseidon.cpp:6 VARIABLE add_ln6_32 LOOP permutation_loop BUNDLEDNAME {} DSP 0 BRAM 0 URAM 0 STORAGESUBTYPE {} DISPNAME {bind_op add}} {BINDTYPE op ID {} IMPL fabric LATENCY 1 OPTYPE add PRAGMA {} RTLNAME add_256ns_256s_256_2_1_U278 SOURCE poseidon.cpp:7 VARIABLE add_ln7_33 LOOP permutation_loop BUNDLEDNAME {} DSP 0 BRAM 0 URAM 0 STORAGESUBTYPE {} DISPNAME {bind_op add}} {BINDTYPE op ID {} IMPL fabric LATENCY 1 OPTYPE add PRAGMA {} RTLNAME add_256ns_256ns_256_2_1_U250 SOURCE poseidon.cpp:6 VARIABLE add_ln6_33 LOOP permutation_loop BUNDLEDNAME {} DSP 0 BRAM 0 URAM 0 STORAGESUBTYPE {} DISPNAME {bind_op add}} {BINDTYPE op ID {} IMPL fabric LATENCY 1 OPTYPE add PRAGMA {} RTLNAME add_256ns_256s_256_2_1_U280 SOURCE poseidon.cpp:7 VARIABLE add_ln7_34 LOOP permutation_loop BUNDLEDNAME {} DSP 0 BRAM 0 URAM 0 STORAGESUBTYPE {} DISPNAME {bind_op add}} {BINDTYPE op ID {} IMPL fabric LATENCY 1 OPTYPE add PRAGMA {} RTLNAME add_256ns_256ns_256_2_1_U251 SOURCE poseidon.cpp:6 VARIABLE add_ln6_34 LOOP permutation_loop BUNDLEDNAME {} DSP 0 BRAM 0 URAM 0 STORAGESUBTYPE {} DISPNAME {bind_op add}} {BINDTYPE op ID {} IMPL fabric LATENCY 1 OPTYPE add PRAGMA {} RTLNAME add_256ns_256s_256_2_1_U282 SOURCE poseidon.cpp:7 VARIABLE add_ln7_35 LOOP permutation_loop BUNDLEDNAME {} DSP 0 BRAM 0 URAM 0 STORAGESUBTYPE {} DISPNAME {bind_op add}} {BINDTYPE op ID {} IMPL fabric LATENCY 1 OPTYPE add PRAGMA {} RTLNAME add_256ns_256ns_256_2_1_U252 SOURCE poseidon.cpp:6 VARIABLE add_ln6_35 LOOP permutation_loop BUNDLEDNAME {} DSP 0 BRAM 0 URAM 0 STORAGESUBTYPE {} DISPNAME {bind_op add}} {BINDTYPE op ID {} IMPL fabric LATENCY 1 OPTYPE add PRAGMA {} RTLNAME add_256ns_256s_256_2_1_U284 SOURCE poseidon.cpp:7 VARIABLE add_ln7_36 LOOP permutation_loop BUNDLEDNAME {} DSP 0 BRAM 0 URAM 0 STORAGESUBTYPE {} DISPNAME {bind_op add}} {BINDTYPE op ID {} IMPL fabric LATENCY 1 OPTYPE add PRAGMA {} RTLNAME add_256ns_256ns_256_2_1_U253 SOURCE poseidon.cpp:6 VARIABLE add_ln6_36 LOOP permutation_loop BUNDLEDNAME {} DSP 0 BRAM 0 URAM 0 STORAGESUBTYPE {} DISPNAME {bind_op add}} {BINDTYPE op ID {} IMPL fabric LATENCY 1 OPTYPE add PRAGMA {} RTLNAME add_256ns_256s_256_2_1_U286 SOURCE poseidon.cpp:7 VARIABLE add_ln7_37 LOOP permutation_loop BUNDLEDNAME {} DSP 0 BRAM 0 URAM 0 STORAGESUBTYPE {} DISPNAME {bind_op add}} {BINDTYPE op ID {} IMPL fabric LATENCY 1 OPTYPE add PRAGMA {} RTLNAME add_256ns_256ns_256_2_1_U224 SOURCE poseidon.cpp:6 VARIABLE add_ln6_37 LOOP permutation_loop BUNDLEDNAME {} DSP 0 BRAM 0 URAM 0 STORAGESUBTYPE {} DISPNAME {bind_op add}} {BINDTYPE op ID {} IMPL fabric LATENCY 1 OPTYPE add PRAGMA {} RTLNAME add_256ns_256s_256_2_1_U226 SOURCE poseidon.cpp:7 VARIABLE add_ln7_38 LOOP permutation_loop BUNDLEDNAME {} DSP 0 BRAM 0 URAM 0 STORAGESUBTYPE {} DISPNAME {bind_op add}} {BINDTYPE op ID {} IMPL fabric LATENCY 1 OPTYPE add PRAGMA {} RTLNAME add_256ns_256ns_256_2_1_U227 SOURCE poseidon.cpp:6 VARIABLE add_ln6_38 LOOP permutation_loop BUNDLEDNAME {} DSP 0 BRAM 0 URAM 0 STORAGESUBTYPE {} DISPNAME {bind_op add}} {BINDTYPE op ID {} IMPL fabric LATENCY 1 OPTYPE add PRAGMA {} RTLNAME add_256ns_256s_256_2_1_U229 SOURCE poseidon.cpp:7 VARIABLE add_ln7_39 LOOP permutation_loop BUNDLEDNAME {} DSP 0 BRAM 0 URAM 0 STORAGESUBTYPE {} DISPNAME {bind_op add}} {BINDTYPE op ID {} IMPL fabric LATENCY 1 OPTYPE add PRAGMA {} RTLNAME add_256ns_256ns_256_2_1_U254 SOURCE poseidon.cpp:6 VARIABLE add_ln6_39 LOOP permutation_loop BUNDLEDNAME {} DSP 0 BRAM 0 URAM 0 STORAGESUBTYPE {} DISPNAME {bind_op add}} {BINDTYPE op ID {} IMPL fabric LATENCY 1 OPTYPE add PRAGMA {} RTLNAME add_256ns_256s_256_2_1_U288 SOURCE poseidon.cpp:7 VARIABLE add_ln7_40 LOOP permutation_loop BUNDLEDNAME {} DSP 0 BRAM 0 URAM 0 STORAGESUBTYPE {} DISPNAME {bind_op add}} {BINDTYPE op ID {} IMPL fabric LATENCY 1 OPTYPE add PRAGMA {} RTLNAME add_256ns_256ns_256_2_1_U255 SOURCE poseidon.cpp:6 VARIABLE add_ln6_40 LOOP permutation_loop BUNDLEDNAME {} DSP 0 BRAM 0 URAM 0 STORAGESUBTYPE {} DISPNAME {bind_op add}} {BINDTYPE op ID {} IMPL fabric LATENCY 1 OPTYPE add PRAGMA {} RTLNAME add_256ns_256s_256_2_1_U290 SOURCE poseidon.cpp:7 VARIABLE add_ln7_41 LOOP permutation_loop BUNDLEDNAME {} DSP 0 BRAM 0 URAM 0 STORAGESUBTYPE {} DISPNAME {bind_op add}} {BINDTYPE op ID {} IMPL fabric LATENCY 1 OPTYPE add PRAGMA {} RTLNAME add_256ns_256ns_256_2_1_U230 SOURCE poseidon.cpp:6 VARIABLE add_ln6_41 LOOP permutation_loop BUNDLEDNAME {} DSP 0 BRAM 0 URAM 0 STORAGESUBTYPE {} DISPNAME {bind_op add}} {BINDTYPE op ID {} IMPL fabric LATENCY 1 OPTYPE add PRAGMA {} RTLNAME add_256ns_256s_256_2_1_U232 SOURCE poseidon.cpp:7 VARIABLE add_ln7_42 LOOP permutation_loop BUNDLEDNAME {} DSP 0 BRAM 0 URAM 0 STORAGESUBTYPE {} DISPNAME {bind_op add}} {BINDTYPE op ID {} IMPL fabric LATENCY 1 OPTYPE add PRAGMA {} RTLNAME add_256ns_256ns_256_2_1_U233 SOURCE poseidon.cpp:6 VARIABLE add_ln6_42 LOOP permutation_loop BUNDLEDNAME {} DSP 0 BRAM 0 URAM 0 STORAGESUBTYPE {} DISPNAME {bind_op add}} {BINDTYPE op ID {} IMPL fabric LATENCY 1 OPTYPE add PRAGMA {} RTLNAME add_256ns_256s_256_2_1_U235 SOURCE poseidon.cpp:7 VARIABLE add_ln7_43 LOOP permutation_loop BUNDLEDNAME {} DSP 0 BRAM 0 URAM 0 STORAGESUBTYPE {} DISPNAME {bind_op add}} {BINDTYPE op ID {} IMPL fabric LATENCY 1 OPTYPE add PRAGMA {} RTLNAME add_256ns_256ns_256_2_1_U236 SOURCE poseidon.cpp:6 VARIABLE add_ln6_43 LOOP permutation_loop BUNDLEDNAME {} DSP 0 BRAM 0 URAM 0 STORAGESUBTYPE {} DISPNAME {bind_op add}} {BINDTYPE op ID {} IMPL fabric LATENCY 1 OPTYPE add PRAGMA {} RTLNAME add_256ns_256s_256_2_1_U238 SOURCE poseidon.cpp:7 VARIABLE add_ln7_44 LOOP permutation_loop BUNDLEDNAME {} DSP 0 BRAM 0 URAM 0 STORAGESUBTYPE {} DISPNAME {bind_op add}} {BINDTYPE op ID {} IMPL fabric LATENCY 1 OPTYPE add PRAGMA {} RTLNAME add_256ns_256ns_256_2_1_U239 SOURCE poseidon.cpp:6 VARIABLE add_ln6_44 LOOP permutation_loop BUNDLEDNAME {} DSP 0 BRAM 0 URAM 0 STORAGESUBTYPE {} DISPNAME {bind_op add}} {BINDTYPE op ID {} IMPL fabric LATENCY 1 OPTYPE add PRAGMA {} RTLNAME add_256ns_256s_256_2_1_U257 SOURCE poseidon.cpp:7 VARIABLE add_ln7_45 LOOP permutation_loop BUNDLEDNAME {} DSP 0 BRAM 0 URAM 0 STORAGESUBTYPE {} DISPNAME {bind_op add}} {BINDTYPE op ID {} IMPL fabric LATENCY 0 OPTYPE add PRAGMA {} RTLNAME add_ln55_40_fu_2426_p2 SOURCE poseidon.cpp:55 VARIABLE add_ln55_40 LOOP permutation_loop BUNDLEDNAME {} DSP 0 BRAM 0 URAM 0 STORAGESUBTYPE {} DISPNAME {bind_op add}} {BINDTYPE op ID {} IMPL fabric LATENCY 1 OPTYPE add PRAGMA {} RTLNAME add_256ns_256ns_256_2_1_U258 SOURCE poseidon.cpp:6 VARIABLE add_ln6_45 LOOP permutation_loop BUNDLEDNAME {} DSP 0 BRAM 0 URAM 0 STORAGESUBTYPE {} DISPNAME {bind_op add}} {BINDTYPE op ID {} IMPL fabric LATENCY 1 OPTYPE add PRAGMA {} RTLNAME add_256ns_256s_256_2_1_U292 SOURCE poseidon.cpp:7 VARIABLE add_ln7_46 LOOP permutation_loop BUNDLEDNAME {} DSP 0 BRAM 0 URAM 0 STORAGESUBTYPE {} DISPNAME {bind_op add}}} AREA {DSP 21495 BRAM 30 URAM 0}}}}'
INFO-FLOW: DBG:PUTS:      update_csynth_reports json2rpt_hw_sw_interfaces
INFO-FLOW: Running: gen_csynth_sec_pragma
INFO-FLOW: Done: gen_csynth_sec_pragma time: 0 seconds per iteration
INFO-FLOW: DBG:PUTS:      update_csynth_reports wrote xml
INFO-FLOW: DBG:PUTS:      update_csynth_reports appended to csynth rpt file
INFO: [HLS 200-111] Finished Updating report files: CPU user time: 0.61 seconds. CPU system time: 0.06 seconds. Elapsed time: 0.88 seconds; current allocated memory: 501.594 MB.
INFO: [VHDL 208-304] Generating VHDL RTL for poseidon_top.
INFO: [VLOG 209-307] Generating Verilog RTL for poseidon_top.
Execute         syn_report -model poseidon_top -printsummary 
INFO: [HLS 200-790] **** Loop Constraint Status: All loop constraints were NOT satisfied.
INFO: [HLS 200-789] **** Estimated Fmax: 108.21 MHz
Command       autosyn done; 11.71 sec.
Command     csynth_design done; 24.23 sec.
INFO: [HLS 200-111] Finished Command csynth_design CPU user time: 16.65 seconds. CPU system time: 1.57 seconds. Elapsed time: 24.23 seconds; current allocated memory: 226.855 MB.
Execute     cleanup_all 
