

================================================================
== Vitis HLS Report for 'poseidon_top'
================================================================
* Date:           Wed May  6 11:50:40 2026

* Version:        2023.2 (Build 4023990 on Oct 11 2023)
* Project:        poseidon_hls
* Solution:       solution1 (Vivado IP Flow Target)
* Product family: zynq
* Target device:  xc7z020-clg484-1


================================================================
== Performance Estimates
================================================================
+ Timing: 
    * Summary: 
    +--------+----------+----------+------------+
    |  Clock |  Target  | Estimated| Uncertainty|
    +--------+----------+----------+------------+
    |ap_clk  |  10.00 ns|  9.242 ns|     2.70 ns|
    +--------+----------+----------+------------+

+ Latency: 
    * Summary: 
    +---------+---------+----------+----------+--------+--------+---------+
    |  Latency (cycles) |  Latency (absolute) |     Interval    | Pipeline|
    |   min   |   max   |    min   |    max   |   min  |   max  |   Type  |
    +---------+---------+----------+----------+--------+--------+---------+
    |   187194|   293274|  1.872 ms|  2.933 ms|  187195|  293275|       no|
    +---------+---------+----------+----------+--------+--------+---------+

    + Detail: 
        * Instance: 
        +--------------------------------------------------+---------------------------------------+---------+---------+-----------+-----------+------+------+---------+
        |                                                  |                                       |  Latency (cycles) |   Latency (absolute)  |   Interval  | Pipeline|
        |                     Instance                     |                 Module                |   min   |   max   |    min    |    max    |  min |  max |   Type  |
        +--------------------------------------------------+---------------------------------------+---------+---------+-----------+-----------+------+------+---------+
        |grp_poseidon_top_Pipeline_VITIS_LOOP_42_1_fu_784  |poseidon_top_Pipeline_VITIS_LOOP_42_1  |       26|       26|   0.260 us|   0.260 us|    26|    26|       no|
        |grp_poseidon_top_Pipeline_VITIS_LOOP_92_3_fu_814  |poseidon_top_Pipeline_VITIS_LOOP_92_3  |       26|       26|   0.260 us|   0.260 us|    26|    26|       no|
        |grp_sbox_quintic_fu_844                           |sbox_quintic                           |     1559|     1559|  15.590 us|  15.590 us|  1559|  1559|       no|
        |grp_sbox_quintic_fu_849                           |sbox_quintic                           |     1559|     1559|  15.590 us|  15.590 us|  1559|  1559|       no|
        |grp_sbox_quintic_fu_854                           |sbox_quintic                           |     1559|     1559|  15.590 us|  15.590 us|  1559|  1559|       no|
        |grp_sbox_quintic_fu_859                           |sbox_quintic                           |     1559|     1559|  15.590 us|  15.590 us|  1559|  1559|       no|
        |grp_sbox_quintic_fu_864                           |sbox_quintic                           |     1559|     1559|  15.590 us|  15.590 us|  1559|  1559|       no|
        |grp_sbox_quintic_fu_869                           |sbox_quintic                           |     1559|     1559|  15.590 us|  15.590 us|  1559|  1559|       no|
        |grp_sbox_quintic_fu_874                           |sbox_quintic                           |     1559|     1559|  15.590 us|  15.590 us|  1559|  1559|       no|
        |grp_sbox_quintic_fu_879                           |sbox_quintic                           |     1559|     1559|  15.590 us|  15.590 us|  1559|  1559|       no|
        |grp_sbox_quintic_fu_884                           |sbox_quintic                           |     1559|     1559|  15.590 us|  15.590 us|  1559|  1559|       no|
        |grp_sbox_quintic_fu_889                           |sbox_quintic                           |     1559|     1559|  15.590 us|  15.590 us|  1559|  1559|       no|
        |grp_sbox_quintic_fu_894                           |sbox_quintic                           |     1559|     1559|  15.590 us|  15.590 us|  1559|  1559|       no|
        |grp_sbox_quintic_fu_899                           |sbox_quintic                           |     1559|     1559|  15.590 us|  15.590 us|  1559|  1559|       no|
        |grp_sbox_quintic_fu_904                           |sbox_quintic                           |     1559|     1559|  15.590 us|  15.590 us|  1559|  1559|       no|
        |grp_sbox_quintic_fu_909                           |sbox_quintic                           |     1559|     1559|  15.590 us|  15.590 us|  1559|  1559|       no|
        |grp_sbox_quintic_fu_914                           |sbox_quintic                           |     1559|     1559|  15.590 us|  15.590 us|  1559|  1559|       no|
        |grp_sbox_quintic_fu_919                           |sbox_quintic                           |     1559|     1559|  15.590 us|  15.590 us|  1559|  1559|       no|
        |grp_sbox_quintic_fu_924                           |sbox_quintic                           |     1559|     1559|  15.590 us|  15.590 us|  1559|  1559|       no|
        |grp_sbox_quintic_fu_929                           |sbox_quintic                           |     1559|     1559|  15.590 us|  15.590 us|  1559|  1559|       no|
        |grp_sbox_quintic_fu_934                           |sbox_quintic                           |     1559|     1559|  15.590 us|  15.590 us|  1559|  1559|       no|
        |grp_sbox_quintic_fu_939                           |sbox_quintic                           |     1559|     1559|  15.590 us|  15.590 us|  1559|  1559|       no|
        |grp_sbox_quintic_fu_944                           |sbox_quintic                           |     1559|     1559|  15.590 us|  15.590 us|  1559|  1559|       no|
        |grp_sbox_quintic_fu_949                           |sbox_quintic                           |     1559|     1559|  15.590 us|  15.590 us|  1559|  1559|       no|
        |grp_sbox_quintic_fu_954                           |sbox_quintic                           |     1559|     1559|  15.590 us|  15.590 us|  1559|  1559|       no|
        |grp_poseidon_top_Pipeline_mds_row_fu_959          |poseidon_top_Pipeline_mds_row          |     1154|     1154|  11.540 us|  11.540 us|  1154|  1154|       no|
        +--------------------------------------------------+---------------------------------------+---------+---------+-----------+-----------+------+------+---------+

        * Loop: 
        +--------------------+---------+---------+-------------+-----------+-----------+------+----------+
        |                    |  Latency (cycles) |  Iteration  |  Initiation Interval  | Trip |          |
        |      Loop Name     |   min   |   max   |   Latency   |  achieved |   target  | Count| Pipelined|
        +--------------------+---------+---------+-------------+-----------+-----------+------+----------+
        |- permutation_loop  |   187136|   293216|  2752 ~ 4312|          -|          -|    68|        no|
        +--------------------+---------+---------+-------------+-----------+-----------+------+----------+



================================================================
== Utilization Estimates
================================================================
* Summary: 
+-----------------+---------+-------+--------+--------+-----+
|       Name      | BRAM_18K|  DSP  |   FF   |   LUT  | URAM|
+-----------------+---------+-------+--------+--------+-----+
|DSP              |        -|      -|       -|       -|    -|
|Expression       |        -|      -|       0|    8960|    -|
|FIFO             |        -|      -|       -|       -|    -|
|Instance         |       30|  21495|  525108|  301920|    -|
|Memory           |        -|      -|       -|       -|    -|
|Multiplexer      |        -|      -|       -|     846|    -|
|Register         |        -|      -|   39550|       -|    -|
+-----------------+---------+-------+--------+--------+-----+
|Total            |       30|  21495|  564658|  311726|    0|
+-----------------+---------+-------+--------+--------+-----+
|Available        |      280|    220|  106400|   53200|    0|
+-----------------+---------+-------+--------+--------+-----+
|Utilization (%)  |       10|   9770|     530|     585|    0|
+-----------------+---------+-------+--------+--------+-----+

+ Detail: 
    * Instance: 
    +--------------------------------------------------+---------------------------------------+---------+-----+--------+--------+-----+
    |                     Instance                     |                 Module                | BRAM_18K| DSP |   FF   |   LUT  | URAM|
    +--------------------------------------------------+---------------------------------------+---------+-----+--------+--------+-----+
    |add_256ns_256ns_256_2_1_U221                      |add_256ns_256ns_256_2_1                |        0|    0|     580|     132|    0|
    |add_256ns_256ns_256_2_1_U224                      |add_256ns_256ns_256_2_1                |        0|    0|     580|     132|    0|
    |add_256ns_256ns_256_2_1_U227                      |add_256ns_256ns_256_2_1                |        0|    0|     580|     132|    0|
    |add_256ns_256ns_256_2_1_U230                      |add_256ns_256ns_256_2_1                |        0|    0|     580|     132|    0|
    |add_256ns_256ns_256_2_1_U233                      |add_256ns_256ns_256_2_1                |        0|    0|     580|     132|    0|
    |add_256ns_256ns_256_2_1_U236                      |add_256ns_256ns_256_2_1                |        0|    0|     580|     132|    0|
    |add_256ns_256ns_256_2_1_U239                      |add_256ns_256ns_256_2_1                |        0|    0|     580|     132|    0|
    |add_256ns_256ns_256_2_1_U240                      |add_256ns_256ns_256_2_1                |        0|    0|     580|     132|    0|
    |add_256ns_256ns_256_2_1_U241                      |add_256ns_256ns_256_2_1                |        0|    0|     580|     132|    0|
    |add_256ns_256ns_256_2_1_U242                      |add_256ns_256ns_256_2_1                |        0|    0|     580|     132|    0|
    |add_256ns_256ns_256_2_1_U243                      |add_256ns_256ns_256_2_1                |        0|    0|     580|     132|    0|
    |add_256ns_256ns_256_2_1_U244                      |add_256ns_256ns_256_2_1                |        0|    0|     580|     132|    0|
    |add_256ns_256ns_256_2_1_U245                      |add_256ns_256ns_256_2_1                |        0|    0|     580|     132|    0|
    |add_256ns_256ns_256_2_1_U246                      |add_256ns_256ns_256_2_1                |        0|    0|     580|     132|    0|
    |add_256ns_256ns_256_2_1_U247                      |add_256ns_256ns_256_2_1                |        0|    0|     580|     132|    0|
    |add_256ns_256ns_256_2_1_U248                      |add_256ns_256ns_256_2_1                |        0|    0|     580|     132|    0|
    |add_256ns_256ns_256_2_1_U249                      |add_256ns_256ns_256_2_1                |        0|    0|     580|     132|    0|
    |add_256ns_256ns_256_2_1_U250                      |add_256ns_256ns_256_2_1                |        0|    0|     580|     132|    0|
    |add_256ns_256ns_256_2_1_U251                      |add_256ns_256ns_256_2_1                |        0|    0|     580|     132|    0|
    |add_256ns_256ns_256_2_1_U252                      |add_256ns_256ns_256_2_1                |        0|    0|     580|     132|    0|
    |add_256ns_256ns_256_2_1_U253                      |add_256ns_256ns_256_2_1                |        0|    0|     580|     132|    0|
    |add_256ns_256ns_256_2_1_U254                      |add_256ns_256ns_256_2_1                |        0|    0|     580|     132|    0|
    |add_256ns_256ns_256_2_1_U255                      |add_256ns_256ns_256_2_1                |        0|    0|     580|     132|    0|
    |add_256ns_256ns_256_2_1_U258                      |add_256ns_256ns_256_2_1                |        0|    0|     580|     132|    0|
    |add_256ns_256s_256_2_1_U223                       |add_256ns_256s_256_2_1                 |        0|    0|     580|     132|    0|
    |add_256ns_256s_256_2_1_U226                       |add_256ns_256s_256_2_1                 |        0|    0|     580|     132|    0|
    |add_256ns_256s_256_2_1_U229                       |add_256ns_256s_256_2_1                 |        0|    0|     580|     132|    0|
    |add_256ns_256s_256_2_1_U232                       |add_256ns_256s_256_2_1                 |        0|    0|     580|     132|    0|
    |add_256ns_256s_256_2_1_U235                       |add_256ns_256s_256_2_1                 |        0|    0|     580|     132|    0|
    |add_256ns_256s_256_2_1_U238                       |add_256ns_256s_256_2_1                 |        0|    0|     580|     132|    0|
    |add_256ns_256s_256_2_1_U257                       |add_256ns_256s_256_2_1                 |        0|    0|     580|     132|    0|
    |add_256ns_256s_256_2_1_U260                       |add_256ns_256s_256_2_1                 |        0|    0|     580|     132|    0|
    |add_256ns_256s_256_2_1_U262                       |add_256ns_256s_256_2_1                 |        0|    0|     580|     132|    0|
    |add_256ns_256s_256_2_1_U264                       |add_256ns_256s_256_2_1                 |        0|    0|     580|     132|    0|
    |add_256ns_256s_256_2_1_U266                       |add_256ns_256s_256_2_1                 |        0|    0|     580|     132|    0|
    |add_256ns_256s_256_2_1_U268                       |add_256ns_256s_256_2_1                 |        0|    0|     580|     132|    0|
    |add_256ns_256s_256_2_1_U270                       |add_256ns_256s_256_2_1                 |        0|    0|     580|     132|    0|
    |add_256ns_256s_256_2_1_U272                       |add_256ns_256s_256_2_1                 |        0|    0|     580|     132|    0|
    |add_256ns_256s_256_2_1_U274                       |add_256ns_256s_256_2_1                 |        0|    0|     580|     132|    0|
    |add_256ns_256s_256_2_1_U276                       |add_256ns_256s_256_2_1                 |        0|    0|     580|     132|    0|
    |add_256ns_256s_256_2_1_U278                       |add_256ns_256s_256_2_1                 |        0|    0|     580|     132|    0|
    |add_256ns_256s_256_2_1_U280                       |add_256ns_256s_256_2_1                 |        0|    0|     580|     132|    0|
    |add_256ns_256s_256_2_1_U282                       |add_256ns_256s_256_2_1                 |        0|    0|     580|     132|    0|
    |add_256ns_256s_256_2_1_U284                       |add_256ns_256s_256_2_1                 |        0|    0|     580|     132|    0|
    |add_256ns_256s_256_2_1_U286                       |add_256ns_256s_256_2_1                 |        0|    0|     580|     132|    0|
    |add_256ns_256s_256_2_1_U288                       |add_256ns_256s_256_2_1                 |        0|    0|     580|     132|    0|
    |add_256ns_256s_256_2_1_U290                       |add_256ns_256s_256_2_1                 |        0|    0|     580|     132|    0|
    |add_256ns_256s_256_2_1_U292                       |add_256ns_256s_256_2_1                 |        0|    0|     580|     132|    0|
    |control_s_axi_U                                   |control_s_axi                          |        0|    0|     176|     296|    0|
    |gmem_m_axi_U                                      |gmem_m_axi                             |       30|    0|    1199|    1206|    0|
    |icmp_256ns_256ns_1_2_1_U222                       |icmp_256ns_256ns_1_2_1                 |        0|    0|     580|     132|    0|
    |icmp_256ns_256ns_1_2_1_U225                       |icmp_256ns_256ns_1_2_1                 |        0|    0|     580|     132|    0|
    |icmp_256ns_256ns_1_2_1_U228                       |icmp_256ns_256ns_1_2_1                 |        0|    0|     580|     132|    0|
    |icmp_256ns_256ns_1_2_1_U231                       |icmp_256ns_256ns_1_2_1                 |        0|    0|     580|     132|    0|
    |icmp_256ns_256ns_1_2_1_U234                       |icmp_256ns_256ns_1_2_1                 |        0|    0|     580|     132|    0|
    |icmp_256ns_256ns_1_2_1_U237                       |icmp_256ns_256ns_1_2_1                 |        0|    0|     580|     132|    0|
    |icmp_256ns_256ns_1_2_1_U256                       |icmp_256ns_256ns_1_2_1                 |        0|    0|     580|     132|    0|
    |icmp_256ns_256ns_1_2_1_U259                       |icmp_256ns_256ns_1_2_1                 |        0|    0|     580|     132|    0|
    |icmp_256ns_256ns_1_2_1_U261                       |icmp_256ns_256ns_1_2_1                 |        0|    0|     580|     132|    0|
    |icmp_256ns_256ns_1_2_1_U263                       |icmp_256ns_256ns_1_2_1                 |        0|    0|     580|     132|    0|
    |icmp_256ns_256ns_1_2_1_U265                       |icmp_256ns_256ns_1_2_1                 |        0|    0|     580|     132|    0|
    |icmp_256ns_256ns_1_2_1_U267                       |icmp_256ns_256ns_1_2_1                 |        0|    0|     580|     132|    0|
    |icmp_256ns_256ns_1_2_1_U269                       |icmp_256ns_256ns_1_2_1                 |        0|    0|     580|     132|    0|
    |icmp_256ns_256ns_1_2_1_U271                       |icmp_256ns_256ns_1_2_1                 |        0|    0|     580|     132|    0|
    |icmp_256ns_256ns_1_2_1_U273                       |icmp_256ns_256ns_1_2_1                 |        0|    0|     580|     132|    0|
    |icmp_256ns_256ns_1_2_1_U275                       |icmp_256ns_256ns_1_2_1                 |        0|    0|     580|     132|    0|
    |icmp_256ns_256ns_1_2_1_U277                       |icmp_256ns_256ns_1_2_1                 |        0|    0|     580|     132|    0|
    |icmp_256ns_256ns_1_2_1_U279                       |icmp_256ns_256ns_1_2_1                 |        0|    0|     580|     132|    0|
    |icmp_256ns_256ns_1_2_1_U281                       |icmp_256ns_256ns_1_2_1                 |        0|    0|     580|     132|    0|
    |icmp_256ns_256ns_1_2_1_U283                       |icmp_256ns_256ns_1_2_1                 |        0|    0|     580|     132|    0|
    |icmp_256ns_256ns_1_2_1_U285                       |icmp_256ns_256ns_1_2_1                 |        0|    0|     580|     132|    0|
    |icmp_256ns_256ns_1_2_1_U287                       |icmp_256ns_256ns_1_2_1                 |        0|    0|     580|     132|    0|
    |icmp_256ns_256ns_1_2_1_U289                       |icmp_256ns_256ns_1_2_1                 |        0|    0|     580|     132|    0|
    |icmp_256ns_256ns_1_2_1_U291                       |icmp_256ns_256ns_1_2_1                 |        0|    0|     580|     132|    0|
    |grp_poseidon_top_Pipeline_VITIS_LOOP_42_1_fu_784  |poseidon_top_Pipeline_VITIS_LOOP_42_1  |        0|    0|       7|     282|    0|
    |grp_poseidon_top_Pipeline_VITIS_LOOP_92_3_fu_814  |poseidon_top_Pipeline_VITIS_LOOP_92_3  |        0|    0|     265|     203|    0|
    |grp_poseidon_top_Pipeline_mds_row_fu_959          |poseidon_top_Pipeline_mds_row          |        0|  450|  297057|  178258|    0|
    |grp_sbox_quintic_fu_844                           |sbox_quintic                           |        0|  915|    8028|    4877|    0|
    |grp_sbox_quintic_fu_849                           |sbox_quintic                           |        0|  915|    8028|    4877|    0|
    |grp_sbox_quintic_fu_854                           |sbox_quintic                           |        0|  915|    8028|    4877|    0|
    |grp_sbox_quintic_fu_859                           |sbox_quintic                           |        0|  915|    8028|    4877|    0|
    |grp_sbox_quintic_fu_864                           |sbox_quintic                           |        0|  915|    8028|    4877|    0|
    |grp_sbox_quintic_fu_869                           |sbox_quintic                           |        0|  915|    8028|    4877|    0|
    |grp_sbox_quintic_fu_874                           |sbox_quintic                           |        0|  915|    8028|    4877|    0|
    |grp_sbox_quintic_fu_879                           |sbox_quintic                           |        0|  915|    8028|    4877|    0|
    |grp_sbox_quintic_fu_884                           |sbox_quintic                           |        0|  915|    8028|    4877|    0|
    |grp_sbox_quintic_fu_889                           |sbox_quintic                           |        0|  915|    8028|    4877|    0|
    |grp_sbox_quintic_fu_894                           |sbox_quintic                           |        0|  915|    8028|    4877|    0|
    |grp_sbox_quintic_fu_899                           |sbox_quintic                           |        0|  915|    8028|    4877|    0|
    |grp_sbox_quintic_fu_904                           |sbox_quintic                           |        0|  915|    8028|    4877|    0|
    |grp_sbox_quintic_fu_909                           |sbox_quintic                           |        0|  915|    8028|    4877|    0|
    |grp_sbox_quintic_fu_914                           |sbox_quintic                           |        0|  915|    8028|    4877|    0|
    |grp_sbox_quintic_fu_919                           |sbox_quintic                           |        0|  915|    8028|    4877|    0|
    |grp_sbox_quintic_fu_924                           |sbox_quintic                           |        0|  915|    8028|    4877|    0|
    |grp_sbox_quintic_fu_929                           |sbox_quintic                           |        0|  915|    8028|    4877|    0|
    |grp_sbox_quintic_fu_934                           |sbox_quintic                           |        0|  915|    8028|    4877|    0|
    |grp_sbox_quintic_fu_939                           |sbox_quintic                           |        0|  915|    8028|    4877|    0|
    |grp_sbox_quintic_fu_944                           |sbox_quintic                           |        0|  915|    8028|    4877|    0|
    |grp_sbox_quintic_fu_949                           |sbox_quintic                           |        0|  915|    8028|    4877|    0|
    |grp_sbox_quintic_fu_954                           |sbox_quintic                           |        0|  915|    8028|    4877|    0|
    +--------------------------------------------------+---------------------------------------+---------+-----+--------+--------+-----+
    |Total                                             |                                       |       30|21495|  525108|  301920|    0|
    +--------------------------------------------------+---------------------------------------+---------+-----+--------+--------+-----+

    * DSP: 
    N/A

    * Memory: 
    N/A

    * FIFO: 
    N/A

    * Expression: 
    +--------------------------------------------------------------------+----------+----+---+-----+------------+------------+
    |                            Variable Name                           | Operation| DSP| FF| LUT | Bitwidth P0| Bitwidth P1|
    +--------------------------------------------------------------------+----------+----+---+-----+------------+------------+
    |add_ln55_10_fu_1292_p2                                              |         +|   0|  0|   67|          60|           4|
    |add_ln55_11_fu_1414_p2                                              |         +|   0|  0|   67|          60|          60|
    |add_ln55_12_fu_1298_p2                                              |         +|   0|  0|   67|          60|           4|
    |add_ln55_13_fu_1419_p2                                              |         +|   0|  0|   67|          60|          60|
    |add_ln55_14_fu_1304_p2                                              |         +|   0|  0|   67|          60|           4|
    |add_ln55_15_fu_1424_p2                                              |         +|   0|  0|   67|          60|          60|
    |add_ln55_16_fu_1310_p2                                              |         +|   0|  0|   67|          60|           4|
    |add_ln55_17_fu_1429_p2                                              |         +|   0|  0|   67|          60|          60|
    |add_ln55_18_fu_1316_p2                                              |         +|   0|  0|   67|          60|           4|
    |add_ln55_19_fu_1434_p2                                              |         +|   0|  0|   67|          60|          60|
    |add_ln55_1_fu_1538_p2                                               |         +|   0|  0|   67|          60|          60|
    |add_ln55_20_fu_1322_p2                                              |         +|   0|  0|   67|          60|           4|
    |add_ln55_21_fu_1439_p2                                              |         +|   0|  0|   67|          60|          60|
    |add_ln55_22_fu_1328_p2                                              |         +|   0|  0|   67|          60|           4|
    |add_ln55_23_fu_1444_p2                                              |         +|   0|  0|   67|          60|          60|
    |add_ln55_24_fu_1334_p2                                              |         +|   0|  0|   67|          60|           5|
    |add_ln55_25_fu_1449_p2                                              |         +|   0|  0|   67|          60|          60|
    |add_ln55_26_fu_1340_p2                                              |         +|   0|  0|   67|          60|           5|
    |add_ln55_27_fu_1454_p2                                              |         +|   0|  0|   67|          60|          60|
    |add_ln55_28_fu_1346_p2                                              |         +|   0|  0|   67|          60|           5|
    |add_ln55_29_fu_1459_p2                                              |         +|   0|  0|   67|          60|          60|
    |add_ln55_2_fu_1562_p2                                               |         +|   0|  0|   67|          60|          60|
    |add_ln55_30_fu_1352_p2                                              |         +|   0|  0|   67|          60|           5|
    |add_ln55_31_fu_1464_p2                                              |         +|   0|  0|   67|          60|          60|
    |add_ln55_32_fu_1358_p2                                              |         +|   0|  0|   67|          60|           5|
    |add_ln55_33_fu_1469_p2                                              |         +|   0|  0|   67|          60|          60|
    |add_ln55_34_fu_1364_p2                                              |         +|   0|  0|   67|          60|           5|
    |add_ln55_35_fu_1474_p2                                              |         +|   0|  0|   67|          60|          60|
    |add_ln55_36_fu_1370_p2                                              |         +|   0|  0|   67|          60|           5|
    |add_ln55_37_fu_1479_p2                                              |         +|   0|  0|   67|          60|          60|
    |add_ln55_38_fu_1376_p2                                              |         +|   0|  0|   67|          60|           5|
    |add_ln55_39_fu_1484_p2                                              |         +|   0|  0|   67|          60|          60|
    |add_ln55_3_fu_1586_p2                                               |         +|   0|  0|   67|          60|          60|
    |add_ln55_40_fu_2426_p2                                              |         +|   0|  0|   12|          11|           5|
    |add_ln55_4_fu_1610_p2                                               |         +|   0|  0|   67|          60|          60|
    |add_ln55_5_fu_1634_p2                                               |         +|   0|  0|   67|          60|          60|
    |add_ln55_6_fu_1658_p2                                               |         +|   0|  0|   67|          60|          60|
    |add_ln55_7_fu_1682_p2                                               |         +|   0|  0|   67|          60|          60|
    |add_ln55_8_fu_1286_p2                                               |         +|   0|  0|   67|          60|           4|
    |add_ln55_9_fu_1409_p2                                               |         +|   0|  0|   67|          60|          60|
    |add_ln55_fu_1404_p2                                                 |         +|   0|  0|   67|          60|          60|
    |r_2_fu_1391_p2                                                      |         +|   0|  0|   14|           7|           1|
    |grp_poseidon_top_Pipeline_VITIS_LOOP_92_3_fu_814_out_stream_TREADY  |       and|   0|  0|    2|           1|           1|
    |icmp_fu_1499_p2                                                     |      icmp|   0|  0|   13|           5|           1|
    |icmp_ln50_fu_1385_p2                                                |      icmp|   0|  0|   14|           7|           7|
    |ap_block_state42_on_subcall_done                                    |        or|   0|  0|    2|           1|           1|
    |or_ln55_1_fu_1543_p2                                                |        or|   0|  0|   11|          11|           2|
    |or_ln55_2_fu_1567_p2                                                |        or|   0|  0|   11|          11|           2|
    |or_ln55_3_fu_1591_p2                                                |        or|   0|  0|   11|          11|           3|
    |or_ln55_4_fu_1615_p2                                                |        or|   0|  0|   11|          11|           3|
    |or_ln55_5_fu_1639_p2                                                |        or|   0|  0|   11|          11|           3|
    |or_ln55_6_fu_1663_p2                                                |        or|   0|  0|   11|          11|           3|
    |or_ln55_fu_1519_p2                                                  |        or|   0|  0|   11|          11|           1|
    |or_ln62_fu_1513_p2                                                  |        or|   0|  0|    2|           1|           1|
    |select_ln7_10_fu_2377_p3                                            |    select|   0|  0|  256|           1|         256|
    |select_ln7_11_fu_2384_p3                                            |    select|   0|  0|  256|           1|         256|
    |select_ln7_12_fu_2391_p3                                            |    select|   0|  0|  256|           1|         256|
    |select_ln7_13_fu_2398_p3                                            |    select|   0|  0|  256|           1|         256|
    |select_ln7_14_fu_2405_p3                                            |    select|   0|  0|  256|           1|         256|
    |select_ln7_15_fu_1903_p3                                            |    select|   0|  0|  256|           1|         256|
    |select_ln7_16_fu_1922_p3                                            |    select|   0|  0|  256|           1|         256|
    |select_ln7_17_fu_2412_p3                                            |    select|   0|  0|  256|           1|         256|
    |select_ln7_18_fu_2419_p3                                            |    select|   0|  0|  256|           1|         256|
    |select_ln7_19_fu_1951_p3                                            |    select|   0|  0|  256|           1|         256|
    |select_ln7_1_fu_2314_p3                                             |    select|   0|  0|  256|           1|         256|
    |select_ln7_20_fu_1975_p3                                            |    select|   0|  0|  256|           1|         256|
    |select_ln7_21_fu_2079_p3                                            |    select|   0|  0|  256|           1|         256|
    |select_ln7_22_fu_2295_p3                                            |    select|   0|  0|  256|           1|         256|
    |select_ln7_23_fu_2431_p3                                            |    select|   0|  0|  256|           1|         256|
    |select_ln7_2_fu_2321_p3                                             |    select|   0|  0|  256|           1|         256|
    |select_ln7_3_fu_2328_p3                                             |    select|   0|  0|  256|           1|         256|
    |select_ln7_4_fu_2335_p3                                             |    select|   0|  0|  256|           1|         256|
    |select_ln7_5_fu_2342_p3                                             |    select|   0|  0|  256|           1|         256|
    |select_ln7_6_fu_2349_p3                                             |    select|   0|  0|  256|           1|         256|
    |select_ln7_7_fu_2356_p3                                             |    select|   0|  0|  256|           1|         256|
    |select_ln7_8_fu_2363_p3                                             |    select|   0|  0|  256|           1|         256|
    |select_ln7_9_fu_2370_p3                                             |    select|   0|  0|  256|           1|         256|
    |select_ln7_fu_1754_p3                                               |    select|   0|  0|  256|           1|         256|
    +--------------------------------------------------------------------+----------+----+---+-----+------------+------------+
    |Total                                                               |          |   0|  0| 8960|        2534|        7690|
    +--------------------------------------------------------------------+----------+----+---+-----+------------+------------+

    * Multiplexer: 
    +-------------------------------+-----+-----------+-----+-----------+
    |              Name             | LUT | Input Size| Bits| Total Bits|
    +-------------------------------+-----+-----------+-----+-----------+
    |ap_NS_fsm                      |  205|         47|    1|         47|
    |gmem_ARADDR                    |  117|         26|   64|       1664|
    |gmem_ARLEN                     |   14|          3|   32|         96|
    |gmem_ARVALID                   |   14|          3|    1|          3|
    |gmem_RREADY                    |   14|          3|    1|          3|
    |gmem_blk_n_AR                  |    9|          2|    1|          2|
    |gmem_blk_n_R                   |    9|          2|    1|          2|
    |grp_sbox_quintic_fu_844_x_val  |   14|          3|  256|        768|
    |in_stream_TREADY_int_regslice  |    9|          2|    1|          2|
    |p_0_0_011_1061_reg_684         |    9|          2|  256|        512|
    |p_0_0_011_1062_fu_194          |    9|          2|  256|        512|
    |p_0_0_011_1163_reg_674         |    9|          2|  256|        512|
    |p_0_0_011_1164_fu_198          |    9|          2|  256|        512|
    |p_0_0_011_1265_reg_664         |    9|          2|  256|        512|
    |p_0_0_011_1266_fu_202          |    9|          2|  256|        512|
    |p_0_0_011_1367_reg_654         |    9|          2|  256|        512|
    |p_0_0_011_1368_fu_206          |    9|          2|  256|        512|
    |p_0_0_011_143_reg_774          |    9|          2|  256|        512|
    |p_0_0_011_144_fu_158           |    9|          2|  256|        512|
    |p_0_0_011_1469_reg_644         |    9|          2|  256|        512|
    |p_0_0_011_1470_fu_210          |    9|          2|  256|        512|
    |p_0_0_011_1571_reg_634         |    9|          2|  256|        512|
    |p_0_0_011_1572_fu_214          |    9|          2|  256|        512|
    |p_0_0_011_1673_reg_624         |    9|          2|  256|        512|
    |p_0_0_011_1674_fu_218          |    9|          2|  256|        512|
    |p_0_0_011_1775_reg_614         |    9|          2|  256|        512|
    |p_0_0_011_1776_fu_222          |    9|          2|  256|        512|
    |p_0_0_011_1877_reg_604         |    9|          2|  256|        512|
    |p_0_0_011_1878_fu_226          |    9|          2|  256|        512|
    |p_0_0_011_1979_reg_594         |    9|          2|  256|        512|
    |p_0_0_011_1980_fu_230          |    9|          2|  256|        512|
    |p_0_0_011_2081_reg_584         |    9|          2|  256|        512|
    |p_0_0_011_2082_fu_234          |    9|          2|  256|        512|
    |p_0_0_011_2183_reg_574         |    9|          2|  256|        512|
    |p_0_0_011_2184_fu_238          |    9|          2|  256|        512|
    |p_0_0_011_2285_reg_564         |    9|          2|  256|        512|
    |p_0_0_011_2286_fu_242          |    9|          2|  256|        512|
    |p_0_0_011_2387_reg_554         |    9|          2|  256|        512|
    |p_0_0_011_2388_fu_246          |    9|          2|  256|        512|
    |p_0_0_011_245_reg_764          |    9|          2|  256|        512|
    |p_0_0_011_246_fu_162           |    9|          2|  256|        512|
    |p_0_0_011_347_reg_754          |    9|          2|  256|        512|
    |p_0_0_011_348_fu_166           |    9|          2|  256|        512|
    |p_0_0_011_449_reg_744          |    9|          2|  256|        512|
    |p_0_0_011_450_fu_170           |    9|          2|  256|        512|
    |p_0_0_011_551_reg_734          |    9|          2|  256|        512|
    |p_0_0_011_552_fu_174           |    9|          2|  256|        512|
    |p_0_0_011_653_reg_724          |    9|          2|  256|        512|
    |p_0_0_011_654_fu_178           |    9|          2|  256|        512|
    |p_0_0_011_755_reg_714          |    9|          2|  256|        512|
    |p_0_0_011_756_fu_182           |    9|          2|  256|        512|
    |p_0_0_011_857_reg_704          |    9|          2|  256|        512|
    |p_0_0_011_858_fu_186           |    9|          2|  256|        512|
    |p_0_0_011_959_reg_694          |    9|          2|  256|        512|
    |p_0_0_011_960_fu_190           |    9|          2|  256|        512|
    |p_0_0_01942_fu_154             |    9|          2|  256|        512|
    |r_fu_150                       |    9|          2|    7|         14|
    |rc_idx_fu_250                  |    9|          2|   11|         22|
    +-------------------------------+-----+-----------+-----+-----------+
    |Total                          |  846|        189|12408|      26687|
    +-------------------------------+-----+-----------+-----+-----------+

    * Register: 
    +---------------------------------------------------------------+-----+----+-----+-----------+
    |                              Name                             |  FF | LUT| Bits| Const Bits|
    +---------------------------------------------------------------+-----+----+-----+-----------+
    |add_ln55_10_reg_2747                                           |   60|   0|   60|          0|
    |add_ln55_11_reg_2843                                           |   60|   0|   60|          0|
    |add_ln55_12_reg_2752                                           |   60|   0|   60|          0|
    |add_ln55_13_reg_2848                                           |   60|   0|   60|          0|
    |add_ln55_14_reg_2757                                           |   60|   0|   60|          0|
    |add_ln55_15_reg_2853                                           |   60|   0|   60|          0|
    |add_ln55_16_reg_2762                                           |   60|   0|   60|          0|
    |add_ln55_17_reg_2858                                           |   60|   0|   60|          0|
    |add_ln55_18_reg_2767                                           |   60|   0|   60|          0|
    |add_ln55_19_reg_2863                                           |   60|   0|   60|          0|
    |add_ln55_1_reg_2928                                            |   60|   0|   60|          0|
    |add_ln55_20_reg_2772                                           |   60|   0|   60|          0|
    |add_ln55_21_reg_2868                                           |   60|   0|   60|          0|
    |add_ln55_22_reg_2777                                           |   60|   0|   60|          0|
    |add_ln55_23_reg_2873                                           |   60|   0|   60|          0|
    |add_ln55_24_reg_2782                                           |   60|   0|   60|          0|
    |add_ln55_25_reg_2878                                           |   60|   0|   60|          0|
    |add_ln55_26_reg_2787                                           |   60|   0|   60|          0|
    |add_ln55_27_reg_2883                                           |   60|   0|   60|          0|
    |add_ln55_28_reg_2792                                           |   60|   0|   60|          0|
    |add_ln55_29_reg_2888                                           |   60|   0|   60|          0|
    |add_ln55_2_reg_2939                                            |   60|   0|   60|          0|
    |add_ln55_30_reg_2797                                           |   60|   0|   60|          0|
    |add_ln55_31_reg_2893                                           |   60|   0|   60|          0|
    |add_ln55_32_reg_2802                                           |   60|   0|   60|          0|
    |add_ln55_33_reg_2898                                           |   60|   0|   60|          0|
    |add_ln55_34_reg_2807                                           |   60|   0|   60|          0|
    |add_ln55_35_reg_2903                                           |   60|   0|   60|          0|
    |add_ln55_36_reg_2812                                           |   60|   0|   60|          0|
    |add_ln55_37_reg_2908                                           |   60|   0|   60|          0|
    |add_ln55_38_reg_2817                                           |   60|   0|   60|          0|
    |add_ln55_39_reg_2913                                           |   60|   0|   60|          0|
    |add_ln55_3_reg_2950                                            |   60|   0|   60|          0|
    |add_ln55_40_reg_3531                                           |   11|   0|   11|          0|
    |add_ln55_4_reg_2961                                            |   60|   0|   60|          0|
    |add_ln55_5_reg_2972                                            |   60|   0|   60|          0|
    |add_ln55_6_reg_2983                                            |   60|   0|   60|          0|
    |add_ln55_7_reg_2994                                            |   60|   0|   60|          0|
    |add_ln55_8_reg_2742                                            |   60|   0|   60|          0|
    |add_ln55_9_reg_2838                                            |   60|   0|   60|          0|
    |add_ln55_reg_2833                                              |   60|   0|   60|          0|
    |add_ln6_23_reg_3310                                            |  256|   0|  256|          0|
    |add_ln6_24_reg_3317                                            |  256|   0|  256|          0|
    |add_ln6_25_reg_3324                                            |  256|   0|  256|          0|
    |add_ln6_26_reg_3331                                            |  256|   0|  256|          0|
    |add_ln6_27_reg_3338                                            |  256|   0|  256|          0|
    |add_ln6_28_reg_3345                                            |  256|   0|  256|          0|
    |add_ln6_29_reg_3352                                            |  256|   0|  256|          0|
    |add_ln6_30_reg_3359                                            |  256|   0|  256|          0|
    |add_ln6_31_reg_3366                                            |  256|   0|  256|          0|
    |add_ln6_32_reg_3373                                            |  256|   0|  256|          0|
    |add_ln6_33_reg_3380                                            |  256|   0|  256|          0|
    |add_ln6_34_reg_3387                                            |  256|   0|  256|          0|
    |add_ln6_35_reg_3394                                            |  256|   0|  256|          0|
    |add_ln6_36_reg_3401                                            |  256|   0|  256|          0|
    |add_ln6_37_reg_3208                                            |  256|   0|  256|          0|
    |add_ln6_38_reg_3226                                            |  256|   0|  256|          0|
    |add_ln6_39_reg_3408                                            |  256|   0|  256|          0|
    |add_ln6_40_reg_3415                                            |  256|   0|  256|          0|
    |add_ln6_41_reg_3254                                            |  256|   0|  256|          0|
    |add_ln6_42_reg_3272                                            |  256|   0|  256|          0|
    |add_ln6_43_reg_3290                                            |  256|   0|  256|          0|
    |add_ln6_44_reg_3303                                            |  256|   0|  256|          0|
    |add_ln6_45_reg_3428                                            |  256|   0|  256|          0|
    |add_ln6_reg_3038                                               |  256|   0|  256|          0|
    |ap_CS_fsm                                                      |   46|   0|   46|          0|
    |gmem_addr_10_read_reg_3132                                     |  256|   0|  256|          0|
    |gmem_addr_11_read_reg_3143                                     |  256|   0|  256|          0|
    |gmem_addr_12_read_reg_3154                                     |  256|   0|  256|          0|
    |gmem_addr_13_read_reg_3165                                     |  256|   0|  256|          0|
    |gmem_addr_14_read_reg_3176                                     |  256|   0|  256|          0|
    |gmem_addr_15_read_reg_3187                                     |  256|   0|  256|          0|
    |gmem_addr_16_read_reg_3198                                     |  256|   0|  256|          0|
    |gmem_addr_17_read_reg_3203                                     |  256|   0|  256|          0|
    |gmem_addr_18_read_reg_3215                                     |  256|   0|  256|          0|
    |gmem_addr_19_read_reg_3233                                     |  256|   0|  256|          0|
    |gmem_addr_1_read_reg_3016                                      |  256|   0|  256|          0|
    |gmem_addr_20_read_reg_3244                                     |  256|   0|  256|          0|
    |gmem_addr_21_read_reg_3249                                     |  256|   0|  256|          0|
    |gmem_addr_22_read_reg_3261                                     |  256|   0|  256|          0|
    |gmem_addr_23_read_reg_3279                                     |  256|   0|  256|          0|
    |gmem_addr_2_read_reg_3027                                      |  256|   0|  256|          0|
    |gmem_addr_3_read_reg_3045                                      |  256|   0|  256|          0|
    |gmem_addr_4_read_reg_3061                                      |  256|   0|  256|          0|
    |gmem_addr_5_read_reg_3072                                      |  256|   0|  256|          0|
    |gmem_addr_6_read_reg_3088                                      |  256|   0|  256|          0|
    |gmem_addr_7_read_reg_3099                                      |  256|   0|  256|          0|
    |gmem_addr_8_read_reg_3110                                      |  256|   0|  256|          0|
    |gmem_addr_9_read_reg_3121                                      |  256|   0|  256|          0|
    |gmem_addr_read_reg_3005                                        |  256|   0|  256|          0|
    |grp_poseidon_top_Pipeline_VITIS_LOOP_42_1_fu_784_ap_start_reg  |    1|   0|    1|          0|
    |grp_poseidon_top_Pipeline_VITIS_LOOP_92_3_fu_814_ap_start_reg  |    1|   0|    1|          0|
    |grp_poseidon_top_Pipeline_mds_row_fu_959_ap_start_reg          |    1|   0|    1|          0|
    |grp_sbox_quintic_fu_844_ap_start_reg                           |    1|   0|    1|          0|
    |grp_sbox_quintic_fu_849_ap_start_reg                           |    1|   0|    1|          0|
    |grp_sbox_quintic_fu_854_ap_start_reg                           |    1|   0|    1|          0|
    |grp_sbox_quintic_fu_859_ap_start_reg                           |    1|   0|    1|          0|
    |grp_sbox_quintic_fu_864_ap_start_reg                           |    1|   0|    1|          0|
    |grp_sbox_quintic_fu_869_ap_start_reg                           |    1|   0|    1|          0|
    |grp_sbox_quintic_fu_874_ap_start_reg                           |    1|   0|    1|          0|
    |grp_sbox_quintic_fu_879_ap_start_reg                           |    1|   0|    1|          0|
    |grp_sbox_quintic_fu_884_ap_start_reg                           |    1|   0|    1|          0|
    |grp_sbox_quintic_fu_889_ap_start_reg                           |    1|   0|    1|          0|
    |grp_sbox_quintic_fu_894_ap_start_reg                           |    1|   0|    1|          0|
    |grp_sbox_quintic_fu_899_ap_start_reg                           |    1|   0|    1|          0|
    |grp_sbox_quintic_fu_904_ap_start_reg                           |    1|   0|    1|          0|
    |grp_sbox_quintic_fu_909_ap_start_reg                           |    1|   0|    1|          0|
    |grp_sbox_quintic_fu_914_ap_start_reg                           |    1|   0|    1|          0|
    |grp_sbox_quintic_fu_919_ap_start_reg                           |    1|   0|    1|          0|
    |grp_sbox_quintic_fu_924_ap_start_reg                           |    1|   0|    1|          0|
    |grp_sbox_quintic_fu_929_ap_start_reg                           |    1|   0|    1|          0|
    |grp_sbox_quintic_fu_934_ap_start_reg                           |    1|   0|    1|          0|
    |grp_sbox_quintic_fu_939_ap_start_reg                           |    1|   0|    1|          0|
    |grp_sbox_quintic_fu_944_ap_start_reg                           |    1|   0|    1|          0|
    |grp_sbox_quintic_fu_949_ap_start_reg                           |    1|   0|    1|          0|
    |grp_sbox_quintic_fu_954_ap_start_reg                           |    1|   0|    1|          0|
    |or_ln62_reg_2918                                               |    1|   0|    1|          0|
    |p_0_0_011_1061_reg_684                                         |  256|   0|  256|          0|
    |p_0_0_011_1062_fu_194                                          |  256|   0|  256|          0|
    |p_0_0_011_1163_reg_674                                         |  256|   0|  256|          0|
    |p_0_0_011_1164_fu_198                                          |  256|   0|  256|          0|
    |p_0_0_011_1265_reg_664                                         |  256|   0|  256|          0|
    |p_0_0_011_1266_fu_202                                          |  256|   0|  256|          0|
    |p_0_0_011_1367_reg_654                                         |  256|   0|  256|          0|
    |p_0_0_011_1368_fu_206                                          |  256|   0|  256|          0|
    |p_0_0_011_143_reg_774                                          |  256|   0|  256|          0|
    |p_0_0_011_144_fu_158                                           |  256|   0|  256|          0|
    |p_0_0_011_1469_reg_644                                         |  256|   0|  256|          0|
    |p_0_0_011_1470_fu_210                                          |  256|   0|  256|          0|
    |p_0_0_011_1571_reg_634                                         |  256|   0|  256|          0|
    |p_0_0_011_1572_fu_214                                          |  256|   0|  256|          0|
    |p_0_0_011_1673_reg_624                                         |  256|   0|  256|          0|
    |p_0_0_011_1674_fu_218                                          |  256|   0|  256|          0|
    |p_0_0_011_1775_reg_614                                         |  256|   0|  256|          0|
    |p_0_0_011_1776_fu_222                                          |  256|   0|  256|          0|
    |p_0_0_011_1877_reg_604                                         |  256|   0|  256|          0|
    |p_0_0_011_1878_fu_226                                          |  256|   0|  256|          0|
    |p_0_0_011_1979_reg_594                                         |  256|   0|  256|          0|
    |p_0_0_011_1980_fu_230                                          |  256|   0|  256|          0|
    |p_0_0_011_2081_reg_584                                         |  256|   0|  256|          0|
    |p_0_0_011_2082_fu_234                                          |  256|   0|  256|          0|
    |p_0_0_011_2183_reg_574                                         |  256|   0|  256|          0|
    |p_0_0_011_2184_fu_238                                          |  256|   0|  256|          0|
    |p_0_0_011_2285_reg_564                                         |  256|   0|  256|          0|
    |p_0_0_011_2286_fu_242                                          |  256|   0|  256|          0|
    |p_0_0_011_2387_reg_554                                         |  256|   0|  256|          0|
    |p_0_0_011_2388_fu_246                                          |  256|   0|  256|          0|
    |p_0_0_011_245_reg_764                                          |  256|   0|  256|          0|
    |p_0_0_011_246_fu_162                                           |  256|   0|  256|          0|
    |p_0_0_011_347_reg_754                                          |  256|   0|  256|          0|
    |p_0_0_011_348_fu_166                                           |  256|   0|  256|          0|
    |p_0_0_011_449_reg_744                                          |  256|   0|  256|          0|
    |p_0_0_011_450_fu_170                                           |  256|   0|  256|          0|
    |p_0_0_011_551_reg_734                                          |  256|   0|  256|          0|
    |p_0_0_011_552_fu_174                                           |  256|   0|  256|          0|
    |p_0_0_011_653_reg_724                                          |  256|   0|  256|          0|
    |p_0_0_011_654_fu_178                                           |  256|   0|  256|          0|
    |p_0_0_011_755_reg_714                                          |  256|   0|  256|          0|
    |p_0_0_011_756_fu_182                                           |  256|   0|  256|          0|
    |p_0_0_011_857_reg_704                                          |  256|   0|  256|          0|
    |p_0_0_011_858_fu_186                                           |  256|   0|  256|          0|
    |p_0_0_011_959_reg_694                                          |  256|   0|  256|          0|
    |p_0_0_011_960_fu_190                                           |  256|   0|  256|          0|
    |p_0_0_01942_fu_154                                             |  256|   0|  256|          0|
    |r_2_reg_2825                                                   |    7|   0|    7|          0|
    |r_fu_150                                                       |    7|   0|    7|          0|
    |rc_idx_fu_250                                                  |   11|   0|   11|          0|
    |ref_tmp28_assign_s_reg_3083                                    |  255|   0|  255|          0|
    |reg_1133                                                       |  256|   0|  256|          0|
    |reg_1138                                                       |  256|   0|  256|          0|
    |reg_1143                                                       |  256|   0|  256|          0|
    |reg_1148                                                       |  256|   0|  256|          0|
    |reg_1153                                                       |  256|   0|  256|          0|
    |reg_1158                                                       |  256|   0|  256|          0|
    |reg_1163                                                       |  256|   0|  256|          0|
    |reg_1168                                                       |  256|   0|  256|          0|
    |reg_1173                                                       |  256|   0|  256|          0|
    |reg_1178                                                       |  256|   0|  256|          0|
    |reg_1183                                                       |  256|   0|  256|          0|
    |reg_1188                                                       |  256|   0|  256|          0|
    |reg_1193                                                       |  256|   0|  256|          0|
    |reg_1198                                                       |  256|   0|  256|          0|
    |reg_1203                                                       |  256|   0|  256|          0|
    |reg_1208                                                       |  256|   0|  256|          0|
    |reg_1213                                                       |  256|   0|  256|          0|
    |reg_1218                                                       |  256|   0|  256|          0|
    |reg_1223                                                       |  256|   0|  256|          0|
    |reg_1228                                                       |  256|   0|  256|          0|
    |reg_1233                                                       |  256|   0|  256|          0|
    |reg_1238                                                       |  256|   0|  256|          0|
    |reg_1243                                                       |  256|   0|  256|          0|
    |reg_1248                                                       |  256|   0|  256|          0|
    |select_ln7_10_reg_3489                                         |  256|   0|  256|          0|
    |select_ln7_11_reg_3495                                         |  256|   0|  256|          0|
    |select_ln7_12_reg_3501                                         |  256|   0|  256|          0|
    |select_ln7_13_reg_3507                                         |  256|   0|  256|          0|
    |select_ln7_14_reg_3513                                         |  256|   0|  256|          0|
    |select_ln7_15_reg_3220                                         |  256|   0|  256|          0|
    |select_ln7_16_reg_3238                                         |  256|   0|  256|          0|
    |select_ln7_17_reg_3519                                         |  256|   0|  256|          0|
    |select_ln7_18_reg_3525                                         |  256|   0|  256|          0|
    |select_ln7_19_reg_3266                                         |  256|   0|  256|          0|
    |select_ln7_1_reg_3435                                          |  256|   0|  256|          0|
    |select_ln7_20_reg_3284                                         |  256|   0|  256|          0|
    |select_ln7_21_reg_3297                                         |  256|   0|  256|          0|
    |select_ln7_22_reg_3422                                         |  256|   0|  256|          0|
    |select_ln7_23_reg_3536                                         |  256|   0|  256|          0|
    |select_ln7_2_reg_3441                                          |  256|   0|  256|          0|
    |select_ln7_3_reg_3447                                          |  256|   0|  256|          0|
    |select_ln7_4_reg_3453                                          |  256|   0|  256|          0|
    |select_ln7_5_reg_3459                                          |  256|   0|  256|          0|
    |select_ln7_6_reg_3465                                          |  256|   0|  256|          0|
    |select_ln7_7_reg_3471                                          |  256|   0|  256|          0|
    |select_ln7_8_reg_3477                                          |  256|   0|  256|          0|
    |select_ln7_9_reg_3483                                          |  256|   0|  256|          0|
    |select_ln7_reg_3056                                            |  256|   0|  256|          0|
    |sext_ln73_reg_2730                                             |   60|   0|   60|          0|
    |trunc_ln73_1_reg_2725                                          |   59|   0|   59|          0|
    |trunc_ln_reg_2720                                              |   59|   0|   59|          0|
    +---------------------------------------------------------------+-----+----+-----+-----------+
    |Total                                                          |39550|   0|39550|          0|
    +---------------------------------------------------------------+-----+----+-----+-----------+



================================================================
== Interface
================================================================
* Summary: 
+-----------------------+-----+-----+------------+--------------+--------------+
|       RTL Ports       | Dir | Bits|  Protocol  | Source Object|    C Type    |
+-----------------------+-----+-----+------------+--------------+--------------+
|s_axi_control_AWVALID  |   in|    1|       s_axi|       control|        scalar|
|s_axi_control_AWREADY  |  out|    1|       s_axi|       control|        scalar|
|s_axi_control_AWADDR   |   in|    6|       s_axi|       control|        scalar|
|s_axi_control_WVALID   |   in|    1|       s_axi|       control|        scalar|
|s_axi_control_WREADY   |  out|    1|       s_axi|       control|        scalar|
|s_axi_control_WDATA    |   in|   32|       s_axi|       control|        scalar|
|s_axi_control_WSTRB    |   in|    4|       s_axi|       control|        scalar|
|s_axi_control_ARVALID  |   in|    1|       s_axi|       control|        scalar|
|s_axi_control_ARREADY  |  out|    1|       s_axi|       control|        scalar|
|s_axi_control_ARADDR   |   in|    6|       s_axi|       control|        scalar|
|s_axi_control_RVALID   |  out|    1|       s_axi|       control|        scalar|
|s_axi_control_RREADY   |   in|    1|       s_axi|       control|        scalar|
|s_axi_control_RDATA    |  out|   32|       s_axi|       control|        scalar|
|s_axi_control_RRESP    |  out|    2|       s_axi|       control|        scalar|
|s_axi_control_BVALID   |  out|    1|       s_axi|       control|        scalar|
|s_axi_control_BREADY   |   in|    1|       s_axi|       control|        scalar|
|s_axi_control_BRESP    |  out|    2|       s_axi|       control|        scalar|
|ap_clk                 |   in|    1|  ap_ctrl_hs|  poseidon_top|  return value|
|ap_rst_n               |   in|    1|  ap_ctrl_hs|  poseidon_top|  return value|
|interrupt              |  out|    1|  ap_ctrl_hs|  poseidon_top|  return value|
|m_axi_gmem_AWVALID     |  out|    1|       m_axi|          gmem|       pointer|
|m_axi_gmem_AWREADY     |   in|    1|       m_axi|          gmem|       pointer|
|m_axi_gmem_AWADDR      |  out|   64|       m_axi|          gmem|       pointer|
|m_axi_gmem_AWID        |  out|    1|       m_axi|          gmem|       pointer|
|m_axi_gmem_AWLEN       |  out|    8|       m_axi|          gmem|       pointer|
|m_axi_gmem_AWSIZE      |  out|    3|       m_axi|          gmem|       pointer|
|m_axi_gmem_AWBURST     |  out|    2|       m_axi|          gmem|       pointer|
|m_axi_gmem_AWLOCK      |  out|    2|       m_axi|          gmem|       pointer|
|m_axi_gmem_AWCACHE     |  out|    4|       m_axi|          gmem|       pointer|
|m_axi_gmem_AWPROT      |  out|    3|       m_axi|          gmem|       pointer|
|m_axi_gmem_AWQOS       |  out|    4|       m_axi|          gmem|       pointer|
|m_axi_gmem_AWREGION    |  out|    4|       m_axi|          gmem|       pointer|
|m_axi_gmem_AWUSER      |  out|    1|       m_axi|          gmem|       pointer|
|m_axi_gmem_WVALID      |  out|    1|       m_axi|          gmem|       pointer|
|m_axi_gmem_WREADY      |   in|    1|       m_axi|          gmem|       pointer|
|m_axi_gmem_WDATA       |  out|  256|       m_axi|          gmem|       pointer|
|m_axi_gmem_WSTRB       |  out|   32|       m_axi|          gmem|       pointer|
|m_axi_gmem_WLAST       |  out|    1|       m_axi|          gmem|       pointer|
|m_axi_gmem_WID         |  out|    1|       m_axi|          gmem|       pointer|
|m_axi_gmem_WUSER       |  out|    1|       m_axi|          gmem|       pointer|
|m_axi_gmem_ARVALID     |  out|    1|       m_axi|          gmem|       pointer|
|m_axi_gmem_ARREADY     |   in|    1|       m_axi|          gmem|       pointer|
|m_axi_gmem_ARADDR      |  out|   64|       m_axi|          gmem|       pointer|
|m_axi_gmem_ARID        |  out|    1|       m_axi|          gmem|       pointer|
|m_axi_gmem_ARLEN       |  out|    8|       m_axi|          gmem|       pointer|
|m_axi_gmem_ARSIZE      |  out|    3|       m_axi|          gmem|       pointer|
|m_axi_gmem_ARBURST     |  out|    2|       m_axi|          gmem|       pointer|
|m_axi_gmem_ARLOCK      |  out|    2|       m_axi|          gmem|       pointer|
|m_axi_gmem_ARCACHE     |  out|    4|       m_axi|          gmem|       pointer|
|m_axi_gmem_ARPROT      |  out|    3|       m_axi|          gmem|       pointer|
|m_axi_gmem_ARQOS       |  out|    4|       m_axi|          gmem|       pointer|
|m_axi_gmem_ARREGION    |  out|    4|       m_axi|          gmem|       pointer|
|m_axi_gmem_ARUSER      |  out|    1|       m_axi|          gmem|       pointer|
|m_axi_gmem_RVALID      |   in|    1|       m_axi|          gmem|       pointer|
|m_axi_gmem_RREADY      |  out|    1|       m_axi|          gmem|       pointer|
|m_axi_gmem_RDATA       |   in|  256|       m_axi|          gmem|       pointer|
|m_axi_gmem_RLAST       |   in|    1|       m_axi|          gmem|       pointer|
|m_axi_gmem_RID         |   in|    1|       m_axi|          gmem|       pointer|
|m_axi_gmem_RUSER       |   in|    1|       m_axi|          gmem|       pointer|
|m_axi_gmem_RRESP       |   in|    2|       m_axi|          gmem|       pointer|
|m_axi_gmem_BVALID      |   in|    1|       m_axi|          gmem|       pointer|
|m_axi_gmem_BREADY      |  out|    1|       m_axi|          gmem|       pointer|
|m_axi_gmem_BRESP       |   in|    2|       m_axi|          gmem|       pointer|
|m_axi_gmem_BID         |   in|    1|       m_axi|          gmem|       pointer|
|m_axi_gmem_BUSER       |   in|    1|       m_axi|          gmem|       pointer|
|in_stream_TDATA        |   in|  512|        axis|     in_stream|       pointer|
|in_stream_TVALID       |   in|    1|        axis|     in_stream|       pointer|
|in_stream_TREADY       |  out|    1|        axis|     in_stream|       pointer|
|out_stream_TDATA       |  out|  512|        axis|    out_stream|       pointer|
|out_stream_TVALID      |  out|    1|        axis|    out_stream|       pointer|
|out_stream_TREADY      |   in|    1|        axis|    out_stream|       pointer|
+-----------------------+-----+-----+------------+--------------+--------------+

============================================================
+ Verbose Summary: Synthesis Manager
============================================================
InlineROM: 1
ExposeGlobal: 0
============================================================
+ Verbose Summary: CDFG Model
============================================================
IsTopModel: 1
ResetActiveHigh: 1
IsCombinational: 2
IsDatapathOnly: 2
HasWiredReturn: 1
HasMFsm: 0
HasVarLatency: 1
IsPipeline: 0
IsRtlPipelined: 0
IsInstanceOverlapped: 0
IsDontTouch: 0
HasImplIP: 0
IsGatedGlobalClock: 0


============================================================
+ Verbose Summary: Schedule
============================================================
* Number of FSM states : 46
* Pipeline : 0
* Dataflow Pipeline: 0

* FSM state transitions: 
1 --> 2 
2 --> 3 
3 --> 4 
4 --> 5 
5 --> 6 45 
6 --> 7 
7 --> 8 
8 --> 9 
9 --> 10 
10 --> 11 
11 --> 12 
12 --> 13 
13 --> 14 
14 --> 15 
15 --> 16 
16 --> 17 
17 --> 18 
18 --> 19 
19 --> 20 
20 --> 21 
21 --> 22 
22 --> 23 
23 --> 24 
24 --> 25 
25 --> 26 
26 --> 27 
27 --> 28 
28 --> 29 
29 --> 30 
30 --> 31 
31 --> 32 
32 --> 33 
33 --> 34 
34 --> 35 
35 --> 36 
36 --> 37 
37 --> 38 
38 --> 39 
39 --> 40 
40 --> 41 42 
41 --> 42 
42 --> 43 
43 --> 44 
44 --> 5 
45 --> 46 
46 --> 

* FSM state operations: 

State 1 <SV = 0> <Delay = 1.58>
ST_1 : Operation 47 [1/1] (0.00ns)   --->   "%r = alloca i32 1" [poseidon.cpp:50]   --->   Operation 47 'alloca' 'r' <Predicate = true> <Delay = 0.00>
ST_1 : Operation 48 [1/1] (0.00ns)   --->   "%p_0_0_01942 = alloca i32 1"   --->   Operation 48 'alloca' 'p_0_0_01942' <Predicate = true> <Delay = 0.00>
ST_1 : Operation 49 [1/1] (0.00ns)   --->   "%p_0_0_011_144 = alloca i32 1"   --->   Operation 49 'alloca' 'p_0_0_011_144' <Predicate = true> <Delay = 0.00>
ST_1 : Operation 50 [1/1] (0.00ns)   --->   "%p_0_0_011_246 = alloca i32 1"   --->   Operation 50 'alloca' 'p_0_0_011_246' <Predicate = true> <Delay = 0.00>
ST_1 : Operation 51 [1/1] (0.00ns)   --->   "%p_0_0_011_348 = alloca i32 1"   --->   Operation 51 'alloca' 'p_0_0_011_348' <Predicate = true> <Delay = 0.00>
ST_1 : Operation 52 [1/1] (0.00ns)   --->   "%p_0_0_011_450 = alloca i32 1"   --->   Operation 52 'alloca' 'p_0_0_011_450' <Predicate = true> <Delay = 0.00>
ST_1 : Operation 53 [1/1] (0.00ns)   --->   "%p_0_0_011_552 = alloca i32 1"   --->   Operation 53 'alloca' 'p_0_0_011_552' <Predicate = true> <Delay = 0.00>
ST_1 : Operation 54 [1/1] (0.00ns)   --->   "%p_0_0_011_654 = alloca i32 1"   --->   Operation 54 'alloca' 'p_0_0_011_654' <Predicate = true> <Delay = 0.00>
ST_1 : Operation 55 [1/1] (0.00ns)   --->   "%p_0_0_011_756 = alloca i32 1"   --->   Operation 55 'alloca' 'p_0_0_011_756' <Predicate = true> <Delay = 0.00>
ST_1 : Operation 56 [1/1] (0.00ns)   --->   "%p_0_0_011_858 = alloca i32 1"   --->   Operation 56 'alloca' 'p_0_0_011_858' <Predicate = true> <Delay = 0.00>
ST_1 : Operation 57 [1/1] (0.00ns)   --->   "%p_0_0_011_960 = alloca i32 1"   --->   Operation 57 'alloca' 'p_0_0_011_960' <Predicate = true> <Delay = 0.00>
ST_1 : Operation 58 [1/1] (0.00ns)   --->   "%p_0_0_011_1062 = alloca i32 1"   --->   Operation 58 'alloca' 'p_0_0_011_1062' <Predicate = true> <Delay = 0.00>
ST_1 : Operation 59 [1/1] (0.00ns)   --->   "%p_0_0_011_1164 = alloca i32 1"   --->   Operation 59 'alloca' 'p_0_0_011_1164' <Predicate = true> <Delay = 0.00>
ST_1 : Operation 60 [1/1] (0.00ns)   --->   "%p_0_0_011_1266 = alloca i32 1"   --->   Operation 60 'alloca' 'p_0_0_011_1266' <Predicate = true> <Delay = 0.00>
ST_1 : Operation 61 [1/1] (0.00ns)   --->   "%p_0_0_011_1368 = alloca i32 1"   --->   Operation 61 'alloca' 'p_0_0_011_1368' <Predicate = true> <Delay = 0.00>
ST_1 : Operation 62 [1/1] (0.00ns)   --->   "%p_0_0_011_1470 = alloca i32 1"   --->   Operation 62 'alloca' 'p_0_0_011_1470' <Predicate = true> <Delay = 0.00>
ST_1 : Operation 63 [1/1] (0.00ns)   --->   "%p_0_0_011_1572 = alloca i32 1"   --->   Operation 63 'alloca' 'p_0_0_011_1572' <Predicate = true> <Delay = 0.00>
ST_1 : Operation 64 [1/1] (0.00ns)   --->   "%p_0_0_011_1674 = alloca i32 1"   --->   Operation 64 'alloca' 'p_0_0_011_1674' <Predicate = true> <Delay = 0.00>
ST_1 : Operation 65 [1/1] (0.00ns)   --->   "%p_0_0_011_1776 = alloca i32 1"   --->   Operation 65 'alloca' 'p_0_0_011_1776' <Predicate = true> <Delay = 0.00>
ST_1 : Operation 66 [1/1] (0.00ns)   --->   "%p_0_0_011_1878 = alloca i32 1"   --->   Operation 66 'alloca' 'p_0_0_011_1878' <Predicate = true> <Delay = 0.00>
ST_1 : Operation 67 [1/1] (0.00ns)   --->   "%p_0_0_011_1980 = alloca i32 1"   --->   Operation 67 'alloca' 'p_0_0_011_1980' <Predicate = true> <Delay = 0.00>
ST_1 : Operation 68 [1/1] (0.00ns)   --->   "%p_0_0_011_2082 = alloca i32 1"   --->   Operation 68 'alloca' 'p_0_0_011_2082' <Predicate = true> <Delay = 0.00>
ST_1 : Operation 69 [1/1] (0.00ns)   --->   "%p_0_0_011_2184 = alloca i32 1"   --->   Operation 69 'alloca' 'p_0_0_011_2184' <Predicate = true> <Delay = 0.00>
ST_1 : Operation 70 [1/1] (0.00ns)   --->   "%p_0_0_011_2286 = alloca i32 1"   --->   Operation 70 'alloca' 'p_0_0_011_2286' <Predicate = true> <Delay = 0.00>
ST_1 : Operation 71 [1/1] (0.00ns)   --->   "%p_0_0_011_2388 = alloca i32 1"   --->   Operation 71 'alloca' 'p_0_0_011_2388' <Predicate = true> <Delay = 0.00>
ST_1 : Operation 72 [1/1] (0.00ns)   --->   "%rc_idx = alloca i32 1" [poseidon.cpp:49]   --->   Operation 72 'alloca' 'rc_idx' <Predicate = true> <Delay = 0.00>
ST_1 : Operation 73 [1/1] (1.00ns)   --->   "%mds_matrix_read = read i64 @_ssdm_op_Read.s_axilite.i64, i64 %mds_matrix"   --->   Operation 73 'read' 'mds_matrix_read' <Predicate = true> <Delay = 1.00> <CoreInst = "s_axilite">   --->   Core 114 's_axilite' <Latency = 0> <II = 1> <Delay = 1.00> <Adapter> <Opcode : 'read' 'write'>
ST_1 : Operation 74 [1/1] (1.00ns)   --->   "%round_constants_read = read i64 @_ssdm_op_Read.s_axilite.i64, i64 %round_constants"   --->   Operation 74 'read' 'round_constants_read' <Predicate = true> <Delay = 1.00> <CoreInst = "s_axilite">   --->   Core 114 's_axilite' <Latency = 0> <II = 1> <Delay = 1.00> <Adapter> <Opcode : 'read' 'write'>
ST_1 : Operation 75 [1/1] (0.00ns)   --->   "%trunc_ln = partselect i59 @_ssdm_op_PartSelect.i59.i64.i32.i32, i64 %round_constants_read, i32 5, i32 63" [poseidon.cpp:50]   --->   Operation 75 'partselect' 'trunc_ln' <Predicate = true> <Delay = 0.00>
ST_1 : Operation 76 [1/1] (0.00ns)   --->   "%trunc_ln73_1 = partselect i59 @_ssdm_op_PartSelect.i59.i64.i32.i32, i64 %mds_matrix_read, i32 5, i32 63" [poseidon.cpp:73]   --->   Operation 76 'partselect' 'trunc_ln73_1' <Predicate = true> <Delay = 0.00>
ST_1 : Operation 77 [1/1] (1.58ns)   --->   "%store_ln49 = store i11 0, i11 %rc_idx" [poseidon.cpp:49]   --->   Operation 77 'store' 'store_ln49' <Predicate = true> <Delay = 1.58>
ST_1 : Operation 78 [1/1] (1.58ns)   --->   "%store_ln50 = store i7 0, i7 %r" [poseidon.cpp:50]   --->   Operation 78 'store' 'store_ln50' <Predicate = true> <Delay = 1.58>

State 2 <SV = 1> <Delay = 2.58>
ST_2 : Operation 79 [1/1] (0.00ns)   --->   "%empty = wait i32 @_ssdm_op_Wait"   --->   Operation 79 'wait' 'empty' <Predicate = true> <Delay = 0.00>
ST_2 : Operation 80 [2/2] (2.58ns)   --->   "%call_ln0 = call void @poseidon_top_Pipeline_VITIS_LOOP_42_1, i512 %in_stream, i256 %p_0_0_011_2388, i256 %p_0_0_011_2286, i256 %p_0_0_011_2184, i256 %p_0_0_011_2082, i256 %p_0_0_011_1980, i256 %p_0_0_011_1878, i256 %p_0_0_011_1776, i256 %p_0_0_011_1674, i256 %p_0_0_011_1572, i256 %p_0_0_011_1470, i256 %p_0_0_011_1368, i256 %p_0_0_011_1266, i256 %p_0_0_011_1164, i256 %p_0_0_011_1062, i256 %p_0_0_011_960, i256 %p_0_0_011_858, i256 %p_0_0_011_756, i256 %p_0_0_011_654, i256 %p_0_0_011_552, i256 %p_0_0_011_450, i256 %p_0_0_011_348, i256 %p_0_0_011_246, i256 %p_0_0_011_144, i256 %p_0_0_01942"   --->   Operation 80 'call' 'call_ln0' <Predicate = true> <Delay = 2.58> <CoreType = "Generic">   --->   Core 0 '' <Latency = 0> <II = 1> <Delay = 1.00> <Generic> <Opcode : >

State 3 <SV = 2> <Delay = 0.00>
ST_3 : Operation 81 [1/2] (0.00ns)   --->   "%call_ln0 = call void @poseidon_top_Pipeline_VITIS_LOOP_42_1, i512 %in_stream, i256 %p_0_0_011_2388, i256 %p_0_0_011_2286, i256 %p_0_0_011_2184, i256 %p_0_0_011_2082, i256 %p_0_0_011_1980, i256 %p_0_0_011_1878, i256 %p_0_0_011_1776, i256 %p_0_0_011_1674, i256 %p_0_0_011_1572, i256 %p_0_0_011_1470, i256 %p_0_0_011_1368, i256 %p_0_0_011_1266, i256 %p_0_0_011_1164, i256 %p_0_0_011_1062, i256 %p_0_0_011_960, i256 %p_0_0_011_858, i256 %p_0_0_011_756, i256 %p_0_0_011_654, i256 %p_0_0_011_552, i256 %p_0_0_011_450, i256 %p_0_0_011_348, i256 %p_0_0_011_246, i256 %p_0_0_011_144, i256 %p_0_0_01942"   --->   Operation 81 'call' 'call_ln0' <Predicate = true> <Delay = 0.00> <CoreType = "Generic">   --->   Core 0 '' <Latency = 0> <II = 1> <Delay = 1.00> <Generic> <Opcode : >

State 4 <SV = 3> <Delay = 3.39>
ST_4 : Operation 82 [1/1] (0.00ns)   --->   "%spectopmodule_ln26 = spectopmodule void @_ssdm_op_SpecTopModule, void @empty_15" [poseidon.cpp:26]   --->   Operation 82 'spectopmodule' 'spectopmodule_ln26' <Predicate = true> <Delay = 0.00>
ST_4 : Operation 83 [1/1] (0.00ns)   --->   "%specinterface_ln0 = specinterface void @_ssdm_op_SpecInterface, i256 %gmem, void @empty_2, i32 0, i32 0, void @empty_3, i32 0, i32 0, void @empty_4, void @empty_5, void @empty_3, i32 16, i32 16, i32 16, i32 16, void @empty_3, void @empty_3, i32 4294967295, i32 0"   --->   Operation 83 'specinterface' 'specinterface_ln0' <Predicate = true> <Delay = 0.00>
ST_4 : Operation 84 [1/1] (0.00ns)   --->   "%specbitsmap_ln0 = specbitsmap void @_ssdm_op_SpecBitsMap, i256 %gmem"   --->   Operation 84 'specbitsmap' 'specbitsmap_ln0' <Predicate = true> <Delay = 0.00>
ST_4 : Operation 85 [1/1] (0.00ns)   --->   "%specinterface_ln0 = specinterface void @_ssdm_op_SpecInterface, i512 %in_stream, void @empty_6, i32 1, i32 1, void @empty, i32 0, i32 0, void @empty_3, void @empty_3, void @empty_3, i32 0, i32 0, i32 0, i32 0, void @empty_3, void @empty_3, i32 4294967295, i32 0"   --->   Operation 85 'specinterface' 'specinterface_ln0' <Predicate = true> <Delay = 0.00>
ST_4 : Operation 86 [1/1] (0.00ns)   --->   "%specbitsmap_ln0 = specbitsmap void @_ssdm_op_SpecBitsMap, i512 %in_stream"   --->   Operation 86 'specbitsmap' 'specbitsmap_ln0' <Predicate = true> <Delay = 0.00>
ST_4 : Operation 87 [1/1] (0.00ns)   --->   "%specinterface_ln0 = specinterface void @_ssdm_op_SpecInterface, i512 %out_stream, void @empty_6, i32 1, i32 1, void @empty, i32 0, i32 0, void @empty_3, void @empty_3, void @empty_3, i32 0, i32 0, i32 0, i32 0, void @empty_3, void @empty_3, i32 4294967295, i32 0"   --->   Operation 87 'specinterface' 'specinterface_ln0' <Predicate = true> <Delay = 0.00>
ST_4 : Operation 88 [1/1] (0.00ns)   --->   "%specbitsmap_ln0 = specbitsmap void @_ssdm_op_SpecBitsMap, i512 %out_stream"   --->   Operation 88 'specbitsmap' 'specbitsmap_ln0' <Predicate = true> <Delay = 0.00>
ST_4 : Operation 89 [1/1] (0.00ns)   --->   "%specinterface_ln0 = specinterface void @_ssdm_op_SpecInterface, i64 %round_constants, void @empty_1, i32 0, i32 0, void @empty_3, i32 0, i32 0, void @empty_8, void @empty_11, void @empty_3, i32 0, i32 0, i32 0, i32 0, void @empty_3, void @empty_12, i32 4294967295, i32 0"   --->   Operation 89 'specinterface' 'specinterface_ln0' <Predicate = true> <Delay = 0.00>
ST_4 : Operation 90 [1/1] (0.00ns)   --->   "%specinterface_ln0 = specinterface void @_ssdm_op_SpecInterface, i64 %round_constants, void @empty_13, i32 0, i32 0, void @empty_3, i32 0, i32 0, void @empty_3, void @empty_3, void @empty_3, i32 0, i32 0, i32 0, i32 0, void @empty_3, void @empty_12, i32 4294967295, i32 0"   --->   Operation 90 'specinterface' 'specinterface_ln0' <Predicate = true> <Delay = 0.00>
ST_4 : Operation 91 [1/1] (0.00ns)   --->   "%specinterface_ln0 = specinterface void @_ssdm_op_SpecInterface, i64 %mds_matrix, void @empty_1, i32 0, i32 0, void @empty_3, i32 0, i32 0, void @empty_8, void @empty_14, void @empty_3, i32 0, i32 0, i32 0, i32 0, void @empty_3, void @empty_12, i32 4294967295, i32 0"   --->   Operation 91 'specinterface' 'specinterface_ln0' <Predicate = true> <Delay = 0.00>
ST_4 : Operation 92 [1/1] (0.00ns)   --->   "%specinterface_ln0 = specinterface void @_ssdm_op_SpecInterface, i64 %mds_matrix, void @empty_13, i32 0, i32 0, void @empty_3, i32 0, i32 0, void @empty_3, void @empty_3, void @empty_3, i32 0, i32 0, i32 0, i32 0, void @empty_3, void @empty_12, i32 4294967295, i32 0"   --->   Operation 92 'specinterface' 'specinterface_ln0' <Predicate = true> <Delay = 0.00>
ST_4 : Operation 93 [1/1] (0.00ns)   --->   "%specinterface_ln0 = specinterface void @_ssdm_op_SpecInterface, i32 0, void @empty_1, i32 0, i32 0, void @empty_3, i32 0, i32 0, void @empty_8, void @empty_3, void @empty_3, i32 0, i32 0, i32 0, i32 0, void @empty_3, void @empty_3, i32 4294967295, i32 0"   --->   Operation 93 'specinterface' 'specinterface_ln0' <Predicate = true> <Delay = 0.00>
ST_4 : Operation 94 [1/1] (0.00ns)   --->   "%empty_23 = wait i32 @_ssdm_op_Wait"   --->   Operation 94 'wait' 'empty_23' <Predicate = true> <Delay = 0.00>
ST_4 : Operation 95 [1/1] (0.00ns)   --->   "%sext_ln73 = sext i59 %trunc_ln" [poseidon.cpp:73]   --->   Operation 95 'sext' 'sext_ln73' <Predicate = true> <Delay = 0.00>
ST_4 : Operation 96 [1/1] (3.39ns)   --->   "%add_ln55_8 = add i60 %sext_ln73, i60 8" [poseidon.cpp:55]   --->   Operation 96 'add' 'add_ln55_8' <Predicate = true> <Delay = 3.39> <CoreInst = "Adder">   --->   Core 1 'Adder' <Latency = 0> <II = 1> <Delay = 3.41> <FuncUnit> <Opcode : 'add' 'sub'> <InPorts = 2> <OutPorts = 1>
ST_4 : Operation 97 [1/1] (3.39ns)   --->   "%add_ln55_10 = add i60 %sext_ln73, i60 9" [poseidon.cpp:55]   --->   Operation 97 'add' 'add_ln55_10' <Predicate = true> <Delay = 3.39> <CoreInst = "Adder">   --->   Core 1 'Adder' <Latency = 0> <II = 1> <Delay = 3.41> <FuncUnit> <Opcode : 'add' 'sub'> <InPorts = 2> <OutPorts = 1>
ST_4 : Operation 98 [1/1] (3.39ns)   --->   "%add_ln55_12 = add i60 %sext_ln73, i60 10" [poseidon.cpp:55]   --->   Operation 98 'add' 'add_ln55_12' <Predicate = true> <Delay = 3.39> <CoreInst = "Adder">   --->   Core 1 'Adder' <Latency = 0> <II = 1> <Delay = 3.41> <FuncUnit> <Opcode : 'add' 'sub'> <InPorts = 2> <OutPorts = 1>
ST_4 : Operation 99 [1/1] (3.39ns)   --->   "%add_ln55_14 = add i60 %sext_ln73, i60 11" [poseidon.cpp:55]   --->   Operation 99 'add' 'add_ln55_14' <Predicate = true> <Delay = 3.39> <CoreInst = "Adder">   --->   Core 1 'Adder' <Latency = 0> <II = 1> <Delay = 3.41> <FuncUnit> <Opcode : 'add' 'sub'> <InPorts = 2> <OutPorts = 1>
ST_4 : Operation 100 [1/1] (3.39ns)   --->   "%add_ln55_16 = add i60 %sext_ln73, i60 12" [poseidon.cpp:55]   --->   Operation 100 'add' 'add_ln55_16' <Predicate = true> <Delay = 3.39> <CoreInst = "Adder">   --->   Core 1 'Adder' <Latency = 0> <II = 1> <Delay = 3.41> <FuncUnit> <Opcode : 'add' 'sub'> <InPorts = 2> <OutPorts = 1>
ST_4 : Operation 101 [1/1] (3.39ns)   --->   "%add_ln55_18 = add i60 %sext_ln73, i60 13" [poseidon.cpp:55]   --->   Operation 101 'add' 'add_ln55_18' <Predicate = true> <Delay = 3.39> <CoreInst = "Adder">   --->   Core 1 'Adder' <Latency = 0> <II = 1> <Delay = 3.41> <FuncUnit> <Opcode : 'add' 'sub'> <InPorts = 2> <OutPorts = 1>
ST_4 : Operation 102 [1/1] (3.39ns)   --->   "%add_ln55_20 = add i60 %sext_ln73, i60 14" [poseidon.cpp:55]   --->   Operation 102 'add' 'add_ln55_20' <Predicate = true> <Delay = 3.39> <CoreInst = "Adder">   --->   Core 1 'Adder' <Latency = 0> <II = 1> <Delay = 3.41> <FuncUnit> <Opcode : 'add' 'sub'> <InPorts = 2> <OutPorts = 1>
ST_4 : Operation 103 [1/1] (3.39ns)   --->   "%add_ln55_22 = add i60 %sext_ln73, i60 15" [poseidon.cpp:55]   --->   Operation 103 'add' 'add_ln55_22' <Predicate = true> <Delay = 3.39> <CoreInst = "Adder">   --->   Core 1 'Adder' <Latency = 0> <II = 1> <Delay = 3.41> <FuncUnit> <Opcode : 'add' 'sub'> <InPorts = 2> <OutPorts = 1>
ST_4 : Operation 104 [1/1] (3.39ns)   --->   "%add_ln55_24 = add i60 %sext_ln73, i60 16" [poseidon.cpp:55]   --->   Operation 104 'add' 'add_ln55_24' <Predicate = true> <Delay = 3.39> <CoreInst = "Adder">   --->   Core 1 'Adder' <Latency = 0> <II = 1> <Delay = 3.41> <FuncUnit> <Opcode : 'add' 'sub'> <InPorts = 2> <OutPorts = 1>
ST_4 : Operation 105 [1/1] (3.39ns)   --->   "%add_ln55_26 = add i60 %sext_ln73, i60 17" [poseidon.cpp:55]   --->   Operation 105 'add' 'add_ln55_26' <Predicate = true> <Delay = 3.39> <CoreInst = "Adder">   --->   Core 1 'Adder' <Latency = 0> <II = 1> <Delay = 3.41> <FuncUnit> <Opcode : 'add' 'sub'> <InPorts = 2> <OutPorts = 1>
ST_4 : Operation 106 [1/1] (3.39ns)   --->   "%add_ln55_28 = add i60 %sext_ln73, i60 18" [poseidon.cpp:55]   --->   Operation 106 'add' 'add_ln55_28' <Predicate = true> <Delay = 3.39> <CoreInst = "Adder">   --->   Core 1 'Adder' <Latency = 0> <II = 1> <Delay = 3.41> <FuncUnit> <Opcode : 'add' 'sub'> <InPorts = 2> <OutPorts = 1>
ST_4 : Operation 107 [1/1] (3.39ns)   --->   "%add_ln55_30 = add i60 %sext_ln73, i60 19" [poseidon.cpp:55]   --->   Operation 107 'add' 'add_ln55_30' <Predicate = true> <Delay = 3.39> <CoreInst = "Adder">   --->   Core 1 'Adder' <Latency = 0> <II = 1> <Delay = 3.41> <FuncUnit> <Opcode : 'add' 'sub'> <InPorts = 2> <OutPorts = 1>
ST_4 : Operation 108 [1/1] (3.39ns)   --->   "%add_ln55_32 = add i60 %sext_ln73, i60 20" [poseidon.cpp:55]   --->   Operation 108 'add' 'add_ln55_32' <Predicate = true> <Delay = 3.39> <CoreInst = "Adder">   --->   Core 1 'Adder' <Latency = 0> <II = 1> <Delay = 3.41> <FuncUnit> <Opcode : 'add' 'sub'> <InPorts = 2> <OutPorts = 1>
ST_4 : Operation 109 [1/1] (3.39ns)   --->   "%add_ln55_34 = add i60 %sext_ln73, i60 21" [poseidon.cpp:55]   --->   Operation 109 'add' 'add_ln55_34' <Predicate = true> <Delay = 3.39> <CoreInst = "Adder">   --->   Core 1 'Adder' <Latency = 0> <II = 1> <Delay = 3.41> <FuncUnit> <Opcode : 'add' 'sub'> <InPorts = 2> <OutPorts = 1>
ST_4 : Operation 110 [1/1] (3.39ns)   --->   "%add_ln55_36 = add i60 %sext_ln73, i60 22" [poseidon.cpp:55]   --->   Operation 110 'add' 'add_ln55_36' <Predicate = true> <Delay = 3.39> <CoreInst = "Adder">   --->   Core 1 'Adder' <Latency = 0> <II = 1> <Delay = 3.41> <FuncUnit> <Opcode : 'add' 'sub'> <InPorts = 2> <OutPorts = 1>
ST_4 : Operation 111 [1/1] (3.39ns)   --->   "%add_ln55_38 = add i60 %sext_ln73, i60 23" [poseidon.cpp:55]   --->   Operation 111 'add' 'add_ln55_38' <Predicate = true> <Delay = 3.39> <CoreInst = "Adder">   --->   Core 1 'Adder' <Latency = 0> <II = 1> <Delay = 3.41> <FuncUnit> <Opcode : 'add' 'sub'> <InPorts = 2> <OutPorts = 1>
ST_4 : Operation 112 [1/1] (0.00ns)   --->   "%br_ln50 = br void %rc_add" [poseidon.cpp:50]   --->   Operation 112 'br' 'br_ln50' <Predicate = true> <Delay = 0.00>

State 5 <SV = 4> <Delay = 5.07>
ST_5 : Operation 113 [1/1] (0.00ns)   --->   "%r_1 = load i7 %r" [poseidon.cpp:50]   --->   Operation 113 'load' 'r_1' <Predicate = true> <Delay = 0.00>
ST_5 : Operation 114 [1/1] (1.87ns)   --->   "%icmp_ln50 = icmp_eq  i7 %r_1, i7 68" [poseidon.cpp:50]   --->   Operation 114 'icmp' 'icmp_ln50' <Predicate = true> <Delay = 1.87> <CoreInst = "Cmp">   --->   Core 9 'Cmp' <Latency = 0> <II = 1> <Delay = 1.87> <FuncUnit> <Opcode : 'icmp'> <InPorts = 2> <OutPorts = 1>
ST_5 : Operation 115 [1/1] (1.87ns)   --->   "%r_2 = add i7 %r_1, i7 1" [poseidon.cpp:50]   --->   Operation 115 'add' 'r_2' <Predicate = true> <Delay = 1.87> <CoreInst = "Adder">   --->   Core 1 'Adder' <Latency = 0> <II = 1> <Delay = 1.87> <FuncUnit> <Opcode : 'add' 'sub'> <InPorts = 2> <OutPorts = 1>
ST_5 : Operation 116 [1/1] (0.00ns)   --->   "%br_ln50 = br i1 %icmp_ln50, void %rc_add.split, void %for.inc100.preheader" [poseidon.cpp:50]   --->   Operation 116 'br' 'br_ln50' <Predicate = true> <Delay = 0.00>
ST_5 : Operation 117 [1/1] (0.00ns)   --->   "%rc_idx_load = load i11 %rc_idx" [poseidon.cpp:55]   --->   Operation 117 'load' 'rc_idx_load' <Predicate = (!icmp_ln50)> <Delay = 0.00>
ST_5 : Operation 118 [1/1] (0.00ns)   --->   "%zext_ln50 = zext i11 %rc_idx_load" [poseidon.cpp:50]   --->   Operation 118 'zext' 'zext_ln50' <Predicate = (!icmp_ln50)> <Delay = 0.00>
ST_5 : Operation 119 [1/1] (3.39ns)   --->   "%add_ln55 = add i60 %zext_ln50, i60 %sext_ln73" [poseidon.cpp:55]   --->   Operation 119 'add' 'add_ln55' <Predicate = (!icmp_ln50)> <Delay = 3.39> <CoreInst = "Adder">   --->   Core 1 'Adder' <Latency = 0> <II = 1> <Delay = 3.41> <FuncUnit> <Opcode : 'add' 'sub'> <InPorts = 2> <OutPorts = 1>
ST_5 : Operation 120 [1/1] (3.41ns)   --->   "%add_ln55_9 = add i60 %add_ln55_8, i60 %zext_ln50" [poseidon.cpp:55]   --->   Operation 120 'add' 'add_ln55_9' <Predicate = (!icmp_ln50)> <Delay = 3.41> <CoreInst = "Adder">   --->   Core 1 'Adder' <Latency = 0> <II = 1> <Delay = 3.41> <FuncUnit> <Opcode : 'add' 'sub'> <InPorts = 2> <OutPorts = 1>
ST_5 : Operation 121 [1/1] (3.41ns)   --->   "%add_ln55_11 = add i60 %add_ln55_10, i60 %zext_ln50" [poseidon.cpp:55]   --->   Operation 121 'add' 'add_ln55_11' <Predicate = (!icmp_ln50)> <Delay = 3.41> <CoreInst = "Adder">   --->   Core 1 'Adder' <Latency = 0> <II = 1> <Delay = 3.41> <FuncUnit> <Opcode : 'add' 'sub'> <InPorts = 2> <OutPorts = 1>
ST_5 : Operation 122 [1/1] (3.41ns)   --->   "%add_ln55_13 = add i60 %add_ln55_12, i60 %zext_ln50" [poseidon.cpp:55]   --->   Operation 122 'add' 'add_ln55_13' <Predicate = (!icmp_ln50)> <Delay = 3.41> <CoreInst = "Adder">   --->   Core 1 'Adder' <Latency = 0> <II = 1> <Delay = 3.41> <FuncUnit> <Opcode : 'add' 'sub'> <InPorts = 2> <OutPorts = 1>
ST_5 : Operation 123 [1/1] (3.41ns)   --->   "%add_ln55_15 = add i60 %add_ln55_14, i60 %zext_ln50" [poseidon.cpp:55]   --->   Operation 123 'add' 'add_ln55_15' <Predicate = (!icmp_ln50)> <Delay = 3.41> <CoreInst = "Adder">   --->   Core 1 'Adder' <Latency = 0> <II = 1> <Delay = 3.41> <FuncUnit> <Opcode : 'add' 'sub'> <InPorts = 2> <OutPorts = 1>
ST_5 : Operation 124 [1/1] (3.41ns)   --->   "%add_ln55_17 = add i60 %add_ln55_16, i60 %zext_ln50" [poseidon.cpp:55]   --->   Operation 124 'add' 'add_ln55_17' <Predicate = (!icmp_ln50)> <Delay = 3.41> <CoreInst = "Adder">   --->   Core 1 'Adder' <Latency = 0> <II = 1> <Delay = 3.41> <FuncUnit> <Opcode : 'add' 'sub'> <InPorts = 2> <OutPorts = 1>
ST_5 : Operation 125 [1/1] (3.41ns)   --->   "%add_ln55_19 = add i60 %add_ln55_18, i60 %zext_ln50" [poseidon.cpp:55]   --->   Operation 125 'add' 'add_ln55_19' <Predicate = (!icmp_ln50)> <Delay = 3.41> <CoreInst = "Adder">   --->   Core 1 'Adder' <Latency = 0> <II = 1> <Delay = 3.41> <FuncUnit> <Opcode : 'add' 'sub'> <InPorts = 2> <OutPorts = 1>
ST_5 : Operation 126 [1/1] (3.41ns)   --->   "%add_ln55_21 = add i60 %add_ln55_20, i60 %zext_ln50" [poseidon.cpp:55]   --->   Operation 126 'add' 'add_ln55_21' <Predicate = (!icmp_ln50)> <Delay = 3.41> <CoreInst = "Adder">   --->   Core 1 'Adder' <Latency = 0> <II = 1> <Delay = 3.41> <FuncUnit> <Opcode : 'add' 'sub'> <InPorts = 2> <OutPorts = 1>
ST_5 : Operation 127 [1/1] (3.41ns)   --->   "%add_ln55_23 = add i60 %add_ln55_22, i60 %zext_ln50" [poseidon.cpp:55]   --->   Operation 127 'add' 'add_ln55_23' <Predicate = (!icmp_ln50)> <Delay = 3.41> <CoreInst = "Adder">   --->   Core 1 'Adder' <Latency = 0> <II = 1> <Delay = 3.41> <FuncUnit> <Opcode : 'add' 'sub'> <InPorts = 2> <OutPorts = 1>
ST_5 : Operation 128 [1/1] (3.41ns)   --->   "%add_ln55_25 = add i60 %add_ln55_24, i60 %zext_ln50" [poseidon.cpp:55]   --->   Operation 128 'add' 'add_ln55_25' <Predicate = (!icmp_ln50)> <Delay = 3.41> <CoreInst = "Adder">   --->   Core 1 'Adder' <Latency = 0> <II = 1> <Delay = 3.41> <FuncUnit> <Opcode : 'add' 'sub'> <InPorts = 2> <OutPorts = 1>
ST_5 : Operation 129 [1/1] (3.41ns)   --->   "%add_ln55_27 = add i60 %add_ln55_26, i60 %zext_ln50" [poseidon.cpp:55]   --->   Operation 129 'add' 'add_ln55_27' <Predicate = (!icmp_ln50)> <Delay = 3.41> <CoreInst = "Adder">   --->   Core 1 'Adder' <Latency = 0> <II = 1> <Delay = 3.41> <FuncUnit> <Opcode : 'add' 'sub'> <InPorts = 2> <OutPorts = 1>
ST_5 : Operation 130 [1/1] (3.41ns)   --->   "%add_ln55_29 = add i60 %add_ln55_28, i60 %zext_ln50" [poseidon.cpp:55]   --->   Operation 130 'add' 'add_ln55_29' <Predicate = (!icmp_ln50)> <Delay = 3.41> <CoreInst = "Adder">   --->   Core 1 'Adder' <Latency = 0> <II = 1> <Delay = 3.41> <FuncUnit> <Opcode : 'add' 'sub'> <InPorts = 2> <OutPorts = 1>
ST_5 : Operation 131 [1/1] (3.41ns)   --->   "%add_ln55_31 = add i60 %add_ln55_30, i60 %zext_ln50" [poseidon.cpp:55]   --->   Operation 131 'add' 'add_ln55_31' <Predicate = (!icmp_ln50)> <Delay = 3.41> <CoreInst = "Adder">   --->   Core 1 'Adder' <Latency = 0> <II = 1> <Delay = 3.41> <FuncUnit> <Opcode : 'add' 'sub'> <InPorts = 2> <OutPorts = 1>
ST_5 : Operation 132 [1/1] (3.41ns)   --->   "%add_ln55_33 = add i60 %add_ln55_32, i60 %zext_ln50" [poseidon.cpp:55]   --->   Operation 132 'add' 'add_ln55_33' <Predicate = (!icmp_ln50)> <Delay = 3.41> <CoreInst = "Adder">   --->   Core 1 'Adder' <Latency = 0> <II = 1> <Delay = 3.41> <FuncUnit> <Opcode : 'add' 'sub'> <InPorts = 2> <OutPorts = 1>
ST_5 : Operation 133 [1/1] (3.41ns)   --->   "%add_ln55_35 = add i60 %add_ln55_34, i60 %zext_ln50" [poseidon.cpp:55]   --->   Operation 133 'add' 'add_ln55_35' <Predicate = (!icmp_ln50)> <Delay = 3.41> <CoreInst = "Adder">   --->   Core 1 'Adder' <Latency = 0> <II = 1> <Delay = 3.41> <FuncUnit> <Opcode : 'add' 'sub'> <InPorts = 2> <OutPorts = 1>
ST_5 : Operation 134 [1/1] (3.41ns)   --->   "%add_ln55_37 = add i60 %add_ln55_36, i60 %zext_ln50" [poseidon.cpp:55]   --->   Operation 134 'add' 'add_ln55_37' <Predicate = (!icmp_ln50)> <Delay = 3.41> <CoreInst = "Adder">   --->   Core 1 'Adder' <Latency = 0> <II = 1> <Delay = 3.41> <FuncUnit> <Opcode : 'add' 'sub'> <InPorts = 2> <OutPorts = 1>
ST_5 : Operation 135 [1/1] (3.41ns)   --->   "%add_ln55_39 = add i60 %add_ln55_38, i60 %zext_ln50" [poseidon.cpp:55]   --->   Operation 135 'add' 'add_ln55_39' <Predicate = (!icmp_ln50)> <Delay = 3.41> <CoreInst = "Adder">   --->   Core 1 'Adder' <Latency = 0> <II = 1> <Delay = 3.41> <FuncUnit> <Opcode : 'add' 'sub'> <InPorts = 2> <OutPorts = 1>
ST_5 : Operation 136 [1/1] (0.00ns)   --->   "%tmp = partselect i5 @_ssdm_op_PartSelect.i5.i7.i32.i32, i7 %r_1, i32 2, i32 6" [poseidon.cpp:50]   --->   Operation 136 'partselect' 'tmp' <Predicate = (!icmp_ln50)> <Delay = 0.00>
ST_5 : Operation 137 [1/1] (1.78ns)   --->   "%icmp = icmp_eq  i5 %tmp, i5 0" [poseidon.cpp:50]   --->   Operation 137 'icmp' 'icmp' <Predicate = (!icmp_ln50)> <Delay = 1.78> <CoreInst = "Cmp">   --->   Core 9 'Cmp' <Latency = 0> <II = 1> <Delay = 1.78> <FuncUnit> <Opcode : 'icmp'> <InPorts = 2> <OutPorts = 1>
ST_5 : Operation 138 [1/1] (0.00ns)   --->   "%tmp_1 = bitselect i1 @_ssdm_op_BitSelect.i1.i7.i32, i7 %r_1, i32 6" [poseidon.cpp:50]   --->   Operation 138 'bitselect' 'tmp_1' <Predicate = (!icmp_ln50)> <Delay = 0.00>
ST_5 : Operation 139 [1/1] (0.97ns)   --->   "%or_ln62 = or i1 %icmp, i1 %tmp_1" [poseidon.cpp:62]   --->   Operation 139 'or' 'or_ln62' <Predicate = (!icmp_ln50)> <Delay = 0.97> <CoreInst = "LogicGate">   --->   Core 74 'LogicGate' <Latency = 0> <II = 1> <Delay = 0.97> <FuncUnit> <Opcode : 'and' 'or' 'xor'> <InPorts = 2> <OutPorts = 1>
ST_5 : Operation 140 [1/1] (0.00ns)   --->   "%p_0_0_01942_load_1 = load i256 %p_0_0_01942"   --->   Operation 140 'load' 'p_0_0_01942_load_1' <Predicate = (icmp_ln50)> <Delay = 0.00>
ST_5 : Operation 141 [1/1] (0.00ns)   --->   "%p_0_0_011_144_load_1 = load i256 %p_0_0_011_144"   --->   Operation 141 'load' 'p_0_0_011_144_load_1' <Predicate = (icmp_ln50)> <Delay = 0.00>
ST_5 : Operation 142 [1/1] (0.00ns)   --->   "%p_0_0_011_246_load_1 = load i256 %p_0_0_011_246"   --->   Operation 142 'load' 'p_0_0_011_246_load_1' <Predicate = (icmp_ln50)> <Delay = 0.00>
ST_5 : Operation 143 [1/1] (0.00ns)   --->   "%p_0_0_011_348_load_1 = load i256 %p_0_0_011_348"   --->   Operation 143 'load' 'p_0_0_011_348_load_1' <Predicate = (icmp_ln50)> <Delay = 0.00>
ST_5 : Operation 144 [1/1] (0.00ns)   --->   "%p_0_0_011_450_load_1 = load i256 %p_0_0_011_450"   --->   Operation 144 'load' 'p_0_0_011_450_load_1' <Predicate = (icmp_ln50)> <Delay = 0.00>
ST_5 : Operation 145 [1/1] (0.00ns)   --->   "%p_0_0_011_552_load_1 = load i256 %p_0_0_011_552"   --->   Operation 145 'load' 'p_0_0_011_552_load_1' <Predicate = (icmp_ln50)> <Delay = 0.00>
ST_5 : Operation 146 [1/1] (0.00ns)   --->   "%p_0_0_011_654_load_1 = load i256 %p_0_0_011_654"   --->   Operation 146 'load' 'p_0_0_011_654_load_1' <Predicate = (icmp_ln50)> <Delay = 0.00>
ST_5 : Operation 147 [1/1] (0.00ns)   --->   "%p_0_0_011_756_load_1 = load i256 %p_0_0_011_756"   --->   Operation 147 'load' 'p_0_0_011_756_load_1' <Predicate = (icmp_ln50)> <Delay = 0.00>
ST_5 : Operation 148 [1/1] (0.00ns)   --->   "%p_0_0_011_858_load_1 = load i256 %p_0_0_011_858"   --->   Operation 148 'load' 'p_0_0_011_858_load_1' <Predicate = (icmp_ln50)> <Delay = 0.00>
ST_5 : Operation 149 [1/1] (0.00ns)   --->   "%p_0_0_011_960_load_1 = load i256 %p_0_0_011_960"   --->   Operation 149 'load' 'p_0_0_011_960_load_1' <Predicate = (icmp_ln50)> <Delay = 0.00>
ST_5 : Operation 150 [1/1] (0.00ns)   --->   "%p_0_0_011_1062_load_1 = load i256 %p_0_0_011_1062"   --->   Operation 150 'load' 'p_0_0_011_1062_load_1' <Predicate = (icmp_ln50)> <Delay = 0.00>
ST_5 : Operation 151 [1/1] (0.00ns)   --->   "%p_0_0_011_1164_load_1 = load i256 %p_0_0_011_1164"   --->   Operation 151 'load' 'p_0_0_011_1164_load_1' <Predicate = (icmp_ln50)> <Delay = 0.00>
ST_5 : Operation 152 [1/1] (0.00ns)   --->   "%p_0_0_011_1266_load_1 = load i256 %p_0_0_011_1266"   --->   Operation 152 'load' 'p_0_0_011_1266_load_1' <Predicate = (icmp_ln50)> <Delay = 0.00>
ST_5 : Operation 153 [1/1] (0.00ns)   --->   "%p_0_0_011_1368_load_1 = load i256 %p_0_0_011_1368"   --->   Operation 153 'load' 'p_0_0_011_1368_load_1' <Predicate = (icmp_ln50)> <Delay = 0.00>
ST_5 : Operation 154 [1/1] (0.00ns)   --->   "%p_0_0_011_1470_load_1 = load i256 %p_0_0_011_1470"   --->   Operation 154 'load' 'p_0_0_011_1470_load_1' <Predicate = (icmp_ln50)> <Delay = 0.00>
ST_5 : Operation 155 [1/1] (0.00ns)   --->   "%p_0_0_011_1572_load_1 = load i256 %p_0_0_011_1572"   --->   Operation 155 'load' 'p_0_0_011_1572_load_1' <Predicate = (icmp_ln50)> <Delay = 0.00>
ST_5 : Operation 156 [1/1] (0.00ns)   --->   "%p_0_0_011_1674_load_1 = load i256 %p_0_0_011_1674"   --->   Operation 156 'load' 'p_0_0_011_1674_load_1' <Predicate = (icmp_ln50)> <Delay = 0.00>
ST_5 : Operation 157 [1/1] (0.00ns)   --->   "%p_0_0_011_1776_load_1 = load i256 %p_0_0_011_1776"   --->   Operation 157 'load' 'p_0_0_011_1776_load_1' <Predicate = (icmp_ln50)> <Delay = 0.00>
ST_5 : Operation 158 [1/1] (0.00ns)   --->   "%p_0_0_011_1878_load_1 = load i256 %p_0_0_011_1878"   --->   Operation 158 'load' 'p_0_0_011_1878_load_1' <Predicate = (icmp_ln50)> <Delay = 0.00>
ST_5 : Operation 159 [1/1] (0.00ns)   --->   "%p_0_0_011_1980_load_1 = load i256 %p_0_0_011_1980"   --->   Operation 159 'load' 'p_0_0_011_1980_load_1' <Predicate = (icmp_ln50)> <Delay = 0.00>
ST_5 : Operation 160 [1/1] (0.00ns)   --->   "%p_0_0_011_2082_load_1 = load i256 %p_0_0_011_2082"   --->   Operation 160 'load' 'p_0_0_011_2082_load_1' <Predicate = (icmp_ln50)> <Delay = 0.00>
ST_5 : Operation 161 [1/1] (0.00ns)   --->   "%p_0_0_011_2184_load_1 = load i256 %p_0_0_011_2184"   --->   Operation 161 'load' 'p_0_0_011_2184_load_1' <Predicate = (icmp_ln50)> <Delay = 0.00>
ST_5 : Operation 162 [1/1] (0.00ns)   --->   "%p_0_0_011_2286_load_1 = load i256 %p_0_0_011_2286"   --->   Operation 162 'load' 'p_0_0_011_2286_load_1' <Predicate = (icmp_ln50)> <Delay = 0.00>
ST_5 : Operation 163 [1/1] (0.00ns)   --->   "%p_0_0_011_2388_load_1 = load i256 %p_0_0_011_2388"   --->   Operation 163 'load' 'p_0_0_011_2388_load_1' <Predicate = (icmp_ln50)> <Delay = 0.00>
ST_5 : Operation 164 [1/1] (0.00ns)   --->   "%empty_24 = wait i32 @_ssdm_op_Wait"   --->   Operation 164 'wait' 'empty_24' <Predicate = (icmp_ln50)> <Delay = 0.00>
ST_5 : Operation 165 [2/2] (3.20ns)   --->   "%call_ln0 = call void @poseidon_top_Pipeline_VITIS_LOOP_92_3, i256 %p_0_0_01942_load_1, i256 %p_0_0_011_144_load_1, i256 %p_0_0_011_246_load_1, i256 %p_0_0_011_348_load_1, i256 %p_0_0_011_450_load_1, i256 %p_0_0_011_552_load_1, i256 %p_0_0_011_654_load_1, i256 %p_0_0_011_756_load_1, i256 %p_0_0_011_858_load_1, i256 %p_0_0_011_960_load_1, i256 %p_0_0_011_1062_load_1, i256 %p_0_0_011_1164_load_1, i256 %p_0_0_011_1266_load_1, i256 %p_0_0_011_1368_load_1, i256 %p_0_0_011_1470_load_1, i256 %p_0_0_011_1572_load_1, i256 %p_0_0_011_1674_load_1, i256 %p_0_0_011_1776_load_1, i256 %p_0_0_011_1878_load_1, i256 %p_0_0_011_1980_load_1, i256 %p_0_0_011_2082_load_1, i256 %p_0_0_011_2184_load_1, i256 %p_0_0_011_2286_load_1, i256 %p_0_0_011_2388_load_1, i512 %out_stream"   --->   Operation 165 'call' 'call_ln0' <Predicate = (icmp_ln50)> <Delay = 3.20> <CoreType = "Generic">   --->   Core 0 '' <Latency = 0> <II = 1> <Delay = 1.00> <Generic> <Opcode : >

State 6 <SV = 5> <Delay = 7.30>
ST_6 : Operation 166 [1/1] (0.00ns) (grouped into LUT with out node add_ln55_1)   --->   "%or_ln55 = or i11 %rc_idx_load, i11 1" [poseidon.cpp:55]   --->   Operation 166 'or' 'or_ln55' <Predicate = true> <Delay = 0.00>
ST_6 : Operation 167 [1/1] (0.00ns) (grouped into LUT with out node add_ln55_1)   --->   "%zext_ln55 = zext i11 %or_ln55" [poseidon.cpp:55]   --->   Operation 167 'zext' 'zext_ln55' <Predicate = true> <Delay = 0.00>
ST_6 : Operation 168 [1/1] (0.00ns)   --->   "%sext_ln55 = sext i60 %add_ln55" [poseidon.cpp:55]   --->   Operation 168 'sext' 'sext_ln55' <Predicate = true> <Delay = 0.00>
ST_6 : Operation 169 [1/1] (0.00ns)   --->   "%gmem_addr = getelementptr i256 %gmem, i64 %sext_ln55" [poseidon.cpp:55]   --->   Operation 169 'getelementptr' 'gmem_addr' <Predicate = true> <Delay = 0.00>
ST_6 : Operation 170 [8/8] (7.30ns)   --->   "%gmem_load_req = readreq i1 @_ssdm_op_ReadReq.m_axi.i256P1A, i64 %gmem_addr, i32 1" [poseidon.cpp:55]   --->   Operation 170 'readreq' 'gmem_load_req' <Predicate = true> <Delay = 7.30> <CoreInst = "m_axi">   --->   Core 113 'm_axi' <Latency = 0> <II = 1> <Delay = 1.00> <Adapter> <Opcode : 'read' 'write' 'readreq' 'writereq' 'writeresp'>
ST_6 : Operation 171 [1/1] (3.39ns) (out node of the LUT)   --->   "%add_ln55_1 = add i60 %zext_ln55, i60 %sext_ln73" [poseidon.cpp:55]   --->   Operation 171 'add' 'add_ln55_1' <Predicate = true> <Delay = 3.39> <CoreInst = "Adder">   --->   Core 1 'Adder' <Latency = 0> <II = 1> <Delay = 3.41> <FuncUnit> <Opcode : 'add' 'sub'> <InPorts = 2> <OutPorts = 1>

State 7 <SV = 6> <Delay = 7.30>
ST_7 : Operation 172 [1/1] (0.00ns) (grouped into LUT with out node add_ln55_2)   --->   "%or_ln55_1 = or i11 %rc_idx_load, i11 2" [poseidon.cpp:55]   --->   Operation 172 'or' 'or_ln55_1' <Predicate = true> <Delay = 0.00>
ST_7 : Operation 173 [1/1] (0.00ns) (grouped into LUT with out node add_ln55_2)   --->   "%zext_ln55_1 = zext i11 %or_ln55_1" [poseidon.cpp:55]   --->   Operation 173 'zext' 'zext_ln55_1' <Predicate = true> <Delay = 0.00>
ST_7 : Operation 174 [7/8] (7.30ns)   --->   "%gmem_load_req = readreq i1 @_ssdm_op_ReadReq.m_axi.i256P1A, i64 %gmem_addr, i32 1" [poseidon.cpp:55]   --->   Operation 174 'readreq' 'gmem_load_req' <Predicate = true> <Delay = 7.30> <CoreInst = "m_axi">   --->   Core 113 'm_axi' <Latency = 0> <II = 1> <Delay = 1.00> <Adapter> <Opcode : 'read' 'write' 'readreq' 'writereq' 'writeresp'>
ST_7 : Operation 175 [1/1] (0.00ns)   --->   "%sext_ln55_1 = sext i60 %add_ln55_1" [poseidon.cpp:55]   --->   Operation 175 'sext' 'sext_ln55_1' <Predicate = true> <Delay = 0.00>
ST_7 : Operation 176 [1/1] (0.00ns)   --->   "%gmem_addr_1 = getelementptr i256 %gmem, i64 %sext_ln55_1" [poseidon.cpp:55]   --->   Operation 176 'getelementptr' 'gmem_addr_1' <Predicate = true> <Delay = 0.00>
ST_7 : Operation 177 [8/8] (7.30ns)   --->   "%gmem_load_1_req = readreq i1 @_ssdm_op_ReadReq.m_axi.i256P1A, i64 %gmem_addr_1, i32 1" [poseidon.cpp:55]   --->   Operation 177 'readreq' 'gmem_load_1_req' <Predicate = true> <Delay = 7.30> <CoreInst = "m_axi">   --->   Core 113 'm_axi' <Latency = 0> <II = 1> <Delay = 1.00> <Adapter> <Opcode : 'read' 'write' 'readreq' 'writereq' 'writeresp'>
ST_7 : Operation 178 [1/1] (3.39ns) (out node of the LUT)   --->   "%add_ln55_2 = add i60 %zext_ln55_1, i60 %sext_ln73" [poseidon.cpp:55]   --->   Operation 178 'add' 'add_ln55_2' <Predicate = true> <Delay = 3.39> <CoreInst = "Adder">   --->   Core 1 'Adder' <Latency = 0> <II = 1> <Delay = 3.41> <FuncUnit> <Opcode : 'add' 'sub'> <InPorts = 2> <OutPorts = 1>

State 8 <SV = 7> <Delay = 7.30>
ST_8 : Operation 179 [1/1] (0.00ns) (grouped into LUT with out node add_ln55_3)   --->   "%or_ln55_2 = or i11 %rc_idx_load, i11 3" [poseidon.cpp:55]   --->   Operation 179 'or' 'or_ln55_2' <Predicate = true> <Delay = 0.00>
ST_8 : Operation 180 [1/1] (0.00ns) (grouped into LUT with out node add_ln55_3)   --->   "%zext_ln55_2 = zext i11 %or_ln55_2" [poseidon.cpp:55]   --->   Operation 180 'zext' 'zext_ln55_2' <Predicate = true> <Delay = 0.00>
ST_8 : Operation 181 [6/8] (7.30ns)   --->   "%gmem_load_req = readreq i1 @_ssdm_op_ReadReq.m_axi.i256P1A, i64 %gmem_addr, i32 1" [poseidon.cpp:55]   --->   Operation 181 'readreq' 'gmem_load_req' <Predicate = true> <Delay = 7.30> <CoreInst = "m_axi">   --->   Core 113 'm_axi' <Latency = 0> <II = 1> <Delay = 1.00> <Adapter> <Opcode : 'read' 'write' 'readreq' 'writereq' 'writeresp'>
ST_8 : Operation 182 [7/8] (7.30ns)   --->   "%gmem_load_1_req = readreq i1 @_ssdm_op_ReadReq.m_axi.i256P1A, i64 %gmem_addr_1, i32 1" [poseidon.cpp:55]   --->   Operation 182 'readreq' 'gmem_load_1_req' <Predicate = true> <Delay = 7.30> <CoreInst = "m_axi">   --->   Core 113 'm_axi' <Latency = 0> <II = 1> <Delay = 1.00> <Adapter> <Opcode : 'read' 'write' 'readreq' 'writereq' 'writeresp'>
ST_8 : Operation 183 [1/1] (0.00ns)   --->   "%sext_ln55_2 = sext i60 %add_ln55_2" [poseidon.cpp:55]   --->   Operation 183 'sext' 'sext_ln55_2' <Predicate = true> <Delay = 0.00>
ST_8 : Operation 184 [1/1] (0.00ns)   --->   "%gmem_addr_2 = getelementptr i256 %gmem, i64 %sext_ln55_2" [poseidon.cpp:55]   --->   Operation 184 'getelementptr' 'gmem_addr_2' <Predicate = true> <Delay = 0.00>
ST_8 : Operation 185 [8/8] (7.30ns)   --->   "%gmem_load_2_req = readreq i1 @_ssdm_op_ReadReq.m_axi.i256P1A, i64 %gmem_addr_2, i32 1" [poseidon.cpp:55]   --->   Operation 185 'readreq' 'gmem_load_2_req' <Predicate = true> <Delay = 7.30> <CoreInst = "m_axi">   --->   Core 113 'm_axi' <Latency = 0> <II = 1> <Delay = 1.00> <Adapter> <Opcode : 'read' 'write' 'readreq' 'writereq' 'writeresp'>
ST_8 : Operation 186 [1/1] (3.39ns) (out node of the LUT)   --->   "%add_ln55_3 = add i60 %zext_ln55_2, i60 %sext_ln73" [poseidon.cpp:55]   --->   Operation 186 'add' 'add_ln55_3' <Predicate = true> <Delay = 3.39> <CoreInst = "Adder">   --->   Core 1 'Adder' <Latency = 0> <II = 1> <Delay = 3.41> <FuncUnit> <Opcode : 'add' 'sub'> <InPorts = 2> <OutPorts = 1>

State 9 <SV = 8> <Delay = 7.30>
ST_9 : Operation 187 [1/1] (0.00ns) (grouped into LUT with out node add_ln55_4)   --->   "%or_ln55_3 = or i11 %rc_idx_load, i11 4" [poseidon.cpp:55]   --->   Operation 187 'or' 'or_ln55_3' <Predicate = true> <Delay = 0.00>
ST_9 : Operation 188 [1/1] (0.00ns) (grouped into LUT with out node add_ln55_4)   --->   "%zext_ln55_3 = zext i11 %or_ln55_3" [poseidon.cpp:55]   --->   Operation 188 'zext' 'zext_ln55_3' <Predicate = true> <Delay = 0.00>
ST_9 : Operation 189 [5/8] (7.30ns)   --->   "%gmem_load_req = readreq i1 @_ssdm_op_ReadReq.m_axi.i256P1A, i64 %gmem_addr, i32 1" [poseidon.cpp:55]   --->   Operation 189 'readreq' 'gmem_load_req' <Predicate = true> <Delay = 7.30> <CoreInst = "m_axi">   --->   Core 113 'm_axi' <Latency = 0> <II = 1> <Delay = 1.00> <Adapter> <Opcode : 'read' 'write' 'readreq' 'writereq' 'writeresp'>
ST_9 : Operation 190 [6/8] (7.30ns)   --->   "%gmem_load_1_req = readreq i1 @_ssdm_op_ReadReq.m_axi.i256P1A, i64 %gmem_addr_1, i32 1" [poseidon.cpp:55]   --->   Operation 190 'readreq' 'gmem_load_1_req' <Predicate = true> <Delay = 7.30> <CoreInst = "m_axi">   --->   Core 113 'm_axi' <Latency = 0> <II = 1> <Delay = 1.00> <Adapter> <Opcode : 'read' 'write' 'readreq' 'writereq' 'writeresp'>
ST_9 : Operation 191 [7/8] (7.30ns)   --->   "%gmem_load_2_req = readreq i1 @_ssdm_op_ReadReq.m_axi.i256P1A, i64 %gmem_addr_2, i32 1" [poseidon.cpp:55]   --->   Operation 191 'readreq' 'gmem_load_2_req' <Predicate = true> <Delay = 7.30> <CoreInst = "m_axi">   --->   Core 113 'm_axi' <Latency = 0> <II = 1> <Delay = 1.00> <Adapter> <Opcode : 'read' 'write' 'readreq' 'writereq' 'writeresp'>
ST_9 : Operation 192 [1/1] (0.00ns)   --->   "%sext_ln55_3 = sext i60 %add_ln55_3" [poseidon.cpp:55]   --->   Operation 192 'sext' 'sext_ln55_3' <Predicate = true> <Delay = 0.00>
ST_9 : Operation 193 [1/1] (0.00ns)   --->   "%gmem_addr_3 = getelementptr i256 %gmem, i64 %sext_ln55_3" [poseidon.cpp:55]   --->   Operation 193 'getelementptr' 'gmem_addr_3' <Predicate = true> <Delay = 0.00>
ST_9 : Operation 194 [8/8] (7.30ns)   --->   "%gmem_load_3_req = readreq i1 @_ssdm_op_ReadReq.m_axi.i256P1A, i64 %gmem_addr_3, i32 1" [poseidon.cpp:55]   --->   Operation 194 'readreq' 'gmem_load_3_req' <Predicate = true> <Delay = 7.30> <CoreInst = "m_axi">   --->   Core 113 'm_axi' <Latency = 0> <II = 1> <Delay = 1.00> <Adapter> <Opcode : 'read' 'write' 'readreq' 'writereq' 'writeresp'>
ST_9 : Operation 195 [1/1] (3.39ns) (out node of the LUT)   --->   "%add_ln55_4 = add i60 %zext_ln55_3, i60 %sext_ln73" [poseidon.cpp:55]   --->   Operation 195 'add' 'add_ln55_4' <Predicate = true> <Delay = 3.39> <CoreInst = "Adder">   --->   Core 1 'Adder' <Latency = 0> <II = 1> <Delay = 3.41> <FuncUnit> <Opcode : 'add' 'sub'> <InPorts = 2> <OutPorts = 1>

State 10 <SV = 9> <Delay = 7.30>
ST_10 : Operation 196 [1/1] (0.00ns) (grouped into LUT with out node add_ln55_5)   --->   "%or_ln55_4 = or i11 %rc_idx_load, i11 5" [poseidon.cpp:55]   --->   Operation 196 'or' 'or_ln55_4' <Predicate = true> <Delay = 0.00>
ST_10 : Operation 197 [1/1] (0.00ns) (grouped into LUT with out node add_ln55_5)   --->   "%zext_ln55_4 = zext i11 %or_ln55_4" [poseidon.cpp:55]   --->   Operation 197 'zext' 'zext_ln55_4' <Predicate = true> <Delay = 0.00>
ST_10 : Operation 198 [4/8] (7.30ns)   --->   "%gmem_load_req = readreq i1 @_ssdm_op_ReadReq.m_axi.i256P1A, i64 %gmem_addr, i32 1" [poseidon.cpp:55]   --->   Operation 198 'readreq' 'gmem_load_req' <Predicate = true> <Delay = 7.30> <CoreInst = "m_axi">   --->   Core 113 'm_axi' <Latency = 0> <II = 1> <Delay = 1.00> <Adapter> <Opcode : 'read' 'write' 'readreq' 'writereq' 'writeresp'>
ST_10 : Operation 199 [5/8] (7.30ns)   --->   "%gmem_load_1_req = readreq i1 @_ssdm_op_ReadReq.m_axi.i256P1A, i64 %gmem_addr_1, i32 1" [poseidon.cpp:55]   --->   Operation 199 'readreq' 'gmem_load_1_req' <Predicate = true> <Delay = 7.30> <CoreInst = "m_axi">   --->   Core 113 'm_axi' <Latency = 0> <II = 1> <Delay = 1.00> <Adapter> <Opcode : 'read' 'write' 'readreq' 'writereq' 'writeresp'>
ST_10 : Operation 200 [6/8] (7.30ns)   --->   "%gmem_load_2_req = readreq i1 @_ssdm_op_ReadReq.m_axi.i256P1A, i64 %gmem_addr_2, i32 1" [poseidon.cpp:55]   --->   Operation 200 'readreq' 'gmem_load_2_req' <Predicate = true> <Delay = 7.30> <CoreInst = "m_axi">   --->   Core 113 'm_axi' <Latency = 0> <II = 1> <Delay = 1.00> <Adapter> <Opcode : 'read' 'write' 'readreq' 'writereq' 'writeresp'>
ST_10 : Operation 201 [7/8] (7.30ns)   --->   "%gmem_load_3_req = readreq i1 @_ssdm_op_ReadReq.m_axi.i256P1A, i64 %gmem_addr_3, i32 1" [poseidon.cpp:55]   --->   Operation 201 'readreq' 'gmem_load_3_req' <Predicate = true> <Delay = 7.30> <CoreInst = "m_axi">   --->   Core 113 'm_axi' <Latency = 0> <II = 1> <Delay = 1.00> <Adapter> <Opcode : 'read' 'write' 'readreq' 'writereq' 'writeresp'>
ST_10 : Operation 202 [1/1] (0.00ns)   --->   "%sext_ln55_4 = sext i60 %add_ln55_4" [poseidon.cpp:55]   --->   Operation 202 'sext' 'sext_ln55_4' <Predicate = true> <Delay = 0.00>
ST_10 : Operation 203 [1/1] (0.00ns)   --->   "%gmem_addr_4 = getelementptr i256 %gmem, i64 %sext_ln55_4" [poseidon.cpp:55]   --->   Operation 203 'getelementptr' 'gmem_addr_4' <Predicate = true> <Delay = 0.00>
ST_10 : Operation 204 [8/8] (7.30ns)   --->   "%gmem_load_4_req = readreq i1 @_ssdm_op_ReadReq.m_axi.i256P1A, i64 %gmem_addr_4, i32 1" [poseidon.cpp:55]   --->   Operation 204 'readreq' 'gmem_load_4_req' <Predicate = true> <Delay = 7.30> <CoreInst = "m_axi">   --->   Core 113 'm_axi' <Latency = 0> <II = 1> <Delay = 1.00> <Adapter> <Opcode : 'read' 'write' 'readreq' 'writereq' 'writeresp'>
ST_10 : Operation 205 [1/1] (3.39ns) (out node of the LUT)   --->   "%add_ln55_5 = add i60 %zext_ln55_4, i60 %sext_ln73" [poseidon.cpp:55]   --->   Operation 205 'add' 'add_ln55_5' <Predicate = true> <Delay = 3.39> <CoreInst = "Adder">   --->   Core 1 'Adder' <Latency = 0> <II = 1> <Delay = 3.41> <FuncUnit> <Opcode : 'add' 'sub'> <InPorts = 2> <OutPorts = 1>

State 11 <SV = 10> <Delay = 7.30>
ST_11 : Operation 206 [1/1] (0.00ns) (grouped into LUT with out node add_ln55_6)   --->   "%or_ln55_5 = or i11 %rc_idx_load, i11 6" [poseidon.cpp:55]   --->   Operation 206 'or' 'or_ln55_5' <Predicate = true> <Delay = 0.00>
ST_11 : Operation 207 [1/1] (0.00ns) (grouped into LUT with out node add_ln55_6)   --->   "%zext_ln55_5 = zext i11 %or_ln55_5" [poseidon.cpp:55]   --->   Operation 207 'zext' 'zext_ln55_5' <Predicate = true> <Delay = 0.00>
ST_11 : Operation 208 [3/8] (7.30ns)   --->   "%gmem_load_req = readreq i1 @_ssdm_op_ReadReq.m_axi.i256P1A, i64 %gmem_addr, i32 1" [poseidon.cpp:55]   --->   Operation 208 'readreq' 'gmem_load_req' <Predicate = true> <Delay = 7.30> <CoreInst = "m_axi">   --->   Core 113 'm_axi' <Latency = 0> <II = 1> <Delay = 1.00> <Adapter> <Opcode : 'read' 'write' 'readreq' 'writereq' 'writeresp'>
ST_11 : Operation 209 [4/8] (7.30ns)   --->   "%gmem_load_1_req = readreq i1 @_ssdm_op_ReadReq.m_axi.i256P1A, i64 %gmem_addr_1, i32 1" [poseidon.cpp:55]   --->   Operation 209 'readreq' 'gmem_load_1_req' <Predicate = true> <Delay = 7.30> <CoreInst = "m_axi">   --->   Core 113 'm_axi' <Latency = 0> <II = 1> <Delay = 1.00> <Adapter> <Opcode : 'read' 'write' 'readreq' 'writereq' 'writeresp'>
ST_11 : Operation 210 [5/8] (7.30ns)   --->   "%gmem_load_2_req = readreq i1 @_ssdm_op_ReadReq.m_axi.i256P1A, i64 %gmem_addr_2, i32 1" [poseidon.cpp:55]   --->   Operation 210 'readreq' 'gmem_load_2_req' <Predicate = true> <Delay = 7.30> <CoreInst = "m_axi">   --->   Core 113 'm_axi' <Latency = 0> <II = 1> <Delay = 1.00> <Adapter> <Opcode : 'read' 'write' 'readreq' 'writereq' 'writeresp'>
ST_11 : Operation 211 [6/8] (7.30ns)   --->   "%gmem_load_3_req = readreq i1 @_ssdm_op_ReadReq.m_axi.i256P1A, i64 %gmem_addr_3, i32 1" [poseidon.cpp:55]   --->   Operation 211 'readreq' 'gmem_load_3_req' <Predicate = true> <Delay = 7.30> <CoreInst = "m_axi">   --->   Core 113 'm_axi' <Latency = 0> <II = 1> <Delay = 1.00> <Adapter> <Opcode : 'read' 'write' 'readreq' 'writereq' 'writeresp'>
ST_11 : Operation 212 [7/8] (7.30ns)   --->   "%gmem_load_4_req = readreq i1 @_ssdm_op_ReadReq.m_axi.i256P1A, i64 %gmem_addr_4, i32 1" [poseidon.cpp:55]   --->   Operation 212 'readreq' 'gmem_load_4_req' <Predicate = true> <Delay = 7.30> <CoreInst = "m_axi">   --->   Core 113 'm_axi' <Latency = 0> <II = 1> <Delay = 1.00> <Adapter> <Opcode : 'read' 'write' 'readreq' 'writereq' 'writeresp'>
ST_11 : Operation 213 [1/1] (0.00ns)   --->   "%sext_ln55_5 = sext i60 %add_ln55_5" [poseidon.cpp:55]   --->   Operation 213 'sext' 'sext_ln55_5' <Predicate = true> <Delay = 0.00>
ST_11 : Operation 214 [1/1] (0.00ns)   --->   "%gmem_addr_5 = getelementptr i256 %gmem, i64 %sext_ln55_5" [poseidon.cpp:55]   --->   Operation 214 'getelementptr' 'gmem_addr_5' <Predicate = true> <Delay = 0.00>
ST_11 : Operation 215 [8/8] (7.30ns)   --->   "%gmem_load_5_req = readreq i1 @_ssdm_op_ReadReq.m_axi.i256P1A, i64 %gmem_addr_5, i32 1" [poseidon.cpp:55]   --->   Operation 215 'readreq' 'gmem_load_5_req' <Predicate = true> <Delay = 7.30> <CoreInst = "m_axi">   --->   Core 113 'm_axi' <Latency = 0> <II = 1> <Delay = 1.00> <Adapter> <Opcode : 'read' 'write' 'readreq' 'writereq' 'writeresp'>
ST_11 : Operation 216 [1/1] (3.39ns) (out node of the LUT)   --->   "%add_ln55_6 = add i60 %zext_ln55_5, i60 %sext_ln73" [poseidon.cpp:55]   --->   Operation 216 'add' 'add_ln55_6' <Predicate = true> <Delay = 3.39> <CoreInst = "Adder">   --->   Core 1 'Adder' <Latency = 0> <II = 1> <Delay = 3.41> <FuncUnit> <Opcode : 'add' 'sub'> <InPorts = 2> <OutPorts = 1>

State 12 <SV = 11> <Delay = 7.30>
ST_12 : Operation 217 [1/1] (0.00ns) (grouped into LUT with out node add_ln55_7)   --->   "%or_ln55_6 = or i11 %rc_idx_load, i11 7" [poseidon.cpp:55]   --->   Operation 217 'or' 'or_ln55_6' <Predicate = true> <Delay = 0.00>
ST_12 : Operation 218 [1/1] (0.00ns) (grouped into LUT with out node add_ln55_7)   --->   "%zext_ln55_6 = zext i11 %or_ln55_6" [poseidon.cpp:55]   --->   Operation 218 'zext' 'zext_ln55_6' <Predicate = true> <Delay = 0.00>
ST_12 : Operation 219 [2/8] (7.30ns)   --->   "%gmem_load_req = readreq i1 @_ssdm_op_ReadReq.m_axi.i256P1A, i64 %gmem_addr, i32 1" [poseidon.cpp:55]   --->   Operation 219 'readreq' 'gmem_load_req' <Predicate = true> <Delay = 7.30> <CoreInst = "m_axi">   --->   Core 113 'm_axi' <Latency = 0> <II = 1> <Delay = 1.00> <Adapter> <Opcode : 'read' 'write' 'readreq' 'writereq' 'writeresp'>
ST_12 : Operation 220 [3/8] (7.30ns)   --->   "%gmem_load_1_req = readreq i1 @_ssdm_op_ReadReq.m_axi.i256P1A, i64 %gmem_addr_1, i32 1" [poseidon.cpp:55]   --->   Operation 220 'readreq' 'gmem_load_1_req' <Predicate = true> <Delay = 7.30> <CoreInst = "m_axi">   --->   Core 113 'm_axi' <Latency = 0> <II = 1> <Delay = 1.00> <Adapter> <Opcode : 'read' 'write' 'readreq' 'writereq' 'writeresp'>
ST_12 : Operation 221 [4/8] (7.30ns)   --->   "%gmem_load_2_req = readreq i1 @_ssdm_op_ReadReq.m_axi.i256P1A, i64 %gmem_addr_2, i32 1" [poseidon.cpp:55]   --->   Operation 221 'readreq' 'gmem_load_2_req' <Predicate = true> <Delay = 7.30> <CoreInst = "m_axi">   --->   Core 113 'm_axi' <Latency = 0> <II = 1> <Delay = 1.00> <Adapter> <Opcode : 'read' 'write' 'readreq' 'writereq' 'writeresp'>
ST_12 : Operation 222 [5/8] (7.30ns)   --->   "%gmem_load_3_req = readreq i1 @_ssdm_op_ReadReq.m_axi.i256P1A, i64 %gmem_addr_3, i32 1" [poseidon.cpp:55]   --->   Operation 222 'readreq' 'gmem_load_3_req' <Predicate = true> <Delay = 7.30> <CoreInst = "m_axi">   --->   Core 113 'm_axi' <Latency = 0> <II = 1> <Delay = 1.00> <Adapter> <Opcode : 'read' 'write' 'readreq' 'writereq' 'writeresp'>
ST_12 : Operation 223 [6/8] (7.30ns)   --->   "%gmem_load_4_req = readreq i1 @_ssdm_op_ReadReq.m_axi.i256P1A, i64 %gmem_addr_4, i32 1" [poseidon.cpp:55]   --->   Operation 223 'readreq' 'gmem_load_4_req' <Predicate = true> <Delay = 7.30> <CoreInst = "m_axi">   --->   Core 113 'm_axi' <Latency = 0> <II = 1> <Delay = 1.00> <Adapter> <Opcode : 'read' 'write' 'readreq' 'writereq' 'writeresp'>
ST_12 : Operation 224 [7/8] (7.30ns)   --->   "%gmem_load_5_req = readreq i1 @_ssdm_op_ReadReq.m_axi.i256P1A, i64 %gmem_addr_5, i32 1" [poseidon.cpp:55]   --->   Operation 224 'readreq' 'gmem_load_5_req' <Predicate = true> <Delay = 7.30> <CoreInst = "m_axi">   --->   Core 113 'm_axi' <Latency = 0> <II = 1> <Delay = 1.00> <Adapter> <Opcode : 'read' 'write' 'readreq' 'writereq' 'writeresp'>
ST_12 : Operation 225 [1/1] (0.00ns)   --->   "%sext_ln55_6 = sext i60 %add_ln55_6" [poseidon.cpp:55]   --->   Operation 225 'sext' 'sext_ln55_6' <Predicate = true> <Delay = 0.00>
ST_12 : Operation 226 [1/1] (0.00ns)   --->   "%gmem_addr_6 = getelementptr i256 %gmem, i64 %sext_ln55_6" [poseidon.cpp:55]   --->   Operation 226 'getelementptr' 'gmem_addr_6' <Predicate = true> <Delay = 0.00>
ST_12 : Operation 227 [8/8] (7.30ns)   --->   "%gmem_load_6_req = readreq i1 @_ssdm_op_ReadReq.m_axi.i256P1A, i64 %gmem_addr_6, i32 1" [poseidon.cpp:55]   --->   Operation 227 'readreq' 'gmem_load_6_req' <Predicate = true> <Delay = 7.30> <CoreInst = "m_axi">   --->   Core 113 'm_axi' <Latency = 0> <II = 1> <Delay = 1.00> <Adapter> <Opcode : 'read' 'write' 'readreq' 'writereq' 'writeresp'>
ST_12 : Operation 228 [1/1] (3.39ns) (out node of the LUT)   --->   "%add_ln55_7 = add i60 %zext_ln55_6, i60 %sext_ln73" [poseidon.cpp:55]   --->   Operation 228 'add' 'add_ln55_7' <Predicate = true> <Delay = 3.39> <CoreInst = "Adder">   --->   Core 1 'Adder' <Latency = 0> <II = 1> <Delay = 3.41> <FuncUnit> <Opcode : 'add' 'sub'> <InPorts = 2> <OutPorts = 1>

State 13 <SV = 12> <Delay = 7.30>
ST_13 : Operation 229 [1/8] (7.30ns)   --->   "%gmem_load_req = readreq i1 @_ssdm_op_ReadReq.m_axi.i256P1A, i64 %gmem_addr, i32 1" [poseidon.cpp:55]   --->   Operation 229 'readreq' 'gmem_load_req' <Predicate = true> <Delay = 7.30> <CoreInst = "m_axi">   --->   Core 113 'm_axi' <Latency = 0> <II = 1> <Delay = 1.00> <Adapter> <Opcode : 'read' 'write' 'readreq' 'writereq' 'writeresp'>
ST_13 : Operation 230 [2/8] (7.30ns)   --->   "%gmem_load_1_req = readreq i1 @_ssdm_op_ReadReq.m_axi.i256P1A, i64 %gmem_addr_1, i32 1" [poseidon.cpp:55]   --->   Operation 230 'readreq' 'gmem_load_1_req' <Predicate = true> <Delay = 7.30> <CoreInst = "m_axi">   --->   Core 113 'm_axi' <Latency = 0> <II = 1> <Delay = 1.00> <Adapter> <Opcode : 'read' 'write' 'readreq' 'writereq' 'writeresp'>
ST_13 : Operation 231 [3/8] (7.30ns)   --->   "%gmem_load_2_req = readreq i1 @_ssdm_op_ReadReq.m_axi.i256P1A, i64 %gmem_addr_2, i32 1" [poseidon.cpp:55]   --->   Operation 231 'readreq' 'gmem_load_2_req' <Predicate = true> <Delay = 7.30> <CoreInst = "m_axi">   --->   Core 113 'm_axi' <Latency = 0> <II = 1> <Delay = 1.00> <Adapter> <Opcode : 'read' 'write' 'readreq' 'writereq' 'writeresp'>
ST_13 : Operation 232 [4/8] (7.30ns)   --->   "%gmem_load_3_req = readreq i1 @_ssdm_op_ReadReq.m_axi.i256P1A, i64 %gmem_addr_3, i32 1" [poseidon.cpp:55]   --->   Operation 232 'readreq' 'gmem_load_3_req' <Predicate = true> <Delay = 7.30> <CoreInst = "m_axi">   --->   Core 113 'm_axi' <Latency = 0> <II = 1> <Delay = 1.00> <Adapter> <Opcode : 'read' 'write' 'readreq' 'writereq' 'writeresp'>
ST_13 : Operation 233 [5/8] (7.30ns)   --->   "%gmem_load_4_req = readreq i1 @_ssdm_op_ReadReq.m_axi.i256P1A, i64 %gmem_addr_4, i32 1" [poseidon.cpp:55]   --->   Operation 233 'readreq' 'gmem_load_4_req' <Predicate = true> <Delay = 7.30> <CoreInst = "m_axi">   --->   Core 113 'm_axi' <Latency = 0> <II = 1> <Delay = 1.00> <Adapter> <Opcode : 'read' 'write' 'readreq' 'writereq' 'writeresp'>
ST_13 : Operation 234 [6/8] (7.30ns)   --->   "%gmem_load_5_req = readreq i1 @_ssdm_op_ReadReq.m_axi.i256P1A, i64 %gmem_addr_5, i32 1" [poseidon.cpp:55]   --->   Operation 234 'readreq' 'gmem_load_5_req' <Predicate = true> <Delay = 7.30> <CoreInst = "m_axi">   --->   Core 113 'm_axi' <Latency = 0> <II = 1> <Delay = 1.00> <Adapter> <Opcode : 'read' 'write' 'readreq' 'writereq' 'writeresp'>
ST_13 : Operation 235 [7/8] (7.30ns)   --->   "%gmem_load_6_req = readreq i1 @_ssdm_op_ReadReq.m_axi.i256P1A, i64 %gmem_addr_6, i32 1" [poseidon.cpp:55]   --->   Operation 235 'readreq' 'gmem_load_6_req' <Predicate = true> <Delay = 7.30> <CoreInst = "m_axi">   --->   Core 113 'm_axi' <Latency = 0> <II = 1> <Delay = 1.00> <Adapter> <Opcode : 'read' 'write' 'readreq' 'writereq' 'writeresp'>
ST_13 : Operation 236 [1/1] (0.00ns)   --->   "%sext_ln55_7 = sext i60 %add_ln55_7" [poseidon.cpp:55]   --->   Operation 236 'sext' 'sext_ln55_7' <Predicate = true> <Delay = 0.00>
ST_13 : Operation 237 [1/1] (0.00ns)   --->   "%gmem_addr_7 = getelementptr i256 %gmem, i64 %sext_ln55_7" [poseidon.cpp:55]   --->   Operation 237 'getelementptr' 'gmem_addr_7' <Predicate = true> <Delay = 0.00>
ST_13 : Operation 238 [8/8] (7.30ns)   --->   "%gmem_load_7_req = readreq i1 @_ssdm_op_ReadReq.m_axi.i256P1A, i64 %gmem_addr_7, i32 1" [poseidon.cpp:55]   --->   Operation 238 'readreq' 'gmem_load_7_req' <Predicate = true> <Delay = 7.30> <CoreInst = "m_axi">   --->   Core 113 'm_axi' <Latency = 0> <II = 1> <Delay = 1.00> <Adapter> <Opcode : 'read' 'write' 'readreq' 'writereq' 'writeresp'>

State 14 <SV = 13> <Delay = 7.30>
ST_14 : Operation 239 [1/1] (7.30ns)   --->   "%gmem_addr_read = read i256 @_ssdm_op_Read.m_axi.i256P1A, i64 %gmem_addr" [poseidon.cpp:55]   --->   Operation 239 'read' 'gmem_addr_read' <Predicate = true> <Delay = 7.30> <CoreInst = "m_axi">   --->   Core 113 'm_axi' <Latency = 0> <II = 1> <Delay = 1.00> <Adapter> <Opcode : 'read' 'write' 'readreq' 'writereq' 'writeresp'>
ST_14 : Operation 240 [1/8] (7.30ns)   --->   "%gmem_load_1_req = readreq i1 @_ssdm_op_ReadReq.m_axi.i256P1A, i64 %gmem_addr_1, i32 1" [poseidon.cpp:55]   --->   Operation 240 'readreq' 'gmem_load_1_req' <Predicate = true> <Delay = 7.30> <CoreInst = "m_axi">   --->   Core 113 'm_axi' <Latency = 0> <II = 1> <Delay = 1.00> <Adapter> <Opcode : 'read' 'write' 'readreq' 'writereq' 'writeresp'>
ST_14 : Operation 241 [2/8] (7.30ns)   --->   "%gmem_load_2_req = readreq i1 @_ssdm_op_ReadReq.m_axi.i256P1A, i64 %gmem_addr_2, i32 1" [poseidon.cpp:55]   --->   Operation 241 'readreq' 'gmem_load_2_req' <Predicate = true> <Delay = 7.30> <CoreInst = "m_axi">   --->   Core 113 'm_axi' <Latency = 0> <II = 1> <Delay = 1.00> <Adapter> <Opcode : 'read' 'write' 'readreq' 'writereq' 'writeresp'>
ST_14 : Operation 242 [3/8] (7.30ns)   --->   "%gmem_load_3_req = readreq i1 @_ssdm_op_ReadReq.m_axi.i256P1A, i64 %gmem_addr_3, i32 1" [poseidon.cpp:55]   --->   Operation 242 'readreq' 'gmem_load_3_req' <Predicate = true> <Delay = 7.30> <CoreInst = "m_axi">   --->   Core 113 'm_axi' <Latency = 0> <II = 1> <Delay = 1.00> <Adapter> <Opcode : 'read' 'write' 'readreq' 'writereq' 'writeresp'>
ST_14 : Operation 243 [4/8] (7.30ns)   --->   "%gmem_load_4_req = readreq i1 @_ssdm_op_ReadReq.m_axi.i256P1A, i64 %gmem_addr_4, i32 1" [poseidon.cpp:55]   --->   Operation 243 'readreq' 'gmem_load_4_req' <Predicate = true> <Delay = 7.30> <CoreInst = "m_axi">   --->   Core 113 'm_axi' <Latency = 0> <II = 1> <Delay = 1.00> <Adapter> <Opcode : 'read' 'write' 'readreq' 'writereq' 'writeresp'>
ST_14 : Operation 244 [5/8] (7.30ns)   --->   "%gmem_load_5_req = readreq i1 @_ssdm_op_ReadReq.m_axi.i256P1A, i64 %gmem_addr_5, i32 1" [poseidon.cpp:55]   --->   Operation 244 'readreq' 'gmem_load_5_req' <Predicate = true> <Delay = 7.30> <CoreInst = "m_axi">   --->   Core 113 'm_axi' <Latency = 0> <II = 1> <Delay = 1.00> <Adapter> <Opcode : 'read' 'write' 'readreq' 'writereq' 'writeresp'>
ST_14 : Operation 245 [6/8] (7.30ns)   --->   "%gmem_load_6_req = readreq i1 @_ssdm_op_ReadReq.m_axi.i256P1A, i64 %gmem_addr_6, i32 1" [poseidon.cpp:55]   --->   Operation 245 'readreq' 'gmem_load_6_req' <Predicate = true> <Delay = 7.30> <CoreInst = "m_axi">   --->   Core 113 'm_axi' <Latency = 0> <II = 1> <Delay = 1.00> <Adapter> <Opcode : 'read' 'write' 'readreq' 'writereq' 'writeresp'>
ST_14 : Operation 246 [7/8] (7.30ns)   --->   "%gmem_load_7_req = readreq i1 @_ssdm_op_ReadReq.m_axi.i256P1A, i64 %gmem_addr_7, i32 1" [poseidon.cpp:55]   --->   Operation 246 'readreq' 'gmem_load_7_req' <Predicate = true> <Delay = 7.30> <CoreInst = "m_axi">   --->   Core 113 'm_axi' <Latency = 0> <II = 1> <Delay = 1.00> <Adapter> <Opcode : 'read' 'write' 'readreq' 'writereq' 'writeresp'>
ST_14 : Operation 247 [1/1] (0.00ns)   --->   "%sext_ln55_8 = sext i60 %add_ln55_9" [poseidon.cpp:55]   --->   Operation 247 'sext' 'sext_ln55_8' <Predicate = true> <Delay = 0.00>
ST_14 : Operation 248 [1/1] (0.00ns)   --->   "%gmem_addr_8 = getelementptr i256 %gmem, i64 %sext_ln55_8" [poseidon.cpp:55]   --->   Operation 248 'getelementptr' 'gmem_addr_8' <Predicate = true> <Delay = 0.00>
ST_14 : Operation 249 [8/8] (7.30ns)   --->   "%gmem_load_8_req = readreq i1 @_ssdm_op_ReadReq.m_axi.i256P1A, i64 %gmem_addr_8, i32 1" [poseidon.cpp:55]   --->   Operation 249 'readreq' 'gmem_load_8_req' <Predicate = true> <Delay = 7.30> <CoreInst = "m_axi">   --->   Core 113 'm_axi' <Latency = 0> <II = 1> <Delay = 1.00> <Adapter> <Opcode : 'read' 'write' 'readreq' 'writereq' 'writeresp'>

State 15 <SV = 14> <Delay = 7.30>
ST_15 : Operation 250 [1/1] (0.00ns)   --->   "%p_0_0_01942_load = load i256 %p_0_0_01942" [poseidon.cpp:6->poseidon.cpp:55]   --->   Operation 250 'load' 'p_0_0_01942_load' <Predicate = true> <Delay = 0.00>
ST_15 : Operation 251 [1/1] (7.30ns)   --->   "%gmem_addr_1_read = read i256 @_ssdm_op_Read.m_axi.i256P1A, i64 %gmem_addr_1" [poseidon.cpp:55]   --->   Operation 251 'read' 'gmem_addr_1_read' <Predicate = true> <Delay = 7.30> <CoreInst = "m_axi">   --->   Core 113 'm_axi' <Latency = 0> <II = 1> <Delay = 1.00> <Adapter> <Opcode : 'read' 'write' 'readreq' 'writereq' 'writeresp'>
ST_15 : Operation 252 [1/8] (7.30ns)   --->   "%gmem_load_2_req = readreq i1 @_ssdm_op_ReadReq.m_axi.i256P1A, i64 %gmem_addr_2, i32 1" [poseidon.cpp:55]   --->   Operation 252 'readreq' 'gmem_load_2_req' <Predicate = true> <Delay = 7.30> <CoreInst = "m_axi">   --->   Core 113 'm_axi' <Latency = 0> <II = 1> <Delay = 1.00> <Adapter> <Opcode : 'read' 'write' 'readreq' 'writereq' 'writeresp'>
ST_15 : Operation 253 [2/8] (7.30ns)   --->   "%gmem_load_3_req = readreq i1 @_ssdm_op_ReadReq.m_axi.i256P1A, i64 %gmem_addr_3, i32 1" [poseidon.cpp:55]   --->   Operation 253 'readreq' 'gmem_load_3_req' <Predicate = true> <Delay = 7.30> <CoreInst = "m_axi">   --->   Core 113 'm_axi' <Latency = 0> <II = 1> <Delay = 1.00> <Adapter> <Opcode : 'read' 'write' 'readreq' 'writereq' 'writeresp'>
ST_15 : Operation 254 [3/8] (7.30ns)   --->   "%gmem_load_4_req = readreq i1 @_ssdm_op_ReadReq.m_axi.i256P1A, i64 %gmem_addr_4, i32 1" [poseidon.cpp:55]   --->   Operation 254 'readreq' 'gmem_load_4_req' <Predicate = true> <Delay = 7.30> <CoreInst = "m_axi">   --->   Core 113 'm_axi' <Latency = 0> <II = 1> <Delay = 1.00> <Adapter> <Opcode : 'read' 'write' 'readreq' 'writereq' 'writeresp'>
ST_15 : Operation 255 [4/8] (7.30ns)   --->   "%gmem_load_5_req = readreq i1 @_ssdm_op_ReadReq.m_axi.i256P1A, i64 %gmem_addr_5, i32 1" [poseidon.cpp:55]   --->   Operation 255 'readreq' 'gmem_load_5_req' <Predicate = true> <Delay = 7.30> <CoreInst = "m_axi">   --->   Core 113 'm_axi' <Latency = 0> <II = 1> <Delay = 1.00> <Adapter> <Opcode : 'read' 'write' 'readreq' 'writereq' 'writeresp'>
ST_15 : Operation 256 [5/8] (7.30ns)   --->   "%gmem_load_6_req = readreq i1 @_ssdm_op_ReadReq.m_axi.i256P1A, i64 %gmem_addr_6, i32 1" [poseidon.cpp:55]   --->   Operation 256 'readreq' 'gmem_load_6_req' <Predicate = true> <Delay = 7.30> <CoreInst = "m_axi">   --->   Core 113 'm_axi' <Latency = 0> <II = 1> <Delay = 1.00> <Adapter> <Opcode : 'read' 'write' 'readreq' 'writereq' 'writeresp'>
ST_15 : Operation 257 [6/8] (7.30ns)   --->   "%gmem_load_7_req = readreq i1 @_ssdm_op_ReadReq.m_axi.i256P1A, i64 %gmem_addr_7, i32 1" [poseidon.cpp:55]   --->   Operation 257 'readreq' 'gmem_load_7_req' <Predicate = true> <Delay = 7.30> <CoreInst = "m_axi">   --->   Core 113 'm_axi' <Latency = 0> <II = 1> <Delay = 1.00> <Adapter> <Opcode : 'read' 'write' 'readreq' 'writereq' 'writeresp'>
ST_15 : Operation 258 [7/8] (7.30ns)   --->   "%gmem_load_8_req = readreq i1 @_ssdm_op_ReadReq.m_axi.i256P1A, i64 %gmem_addr_8, i32 1" [poseidon.cpp:55]   --->   Operation 258 'readreq' 'gmem_load_8_req' <Predicate = true> <Delay = 7.30> <CoreInst = "m_axi">   --->   Core 113 'm_axi' <Latency = 0> <II = 1> <Delay = 1.00> <Adapter> <Opcode : 'read' 'write' 'readreq' 'writereq' 'writeresp'>
ST_15 : Operation 259 [1/1] (0.00ns)   --->   "%sext_ln55_9 = sext i60 %add_ln55_11" [poseidon.cpp:55]   --->   Operation 259 'sext' 'sext_ln55_9' <Predicate = true> <Delay = 0.00>
ST_15 : Operation 260 [1/1] (0.00ns)   --->   "%gmem_addr_9 = getelementptr i256 %gmem, i64 %sext_ln55_9" [poseidon.cpp:55]   --->   Operation 260 'getelementptr' 'gmem_addr_9' <Predicate = true> <Delay = 0.00>
ST_15 : Operation 261 [8/8] (7.30ns)   --->   "%gmem_load_9_req = readreq i1 @_ssdm_op_ReadReq.m_axi.i256P1A, i64 %gmem_addr_9, i32 1" [poseidon.cpp:55]   --->   Operation 261 'readreq' 'gmem_load_9_req' <Predicate = true> <Delay = 7.30> <CoreInst = "m_axi">   --->   Core 113 'm_axi' <Latency = 0> <II = 1> <Delay = 1.00> <Adapter> <Opcode : 'read' 'write' 'readreq' 'writereq' 'writeresp'>
ST_15 : Operation 262 [2/2] (3.44ns)   --->   "%add_ln6 = add i256 %gmem_addr_read, i256 %p_0_0_01942_load" [poseidon.cpp:6->poseidon.cpp:55]   --->   Operation 262 'add' 'add_ln6' <Predicate = true> <Delay = 3.44> <CoreInst = "Adder">   --->   Core 1 'Adder' <Latency = 1> <II = 1> <Delay = 3.44> <FuncUnit> <Opcode : 'add' 'sub'> <InPorts = 2> <OutPorts = 1>

State 16 <SV = 15> <Delay = 7.30>
ST_16 : Operation 263 [1/1] (7.30ns)   --->   "%gmem_addr_2_read = read i256 @_ssdm_op_Read.m_axi.i256P1A, i64 %gmem_addr_2" [poseidon.cpp:55]   --->   Operation 263 'read' 'gmem_addr_2_read' <Predicate = true> <Delay = 7.30> <CoreInst = "m_axi">   --->   Core 113 'm_axi' <Latency = 0> <II = 1> <Delay = 1.00> <Adapter> <Opcode : 'read' 'write' 'readreq' 'writereq' 'writeresp'>
ST_16 : Operation 264 [1/8] (7.30ns)   --->   "%gmem_load_3_req = readreq i1 @_ssdm_op_ReadReq.m_axi.i256P1A, i64 %gmem_addr_3, i32 1" [poseidon.cpp:55]   --->   Operation 264 'readreq' 'gmem_load_3_req' <Predicate = true> <Delay = 7.30> <CoreInst = "m_axi">   --->   Core 113 'm_axi' <Latency = 0> <II = 1> <Delay = 1.00> <Adapter> <Opcode : 'read' 'write' 'readreq' 'writereq' 'writeresp'>
ST_16 : Operation 265 [2/8] (7.30ns)   --->   "%gmem_load_4_req = readreq i1 @_ssdm_op_ReadReq.m_axi.i256P1A, i64 %gmem_addr_4, i32 1" [poseidon.cpp:55]   --->   Operation 265 'readreq' 'gmem_load_4_req' <Predicate = true> <Delay = 7.30> <CoreInst = "m_axi">   --->   Core 113 'm_axi' <Latency = 0> <II = 1> <Delay = 1.00> <Adapter> <Opcode : 'read' 'write' 'readreq' 'writereq' 'writeresp'>
ST_16 : Operation 266 [3/8] (7.30ns)   --->   "%gmem_load_5_req = readreq i1 @_ssdm_op_ReadReq.m_axi.i256P1A, i64 %gmem_addr_5, i32 1" [poseidon.cpp:55]   --->   Operation 266 'readreq' 'gmem_load_5_req' <Predicate = true> <Delay = 7.30> <CoreInst = "m_axi">   --->   Core 113 'm_axi' <Latency = 0> <II = 1> <Delay = 1.00> <Adapter> <Opcode : 'read' 'write' 'readreq' 'writereq' 'writeresp'>
ST_16 : Operation 267 [4/8] (7.30ns)   --->   "%gmem_load_6_req = readreq i1 @_ssdm_op_ReadReq.m_axi.i256P1A, i64 %gmem_addr_6, i32 1" [poseidon.cpp:55]   --->   Operation 267 'readreq' 'gmem_load_6_req' <Predicate = true> <Delay = 7.30> <CoreInst = "m_axi">   --->   Core 113 'm_axi' <Latency = 0> <II = 1> <Delay = 1.00> <Adapter> <Opcode : 'read' 'write' 'readreq' 'writereq' 'writeresp'>
ST_16 : Operation 268 [5/8] (7.30ns)   --->   "%gmem_load_7_req = readreq i1 @_ssdm_op_ReadReq.m_axi.i256P1A, i64 %gmem_addr_7, i32 1" [poseidon.cpp:55]   --->   Operation 268 'readreq' 'gmem_load_7_req' <Predicate = true> <Delay = 7.30> <CoreInst = "m_axi">   --->   Core 113 'm_axi' <Latency = 0> <II = 1> <Delay = 1.00> <Adapter> <Opcode : 'read' 'write' 'readreq' 'writereq' 'writeresp'>
ST_16 : Operation 269 [6/8] (7.30ns)   --->   "%gmem_load_8_req = readreq i1 @_ssdm_op_ReadReq.m_axi.i256P1A, i64 %gmem_addr_8, i32 1" [poseidon.cpp:55]   --->   Operation 269 'readreq' 'gmem_load_8_req' <Predicate = true> <Delay = 7.30> <CoreInst = "m_axi">   --->   Core 113 'm_axi' <Latency = 0> <II = 1> <Delay = 1.00> <Adapter> <Opcode : 'read' 'write' 'readreq' 'writereq' 'writeresp'>
ST_16 : Operation 270 [7/8] (7.30ns)   --->   "%gmem_load_9_req = readreq i1 @_ssdm_op_ReadReq.m_axi.i256P1A, i64 %gmem_addr_9, i32 1" [poseidon.cpp:55]   --->   Operation 270 'readreq' 'gmem_load_9_req' <Predicate = true> <Delay = 7.30> <CoreInst = "m_axi">   --->   Core 113 'm_axi' <Latency = 0> <II = 1> <Delay = 1.00> <Adapter> <Opcode : 'read' 'write' 'readreq' 'writereq' 'writeresp'>
ST_16 : Operation 271 [1/1] (0.00ns)   --->   "%sext_ln55_10 = sext i60 %add_ln55_13" [poseidon.cpp:55]   --->   Operation 271 'sext' 'sext_ln55_10' <Predicate = true> <Delay = 0.00>
ST_16 : Operation 272 [1/1] (0.00ns)   --->   "%gmem_addr_10 = getelementptr i256 %gmem, i64 %sext_ln55_10" [poseidon.cpp:55]   --->   Operation 272 'getelementptr' 'gmem_addr_10' <Predicate = true> <Delay = 0.00>
ST_16 : Operation 273 [8/8] (7.30ns)   --->   "%gmem_load_10_req = readreq i1 @_ssdm_op_ReadReq.m_axi.i256P1A, i64 %gmem_addr_10, i32 1" [poseidon.cpp:55]   --->   Operation 273 'readreq' 'gmem_load_10_req' <Predicate = true> <Delay = 7.30> <CoreInst = "m_axi">   --->   Core 113 'm_axi' <Latency = 0> <II = 1> <Delay = 1.00> <Adapter> <Opcode : 'read' 'write' 'readreq' 'writereq' 'writeresp'>
ST_16 : Operation 274 [1/2] (3.44ns)   --->   "%add_ln6 = add i256 %gmem_addr_read, i256 %p_0_0_01942_load" [poseidon.cpp:6->poseidon.cpp:55]   --->   Operation 274 'add' 'add_ln6' <Predicate = true> <Delay = 3.44> <CoreInst = "Adder">   --->   Core 1 'Adder' <Latency = 1> <II = 1> <Delay = 3.44> <FuncUnit> <Opcode : 'add' 'sub'> <InPorts = 2> <OutPorts = 1>
ST_16 : Operation 275 [2/2] (3.44ns)   --->   "%icmp_ln7 = icmp_ugt  i256 %add_ln6, i256 52435875175126190479447740508185965837690552500527637822603658699938581184512" [poseidon.cpp:7->poseidon.cpp:55]   --->   Operation 275 'icmp' 'icmp_ln7' <Predicate = true> <Delay = 3.44> <CoreInst = "Cmp">   --->   Core 9 'Cmp' <Latency = 1> <II = 1> <Delay = 3.44> <FuncUnit> <Opcode : 'icmp'> <InPorts = 2> <OutPorts = 1>
ST_16 : Operation 276 [2/2] (3.44ns)   --->   "%add_ln7 = add i256 %add_ln6, i256 63356214062190004944123244500501942015579432165112926216853925307974548455423" [poseidon.cpp:7->poseidon.cpp:55]   --->   Operation 276 'add' 'add_ln7' <Predicate = true> <Delay = 3.44> <CoreInst = "Adder">   --->   Core 1 'Adder' <Latency = 1> <II = 1> <Delay = 3.44> <FuncUnit> <Opcode : 'add' 'sub'> <InPorts = 2> <OutPorts = 1>

State 17 <SV = 16> <Delay = 7.30>
ST_17 : Operation 277 [1/1] (7.30ns)   --->   "%gmem_addr_3_read = read i256 @_ssdm_op_Read.m_axi.i256P1A, i64 %gmem_addr_3" [poseidon.cpp:55]   --->   Operation 277 'read' 'gmem_addr_3_read' <Predicate = true> <Delay = 7.30> <CoreInst = "m_axi">   --->   Core 113 'm_axi' <Latency = 0> <II = 1> <Delay = 1.00> <Adapter> <Opcode : 'read' 'write' 'readreq' 'writereq' 'writeresp'>
ST_17 : Operation 278 [1/8] (7.30ns)   --->   "%gmem_load_4_req = readreq i1 @_ssdm_op_ReadReq.m_axi.i256P1A, i64 %gmem_addr_4, i32 1" [poseidon.cpp:55]   --->   Operation 278 'readreq' 'gmem_load_4_req' <Predicate = true> <Delay = 7.30> <CoreInst = "m_axi">   --->   Core 113 'm_axi' <Latency = 0> <II = 1> <Delay = 1.00> <Adapter> <Opcode : 'read' 'write' 'readreq' 'writereq' 'writeresp'>
ST_17 : Operation 279 [2/8] (7.30ns)   --->   "%gmem_load_5_req = readreq i1 @_ssdm_op_ReadReq.m_axi.i256P1A, i64 %gmem_addr_5, i32 1" [poseidon.cpp:55]   --->   Operation 279 'readreq' 'gmem_load_5_req' <Predicate = true> <Delay = 7.30> <CoreInst = "m_axi">   --->   Core 113 'm_axi' <Latency = 0> <II = 1> <Delay = 1.00> <Adapter> <Opcode : 'read' 'write' 'readreq' 'writereq' 'writeresp'>
ST_17 : Operation 280 [3/8] (7.30ns)   --->   "%gmem_load_6_req = readreq i1 @_ssdm_op_ReadReq.m_axi.i256P1A, i64 %gmem_addr_6, i32 1" [poseidon.cpp:55]   --->   Operation 280 'readreq' 'gmem_load_6_req' <Predicate = true> <Delay = 7.30> <CoreInst = "m_axi">   --->   Core 113 'm_axi' <Latency = 0> <II = 1> <Delay = 1.00> <Adapter> <Opcode : 'read' 'write' 'readreq' 'writereq' 'writeresp'>
ST_17 : Operation 281 [4/8] (7.30ns)   --->   "%gmem_load_7_req = readreq i1 @_ssdm_op_ReadReq.m_axi.i256P1A, i64 %gmem_addr_7, i32 1" [poseidon.cpp:55]   --->   Operation 281 'readreq' 'gmem_load_7_req' <Predicate = true> <Delay = 7.30> <CoreInst = "m_axi">   --->   Core 113 'm_axi' <Latency = 0> <II = 1> <Delay = 1.00> <Adapter> <Opcode : 'read' 'write' 'readreq' 'writereq' 'writeresp'>
ST_17 : Operation 282 [5/8] (7.30ns)   --->   "%gmem_load_8_req = readreq i1 @_ssdm_op_ReadReq.m_axi.i256P1A, i64 %gmem_addr_8, i32 1" [poseidon.cpp:55]   --->   Operation 282 'readreq' 'gmem_load_8_req' <Predicate = true> <Delay = 7.30> <CoreInst = "m_axi">   --->   Core 113 'm_axi' <Latency = 0> <II = 1> <Delay = 1.00> <Adapter> <Opcode : 'read' 'write' 'readreq' 'writereq' 'writeresp'>
ST_17 : Operation 283 [6/8] (7.30ns)   --->   "%gmem_load_9_req = readreq i1 @_ssdm_op_ReadReq.m_axi.i256P1A, i64 %gmem_addr_9, i32 1" [poseidon.cpp:55]   --->   Operation 283 'readreq' 'gmem_load_9_req' <Predicate = true> <Delay = 7.30> <CoreInst = "m_axi">   --->   Core 113 'm_axi' <Latency = 0> <II = 1> <Delay = 1.00> <Adapter> <Opcode : 'read' 'write' 'readreq' 'writereq' 'writeresp'>
ST_17 : Operation 284 [7/8] (7.30ns)   --->   "%gmem_load_10_req = readreq i1 @_ssdm_op_ReadReq.m_axi.i256P1A, i64 %gmem_addr_10, i32 1" [poseidon.cpp:55]   --->   Operation 284 'readreq' 'gmem_load_10_req' <Predicate = true> <Delay = 7.30> <CoreInst = "m_axi">   --->   Core 113 'm_axi' <Latency = 0> <II = 1> <Delay = 1.00> <Adapter> <Opcode : 'read' 'write' 'readreq' 'writereq' 'writeresp'>
ST_17 : Operation 285 [1/1] (0.00ns)   --->   "%sext_ln55_11 = sext i60 %add_ln55_15" [poseidon.cpp:55]   --->   Operation 285 'sext' 'sext_ln55_11' <Predicate = true> <Delay = 0.00>
ST_17 : Operation 286 [1/1] (0.00ns)   --->   "%gmem_addr_11 = getelementptr i256 %gmem, i64 %sext_ln55_11" [poseidon.cpp:55]   --->   Operation 286 'getelementptr' 'gmem_addr_11' <Predicate = true> <Delay = 0.00>
ST_17 : Operation 287 [8/8] (7.30ns)   --->   "%gmem_load_11_req = readreq i1 @_ssdm_op_ReadReq.m_axi.i256P1A, i64 %gmem_addr_11, i32 1" [poseidon.cpp:55]   --->   Operation 287 'readreq' 'gmem_load_11_req' <Predicate = true> <Delay = 7.30> <CoreInst = "m_axi">   --->   Core 113 'm_axi' <Latency = 0> <II = 1> <Delay = 1.00> <Adapter> <Opcode : 'read' 'write' 'readreq' 'writereq' 'writeresp'>
ST_17 : Operation 288 [1/2] (3.44ns)   --->   "%icmp_ln7 = icmp_ugt  i256 %add_ln6, i256 52435875175126190479447740508185965837690552500527637822603658699938581184512" [poseidon.cpp:7->poseidon.cpp:55]   --->   Operation 288 'icmp' 'icmp_ln7' <Predicate = true> <Delay = 3.44> <CoreInst = "Cmp">   --->   Core 9 'Cmp' <Latency = 1> <II = 1> <Delay = 3.44> <FuncUnit> <Opcode : 'icmp'> <InPorts = 2> <OutPorts = 1>
ST_17 : Operation 289 [1/2] (3.44ns)   --->   "%add_ln7 = add i256 %add_ln6, i256 63356214062190004944123244500501942015579432165112926216853925307974548455423" [poseidon.cpp:7->poseidon.cpp:55]   --->   Operation 289 'add' 'add_ln7' <Predicate = true> <Delay = 3.44> <CoreInst = "Adder">   --->   Core 1 'Adder' <Latency = 1> <II = 1> <Delay = 3.44> <FuncUnit> <Opcode : 'add' 'sub'> <InPorts = 2> <OutPorts = 1>
ST_17 : Operation 290 [1/1] (1.55ns)   --->   "%select_ln7 = select i1 %icmp_ln7, i256 %add_ln7, i256 %add_ln6" [poseidon.cpp:7->poseidon.cpp:55]   --->   Operation 290 'select' 'select_ln7' <Predicate = true> <Delay = 1.55> <CoreInst = "Sel">   --->   Core 73 'Sel' <Latency = 0> <II = 1> <Delay = 1.55> <FuncUnit> <Opcode : 'select'> <InPorts = 3> <OutPorts = 1>

State 18 <SV = 17> <Delay = 7.30>
ST_18 : Operation 291 [1/1] (7.30ns)   --->   "%gmem_addr_4_read = read i256 @_ssdm_op_Read.m_axi.i256P1A, i64 %gmem_addr_4" [poseidon.cpp:55]   --->   Operation 291 'read' 'gmem_addr_4_read' <Predicate = true> <Delay = 7.30> <CoreInst = "m_axi">   --->   Core 113 'm_axi' <Latency = 0> <II = 1> <Delay = 1.00> <Adapter> <Opcode : 'read' 'write' 'readreq' 'writereq' 'writeresp'>
ST_18 : Operation 292 [1/8] (7.30ns)   --->   "%gmem_load_5_req = readreq i1 @_ssdm_op_ReadReq.m_axi.i256P1A, i64 %gmem_addr_5, i32 1" [poseidon.cpp:55]   --->   Operation 292 'readreq' 'gmem_load_5_req' <Predicate = true> <Delay = 7.30> <CoreInst = "m_axi">   --->   Core 113 'm_axi' <Latency = 0> <II = 1> <Delay = 1.00> <Adapter> <Opcode : 'read' 'write' 'readreq' 'writereq' 'writeresp'>
ST_18 : Operation 293 [2/8] (7.30ns)   --->   "%gmem_load_6_req = readreq i1 @_ssdm_op_ReadReq.m_axi.i256P1A, i64 %gmem_addr_6, i32 1" [poseidon.cpp:55]   --->   Operation 293 'readreq' 'gmem_load_6_req' <Predicate = true> <Delay = 7.30> <CoreInst = "m_axi">   --->   Core 113 'm_axi' <Latency = 0> <II = 1> <Delay = 1.00> <Adapter> <Opcode : 'read' 'write' 'readreq' 'writereq' 'writeresp'>
ST_18 : Operation 294 [3/8] (7.30ns)   --->   "%gmem_load_7_req = readreq i1 @_ssdm_op_ReadReq.m_axi.i256P1A, i64 %gmem_addr_7, i32 1" [poseidon.cpp:55]   --->   Operation 294 'readreq' 'gmem_load_7_req' <Predicate = true> <Delay = 7.30> <CoreInst = "m_axi">   --->   Core 113 'm_axi' <Latency = 0> <II = 1> <Delay = 1.00> <Adapter> <Opcode : 'read' 'write' 'readreq' 'writereq' 'writeresp'>
ST_18 : Operation 295 [4/8] (7.30ns)   --->   "%gmem_load_8_req = readreq i1 @_ssdm_op_ReadReq.m_axi.i256P1A, i64 %gmem_addr_8, i32 1" [poseidon.cpp:55]   --->   Operation 295 'readreq' 'gmem_load_8_req' <Predicate = true> <Delay = 7.30> <CoreInst = "m_axi">   --->   Core 113 'm_axi' <Latency = 0> <II = 1> <Delay = 1.00> <Adapter> <Opcode : 'read' 'write' 'readreq' 'writereq' 'writeresp'>
ST_18 : Operation 296 [5/8] (7.30ns)   --->   "%gmem_load_9_req = readreq i1 @_ssdm_op_ReadReq.m_axi.i256P1A, i64 %gmem_addr_9, i32 1" [poseidon.cpp:55]   --->   Operation 296 'readreq' 'gmem_load_9_req' <Predicate = true> <Delay = 7.30> <CoreInst = "m_axi">   --->   Core 113 'm_axi' <Latency = 0> <II = 1> <Delay = 1.00> <Adapter> <Opcode : 'read' 'write' 'readreq' 'writereq' 'writeresp'>
ST_18 : Operation 297 [6/8] (7.30ns)   --->   "%gmem_load_10_req = readreq i1 @_ssdm_op_ReadReq.m_axi.i256P1A, i64 %gmem_addr_10, i32 1" [poseidon.cpp:55]   --->   Operation 297 'readreq' 'gmem_load_10_req' <Predicate = true> <Delay = 7.30> <CoreInst = "m_axi">   --->   Core 113 'm_axi' <Latency = 0> <II = 1> <Delay = 1.00> <Adapter> <Opcode : 'read' 'write' 'readreq' 'writereq' 'writeresp'>
ST_18 : Operation 298 [7/8] (7.30ns)   --->   "%gmem_load_11_req = readreq i1 @_ssdm_op_ReadReq.m_axi.i256P1A, i64 %gmem_addr_11, i32 1" [poseidon.cpp:55]   --->   Operation 298 'readreq' 'gmem_load_11_req' <Predicate = true> <Delay = 7.30> <CoreInst = "m_axi">   --->   Core 113 'm_axi' <Latency = 0> <II = 1> <Delay = 1.00> <Adapter> <Opcode : 'read' 'write' 'readreq' 'writereq' 'writeresp'>
ST_18 : Operation 299 [1/1] (0.00ns)   --->   "%sext_ln55_12 = sext i60 %add_ln55_17" [poseidon.cpp:55]   --->   Operation 299 'sext' 'sext_ln55_12' <Predicate = true> <Delay = 0.00>
ST_18 : Operation 300 [1/1] (0.00ns)   --->   "%gmem_addr_12 = getelementptr i256 %gmem, i64 %sext_ln55_12" [poseidon.cpp:55]   --->   Operation 300 'getelementptr' 'gmem_addr_12' <Predicate = true> <Delay = 0.00>
ST_18 : Operation 301 [8/8] (7.30ns)   --->   "%gmem_load_12_req = readreq i1 @_ssdm_op_ReadReq.m_axi.i256P1A, i64 %gmem_addr_12, i32 1" [poseidon.cpp:55]   --->   Operation 301 'readreq' 'gmem_load_12_req' <Predicate = true> <Delay = 7.30> <CoreInst = "m_axi">   --->   Core 113 'm_axi' <Latency = 0> <II = 1> <Delay = 1.00> <Adapter> <Opcode : 'read' 'write' 'readreq' 'writereq' 'writeresp'>
ST_18 : Operation 302 [2/2] (6.97ns)   --->   "%ref_tmp28_assign_s = call i255 @sbox_quintic, i256 %select_ln7" [poseidon.cpp:63]   --->   Operation 302 'call' 'ref_tmp28_assign_s' <Predicate = true> <Delay = 6.97> <CoreType = "Generic">   --->   Core 0 '' <Latency = 0> <II = 1> <Delay = 1.00> <Generic> <Opcode : >

State 19 <SV = 18> <Delay = 7.30>
ST_19 : Operation 303 [1/1] (7.30ns)   --->   "%gmem_addr_5_read = read i256 @_ssdm_op_Read.m_axi.i256P1A, i64 %gmem_addr_5" [poseidon.cpp:55]   --->   Operation 303 'read' 'gmem_addr_5_read' <Predicate = true> <Delay = 7.30> <CoreInst = "m_axi">   --->   Core 113 'm_axi' <Latency = 0> <II = 1> <Delay = 1.00> <Adapter> <Opcode : 'read' 'write' 'readreq' 'writereq' 'writeresp'>
ST_19 : Operation 304 [1/8] (7.30ns)   --->   "%gmem_load_6_req = readreq i1 @_ssdm_op_ReadReq.m_axi.i256P1A, i64 %gmem_addr_6, i32 1" [poseidon.cpp:55]   --->   Operation 304 'readreq' 'gmem_load_6_req' <Predicate = true> <Delay = 7.30> <CoreInst = "m_axi">   --->   Core 113 'm_axi' <Latency = 0> <II = 1> <Delay = 1.00> <Adapter> <Opcode : 'read' 'write' 'readreq' 'writereq' 'writeresp'>
ST_19 : Operation 305 [2/8] (7.30ns)   --->   "%gmem_load_7_req = readreq i1 @_ssdm_op_ReadReq.m_axi.i256P1A, i64 %gmem_addr_7, i32 1" [poseidon.cpp:55]   --->   Operation 305 'readreq' 'gmem_load_7_req' <Predicate = true> <Delay = 7.30> <CoreInst = "m_axi">   --->   Core 113 'm_axi' <Latency = 0> <II = 1> <Delay = 1.00> <Adapter> <Opcode : 'read' 'write' 'readreq' 'writereq' 'writeresp'>
ST_19 : Operation 306 [3/8] (7.30ns)   --->   "%gmem_load_8_req = readreq i1 @_ssdm_op_ReadReq.m_axi.i256P1A, i64 %gmem_addr_8, i32 1" [poseidon.cpp:55]   --->   Operation 306 'readreq' 'gmem_load_8_req' <Predicate = true> <Delay = 7.30> <CoreInst = "m_axi">   --->   Core 113 'm_axi' <Latency = 0> <II = 1> <Delay = 1.00> <Adapter> <Opcode : 'read' 'write' 'readreq' 'writereq' 'writeresp'>
ST_19 : Operation 307 [4/8] (7.30ns)   --->   "%gmem_load_9_req = readreq i1 @_ssdm_op_ReadReq.m_axi.i256P1A, i64 %gmem_addr_9, i32 1" [poseidon.cpp:55]   --->   Operation 307 'readreq' 'gmem_load_9_req' <Predicate = true> <Delay = 7.30> <CoreInst = "m_axi">   --->   Core 113 'm_axi' <Latency = 0> <II = 1> <Delay = 1.00> <Adapter> <Opcode : 'read' 'write' 'readreq' 'writereq' 'writeresp'>
ST_19 : Operation 308 [5/8] (7.30ns)   --->   "%gmem_load_10_req = readreq i1 @_ssdm_op_ReadReq.m_axi.i256P1A, i64 %gmem_addr_10, i32 1" [poseidon.cpp:55]   --->   Operation 308 'readreq' 'gmem_load_10_req' <Predicate = true> <Delay = 7.30> <CoreInst = "m_axi">   --->   Core 113 'm_axi' <Latency = 0> <II = 1> <Delay = 1.00> <Adapter> <Opcode : 'read' 'write' 'readreq' 'writereq' 'writeresp'>
ST_19 : Operation 309 [6/8] (7.30ns)   --->   "%gmem_load_11_req = readreq i1 @_ssdm_op_ReadReq.m_axi.i256P1A, i64 %gmem_addr_11, i32 1" [poseidon.cpp:55]   --->   Operation 309 'readreq' 'gmem_load_11_req' <Predicate = true> <Delay = 7.30> <CoreInst = "m_axi">   --->   Core 113 'm_axi' <Latency = 0> <II = 1> <Delay = 1.00> <Adapter> <Opcode : 'read' 'write' 'readreq' 'writereq' 'writeresp'>
ST_19 : Operation 310 [7/8] (7.30ns)   --->   "%gmem_load_12_req = readreq i1 @_ssdm_op_ReadReq.m_axi.i256P1A, i64 %gmem_addr_12, i32 1" [poseidon.cpp:55]   --->   Operation 310 'readreq' 'gmem_load_12_req' <Predicate = true> <Delay = 7.30> <CoreInst = "m_axi">   --->   Core 113 'm_axi' <Latency = 0> <II = 1> <Delay = 1.00> <Adapter> <Opcode : 'read' 'write' 'readreq' 'writereq' 'writeresp'>
ST_19 : Operation 311 [1/1] (0.00ns)   --->   "%sext_ln55_13 = sext i60 %add_ln55_19" [poseidon.cpp:55]   --->   Operation 311 'sext' 'sext_ln55_13' <Predicate = true> <Delay = 0.00>
ST_19 : Operation 312 [1/1] (0.00ns)   --->   "%gmem_addr_13 = getelementptr i256 %gmem, i64 %sext_ln55_13" [poseidon.cpp:55]   --->   Operation 312 'getelementptr' 'gmem_addr_13' <Predicate = true> <Delay = 0.00>
ST_19 : Operation 313 [8/8] (7.30ns)   --->   "%gmem_load_13_req = readreq i1 @_ssdm_op_ReadReq.m_axi.i256P1A, i64 %gmem_addr_13, i32 1" [poseidon.cpp:55]   --->   Operation 313 'readreq' 'gmem_load_13_req' <Predicate = true> <Delay = 7.30> <CoreInst = "m_axi">   --->   Core 113 'm_axi' <Latency = 0> <II = 1> <Delay = 1.00> <Adapter> <Opcode : 'read' 'write' 'readreq' 'writereq' 'writeresp'>
ST_19 : Operation 314 [1/2] (5.07ns)   --->   "%ref_tmp28_assign_s = call i255 @sbox_quintic, i256 %select_ln7" [poseidon.cpp:63]   --->   Operation 314 'call' 'ref_tmp28_assign_s' <Predicate = true> <Delay = 5.07> <CoreType = "Generic">   --->   Core 0 '' <Latency = 0> <II = 1> <Delay = 1.00> <Generic> <Opcode : >

State 20 <SV = 19> <Delay = 7.30>
ST_20 : Operation 315 [1/1] (7.30ns)   --->   "%gmem_addr_6_read = read i256 @_ssdm_op_Read.m_axi.i256P1A, i64 %gmem_addr_6" [poseidon.cpp:55]   --->   Operation 315 'read' 'gmem_addr_6_read' <Predicate = true> <Delay = 7.30> <CoreInst = "m_axi">   --->   Core 113 'm_axi' <Latency = 0> <II = 1> <Delay = 1.00> <Adapter> <Opcode : 'read' 'write' 'readreq' 'writereq' 'writeresp'>
ST_20 : Operation 316 [1/8] (7.30ns)   --->   "%gmem_load_7_req = readreq i1 @_ssdm_op_ReadReq.m_axi.i256P1A, i64 %gmem_addr_7, i32 1" [poseidon.cpp:55]   --->   Operation 316 'readreq' 'gmem_load_7_req' <Predicate = true> <Delay = 7.30> <CoreInst = "m_axi">   --->   Core 113 'm_axi' <Latency = 0> <II = 1> <Delay = 1.00> <Adapter> <Opcode : 'read' 'write' 'readreq' 'writereq' 'writeresp'>
ST_20 : Operation 317 [2/8] (7.30ns)   --->   "%gmem_load_8_req = readreq i1 @_ssdm_op_ReadReq.m_axi.i256P1A, i64 %gmem_addr_8, i32 1" [poseidon.cpp:55]   --->   Operation 317 'readreq' 'gmem_load_8_req' <Predicate = true> <Delay = 7.30> <CoreInst = "m_axi">   --->   Core 113 'm_axi' <Latency = 0> <II = 1> <Delay = 1.00> <Adapter> <Opcode : 'read' 'write' 'readreq' 'writereq' 'writeresp'>
ST_20 : Operation 318 [3/8] (7.30ns)   --->   "%gmem_load_9_req = readreq i1 @_ssdm_op_ReadReq.m_axi.i256P1A, i64 %gmem_addr_9, i32 1" [poseidon.cpp:55]   --->   Operation 318 'readreq' 'gmem_load_9_req' <Predicate = true> <Delay = 7.30> <CoreInst = "m_axi">   --->   Core 113 'm_axi' <Latency = 0> <II = 1> <Delay = 1.00> <Adapter> <Opcode : 'read' 'write' 'readreq' 'writereq' 'writeresp'>
ST_20 : Operation 319 [4/8] (7.30ns)   --->   "%gmem_load_10_req = readreq i1 @_ssdm_op_ReadReq.m_axi.i256P1A, i64 %gmem_addr_10, i32 1" [poseidon.cpp:55]   --->   Operation 319 'readreq' 'gmem_load_10_req' <Predicate = true> <Delay = 7.30> <CoreInst = "m_axi">   --->   Core 113 'm_axi' <Latency = 0> <II = 1> <Delay = 1.00> <Adapter> <Opcode : 'read' 'write' 'readreq' 'writereq' 'writeresp'>
ST_20 : Operation 320 [5/8] (7.30ns)   --->   "%gmem_load_11_req = readreq i1 @_ssdm_op_ReadReq.m_axi.i256P1A, i64 %gmem_addr_11, i32 1" [poseidon.cpp:55]   --->   Operation 320 'readreq' 'gmem_load_11_req' <Predicate = true> <Delay = 7.30> <CoreInst = "m_axi">   --->   Core 113 'm_axi' <Latency = 0> <II = 1> <Delay = 1.00> <Adapter> <Opcode : 'read' 'write' 'readreq' 'writereq' 'writeresp'>
ST_20 : Operation 321 [6/8] (7.30ns)   --->   "%gmem_load_12_req = readreq i1 @_ssdm_op_ReadReq.m_axi.i256P1A, i64 %gmem_addr_12, i32 1" [poseidon.cpp:55]   --->   Operation 321 'readreq' 'gmem_load_12_req' <Predicate = true> <Delay = 7.30> <CoreInst = "m_axi">   --->   Core 113 'm_axi' <Latency = 0> <II = 1> <Delay = 1.00> <Adapter> <Opcode : 'read' 'write' 'readreq' 'writereq' 'writeresp'>
ST_20 : Operation 322 [7/8] (7.30ns)   --->   "%gmem_load_13_req = readreq i1 @_ssdm_op_ReadReq.m_axi.i256P1A, i64 %gmem_addr_13, i32 1" [poseidon.cpp:55]   --->   Operation 322 'readreq' 'gmem_load_13_req' <Predicate = true> <Delay = 7.30> <CoreInst = "m_axi">   --->   Core 113 'm_axi' <Latency = 0> <II = 1> <Delay = 1.00> <Adapter> <Opcode : 'read' 'write' 'readreq' 'writereq' 'writeresp'>
ST_20 : Operation 323 [1/1] (0.00ns)   --->   "%sext_ln55_14 = sext i60 %add_ln55_21" [poseidon.cpp:55]   --->   Operation 323 'sext' 'sext_ln55_14' <Predicate = true> <Delay = 0.00>
ST_20 : Operation 324 [1/1] (0.00ns)   --->   "%gmem_addr_14 = getelementptr i256 %gmem, i64 %sext_ln55_14" [poseidon.cpp:55]   --->   Operation 324 'getelementptr' 'gmem_addr_14' <Predicate = true> <Delay = 0.00>
ST_20 : Operation 325 [8/8] (7.30ns)   --->   "%gmem_load_14_req = readreq i1 @_ssdm_op_ReadReq.m_axi.i256P1A, i64 %gmem_addr_14, i32 1" [poseidon.cpp:55]   --->   Operation 325 'readreq' 'gmem_load_14_req' <Predicate = true> <Delay = 7.30> <CoreInst = "m_axi">   --->   Core 113 'm_axi' <Latency = 0> <II = 1> <Delay = 1.00> <Adapter> <Opcode : 'read' 'write' 'readreq' 'writereq' 'writeresp'>

State 21 <SV = 20> <Delay = 7.30>
ST_21 : Operation 326 [1/1] (7.30ns)   --->   "%gmem_addr_7_read = read i256 @_ssdm_op_Read.m_axi.i256P1A, i64 %gmem_addr_7" [poseidon.cpp:55]   --->   Operation 326 'read' 'gmem_addr_7_read' <Predicate = true> <Delay = 7.30> <CoreInst = "m_axi">   --->   Core 113 'm_axi' <Latency = 0> <II = 1> <Delay = 1.00> <Adapter> <Opcode : 'read' 'write' 'readreq' 'writereq' 'writeresp'>
ST_21 : Operation 327 [1/8] (7.30ns)   --->   "%gmem_load_8_req = readreq i1 @_ssdm_op_ReadReq.m_axi.i256P1A, i64 %gmem_addr_8, i32 1" [poseidon.cpp:55]   --->   Operation 327 'readreq' 'gmem_load_8_req' <Predicate = true> <Delay = 7.30> <CoreInst = "m_axi">   --->   Core 113 'm_axi' <Latency = 0> <II = 1> <Delay = 1.00> <Adapter> <Opcode : 'read' 'write' 'readreq' 'writereq' 'writeresp'>
ST_21 : Operation 328 [2/8] (7.30ns)   --->   "%gmem_load_9_req = readreq i1 @_ssdm_op_ReadReq.m_axi.i256P1A, i64 %gmem_addr_9, i32 1" [poseidon.cpp:55]   --->   Operation 328 'readreq' 'gmem_load_9_req' <Predicate = true> <Delay = 7.30> <CoreInst = "m_axi">   --->   Core 113 'm_axi' <Latency = 0> <II = 1> <Delay = 1.00> <Adapter> <Opcode : 'read' 'write' 'readreq' 'writereq' 'writeresp'>
ST_21 : Operation 329 [3/8] (7.30ns)   --->   "%gmem_load_10_req = readreq i1 @_ssdm_op_ReadReq.m_axi.i256P1A, i64 %gmem_addr_10, i32 1" [poseidon.cpp:55]   --->   Operation 329 'readreq' 'gmem_load_10_req' <Predicate = true> <Delay = 7.30> <CoreInst = "m_axi">   --->   Core 113 'm_axi' <Latency = 0> <II = 1> <Delay = 1.00> <Adapter> <Opcode : 'read' 'write' 'readreq' 'writereq' 'writeresp'>
ST_21 : Operation 330 [4/8] (7.30ns)   --->   "%gmem_load_11_req = readreq i1 @_ssdm_op_ReadReq.m_axi.i256P1A, i64 %gmem_addr_11, i32 1" [poseidon.cpp:55]   --->   Operation 330 'readreq' 'gmem_load_11_req' <Predicate = true> <Delay = 7.30> <CoreInst = "m_axi">   --->   Core 113 'm_axi' <Latency = 0> <II = 1> <Delay = 1.00> <Adapter> <Opcode : 'read' 'write' 'readreq' 'writereq' 'writeresp'>
ST_21 : Operation 331 [5/8] (7.30ns)   --->   "%gmem_load_12_req = readreq i1 @_ssdm_op_ReadReq.m_axi.i256P1A, i64 %gmem_addr_12, i32 1" [poseidon.cpp:55]   --->   Operation 331 'readreq' 'gmem_load_12_req' <Predicate = true> <Delay = 7.30> <CoreInst = "m_axi">   --->   Core 113 'm_axi' <Latency = 0> <II = 1> <Delay = 1.00> <Adapter> <Opcode : 'read' 'write' 'readreq' 'writereq' 'writeresp'>
ST_21 : Operation 332 [6/8] (7.30ns)   --->   "%gmem_load_13_req = readreq i1 @_ssdm_op_ReadReq.m_axi.i256P1A, i64 %gmem_addr_13, i32 1" [poseidon.cpp:55]   --->   Operation 332 'readreq' 'gmem_load_13_req' <Predicate = true> <Delay = 7.30> <CoreInst = "m_axi">   --->   Core 113 'm_axi' <Latency = 0> <II = 1> <Delay = 1.00> <Adapter> <Opcode : 'read' 'write' 'readreq' 'writereq' 'writeresp'>
ST_21 : Operation 333 [7/8] (7.30ns)   --->   "%gmem_load_14_req = readreq i1 @_ssdm_op_ReadReq.m_axi.i256P1A, i64 %gmem_addr_14, i32 1" [poseidon.cpp:55]   --->   Operation 333 'readreq' 'gmem_load_14_req' <Predicate = true> <Delay = 7.30> <CoreInst = "m_axi">   --->   Core 113 'm_axi' <Latency = 0> <II = 1> <Delay = 1.00> <Adapter> <Opcode : 'read' 'write' 'readreq' 'writereq' 'writeresp'>
ST_21 : Operation 334 [1/1] (0.00ns)   --->   "%sext_ln55_15 = sext i60 %add_ln55_23" [poseidon.cpp:55]   --->   Operation 334 'sext' 'sext_ln55_15' <Predicate = true> <Delay = 0.00>
ST_21 : Operation 335 [1/1] (0.00ns)   --->   "%gmem_addr_15 = getelementptr i256 %gmem, i64 %sext_ln55_15" [poseidon.cpp:55]   --->   Operation 335 'getelementptr' 'gmem_addr_15' <Predicate = true> <Delay = 0.00>
ST_21 : Operation 336 [8/8] (7.30ns)   --->   "%gmem_load_15_req = readreq i1 @_ssdm_op_ReadReq.m_axi.i256P1A, i64 %gmem_addr_15, i32 1" [poseidon.cpp:55]   --->   Operation 336 'readreq' 'gmem_load_15_req' <Predicate = true> <Delay = 7.30> <CoreInst = "m_axi">   --->   Core 113 'm_axi' <Latency = 0> <II = 1> <Delay = 1.00> <Adapter> <Opcode : 'read' 'write' 'readreq' 'writereq' 'writeresp'>

State 22 <SV = 21> <Delay = 7.30>
ST_22 : Operation 337 [1/1] (7.30ns)   --->   "%gmem_addr_8_read = read i256 @_ssdm_op_Read.m_axi.i256P1A, i64 %gmem_addr_8" [poseidon.cpp:55]   --->   Operation 337 'read' 'gmem_addr_8_read' <Predicate = true> <Delay = 7.30> <CoreInst = "m_axi">   --->   Core 113 'm_axi' <Latency = 0> <II = 1> <Delay = 1.00> <Adapter> <Opcode : 'read' 'write' 'readreq' 'writereq' 'writeresp'>
ST_22 : Operation 338 [1/8] (7.30ns)   --->   "%gmem_load_9_req = readreq i1 @_ssdm_op_ReadReq.m_axi.i256P1A, i64 %gmem_addr_9, i32 1" [poseidon.cpp:55]   --->   Operation 338 'readreq' 'gmem_load_9_req' <Predicate = true> <Delay = 7.30> <CoreInst = "m_axi">   --->   Core 113 'm_axi' <Latency = 0> <II = 1> <Delay = 1.00> <Adapter> <Opcode : 'read' 'write' 'readreq' 'writereq' 'writeresp'>
ST_22 : Operation 339 [2/8] (7.30ns)   --->   "%gmem_load_10_req = readreq i1 @_ssdm_op_ReadReq.m_axi.i256P1A, i64 %gmem_addr_10, i32 1" [poseidon.cpp:55]   --->   Operation 339 'readreq' 'gmem_load_10_req' <Predicate = true> <Delay = 7.30> <CoreInst = "m_axi">   --->   Core 113 'm_axi' <Latency = 0> <II = 1> <Delay = 1.00> <Adapter> <Opcode : 'read' 'write' 'readreq' 'writereq' 'writeresp'>
ST_22 : Operation 340 [3/8] (7.30ns)   --->   "%gmem_load_11_req = readreq i1 @_ssdm_op_ReadReq.m_axi.i256P1A, i64 %gmem_addr_11, i32 1" [poseidon.cpp:55]   --->   Operation 340 'readreq' 'gmem_load_11_req' <Predicate = true> <Delay = 7.30> <CoreInst = "m_axi">   --->   Core 113 'm_axi' <Latency = 0> <II = 1> <Delay = 1.00> <Adapter> <Opcode : 'read' 'write' 'readreq' 'writereq' 'writeresp'>
ST_22 : Operation 341 [4/8] (7.30ns)   --->   "%gmem_load_12_req = readreq i1 @_ssdm_op_ReadReq.m_axi.i256P1A, i64 %gmem_addr_12, i32 1" [poseidon.cpp:55]   --->   Operation 341 'readreq' 'gmem_load_12_req' <Predicate = true> <Delay = 7.30> <CoreInst = "m_axi">   --->   Core 113 'm_axi' <Latency = 0> <II = 1> <Delay = 1.00> <Adapter> <Opcode : 'read' 'write' 'readreq' 'writereq' 'writeresp'>
ST_22 : Operation 342 [5/8] (7.30ns)   --->   "%gmem_load_13_req = readreq i1 @_ssdm_op_ReadReq.m_axi.i256P1A, i64 %gmem_addr_13, i32 1" [poseidon.cpp:55]   --->   Operation 342 'readreq' 'gmem_load_13_req' <Predicate = true> <Delay = 7.30> <CoreInst = "m_axi">   --->   Core 113 'm_axi' <Latency = 0> <II = 1> <Delay = 1.00> <Adapter> <Opcode : 'read' 'write' 'readreq' 'writereq' 'writeresp'>
ST_22 : Operation 343 [6/8] (7.30ns)   --->   "%gmem_load_14_req = readreq i1 @_ssdm_op_ReadReq.m_axi.i256P1A, i64 %gmem_addr_14, i32 1" [poseidon.cpp:55]   --->   Operation 343 'readreq' 'gmem_load_14_req' <Predicate = true> <Delay = 7.30> <CoreInst = "m_axi">   --->   Core 113 'm_axi' <Latency = 0> <II = 1> <Delay = 1.00> <Adapter> <Opcode : 'read' 'write' 'readreq' 'writereq' 'writeresp'>
ST_22 : Operation 344 [7/8] (7.30ns)   --->   "%gmem_load_15_req = readreq i1 @_ssdm_op_ReadReq.m_axi.i256P1A, i64 %gmem_addr_15, i32 1" [poseidon.cpp:55]   --->   Operation 344 'readreq' 'gmem_load_15_req' <Predicate = true> <Delay = 7.30> <CoreInst = "m_axi">   --->   Core 113 'm_axi' <Latency = 0> <II = 1> <Delay = 1.00> <Adapter> <Opcode : 'read' 'write' 'readreq' 'writereq' 'writeresp'>
ST_22 : Operation 345 [1/1] (0.00ns)   --->   "%sext_ln55_16 = sext i60 %add_ln55_25" [poseidon.cpp:55]   --->   Operation 345 'sext' 'sext_ln55_16' <Predicate = true> <Delay = 0.00>
ST_22 : Operation 346 [1/1] (0.00ns)   --->   "%gmem_addr_16 = getelementptr i256 %gmem, i64 %sext_ln55_16" [poseidon.cpp:55]   --->   Operation 346 'getelementptr' 'gmem_addr_16' <Predicate = true> <Delay = 0.00>
ST_22 : Operation 347 [8/8] (7.30ns)   --->   "%gmem_load_16_req = readreq i1 @_ssdm_op_ReadReq.m_axi.i256P1A, i64 %gmem_addr_16, i32 1" [poseidon.cpp:55]   --->   Operation 347 'readreq' 'gmem_load_16_req' <Predicate = true> <Delay = 7.30> <CoreInst = "m_axi">   --->   Core 113 'm_axi' <Latency = 0> <II = 1> <Delay = 1.00> <Adapter> <Opcode : 'read' 'write' 'readreq' 'writereq' 'writeresp'>

State 23 <SV = 22> <Delay = 7.30>
ST_23 : Operation 348 [1/1] (7.30ns)   --->   "%gmem_addr_9_read = read i256 @_ssdm_op_Read.m_axi.i256P1A, i64 %gmem_addr_9" [poseidon.cpp:55]   --->   Operation 348 'read' 'gmem_addr_9_read' <Predicate = true> <Delay = 7.30> <CoreInst = "m_axi">   --->   Core 113 'm_axi' <Latency = 0> <II = 1> <Delay = 1.00> <Adapter> <Opcode : 'read' 'write' 'readreq' 'writereq' 'writeresp'>
ST_23 : Operation 349 [1/8] (7.30ns)   --->   "%gmem_load_10_req = readreq i1 @_ssdm_op_ReadReq.m_axi.i256P1A, i64 %gmem_addr_10, i32 1" [poseidon.cpp:55]   --->   Operation 349 'readreq' 'gmem_load_10_req' <Predicate = true> <Delay = 7.30> <CoreInst = "m_axi">   --->   Core 113 'm_axi' <Latency = 0> <II = 1> <Delay = 1.00> <Adapter> <Opcode : 'read' 'write' 'readreq' 'writereq' 'writeresp'>
ST_23 : Operation 350 [2/8] (7.30ns)   --->   "%gmem_load_11_req = readreq i1 @_ssdm_op_ReadReq.m_axi.i256P1A, i64 %gmem_addr_11, i32 1" [poseidon.cpp:55]   --->   Operation 350 'readreq' 'gmem_load_11_req' <Predicate = true> <Delay = 7.30> <CoreInst = "m_axi">   --->   Core 113 'm_axi' <Latency = 0> <II = 1> <Delay = 1.00> <Adapter> <Opcode : 'read' 'write' 'readreq' 'writereq' 'writeresp'>
ST_23 : Operation 351 [3/8] (7.30ns)   --->   "%gmem_load_12_req = readreq i1 @_ssdm_op_ReadReq.m_axi.i256P1A, i64 %gmem_addr_12, i32 1" [poseidon.cpp:55]   --->   Operation 351 'readreq' 'gmem_load_12_req' <Predicate = true> <Delay = 7.30> <CoreInst = "m_axi">   --->   Core 113 'm_axi' <Latency = 0> <II = 1> <Delay = 1.00> <Adapter> <Opcode : 'read' 'write' 'readreq' 'writereq' 'writeresp'>
ST_23 : Operation 352 [4/8] (7.30ns)   --->   "%gmem_load_13_req = readreq i1 @_ssdm_op_ReadReq.m_axi.i256P1A, i64 %gmem_addr_13, i32 1" [poseidon.cpp:55]   --->   Operation 352 'readreq' 'gmem_load_13_req' <Predicate = true> <Delay = 7.30> <CoreInst = "m_axi">   --->   Core 113 'm_axi' <Latency = 0> <II = 1> <Delay = 1.00> <Adapter> <Opcode : 'read' 'write' 'readreq' 'writereq' 'writeresp'>
ST_23 : Operation 353 [5/8] (7.30ns)   --->   "%gmem_load_14_req = readreq i1 @_ssdm_op_ReadReq.m_axi.i256P1A, i64 %gmem_addr_14, i32 1" [poseidon.cpp:55]   --->   Operation 353 'readreq' 'gmem_load_14_req' <Predicate = true> <Delay = 7.30> <CoreInst = "m_axi">   --->   Core 113 'm_axi' <Latency = 0> <II = 1> <Delay = 1.00> <Adapter> <Opcode : 'read' 'write' 'readreq' 'writereq' 'writeresp'>
ST_23 : Operation 354 [6/8] (7.30ns)   --->   "%gmem_load_15_req = readreq i1 @_ssdm_op_ReadReq.m_axi.i256P1A, i64 %gmem_addr_15, i32 1" [poseidon.cpp:55]   --->   Operation 354 'readreq' 'gmem_load_15_req' <Predicate = true> <Delay = 7.30> <CoreInst = "m_axi">   --->   Core 113 'm_axi' <Latency = 0> <II = 1> <Delay = 1.00> <Adapter> <Opcode : 'read' 'write' 'readreq' 'writereq' 'writeresp'>
ST_23 : Operation 355 [7/8] (7.30ns)   --->   "%gmem_load_16_req = readreq i1 @_ssdm_op_ReadReq.m_axi.i256P1A, i64 %gmem_addr_16, i32 1" [poseidon.cpp:55]   --->   Operation 355 'readreq' 'gmem_load_16_req' <Predicate = true> <Delay = 7.30> <CoreInst = "m_axi">   --->   Core 113 'm_axi' <Latency = 0> <II = 1> <Delay = 1.00> <Adapter> <Opcode : 'read' 'write' 'readreq' 'writereq' 'writeresp'>
ST_23 : Operation 356 [1/1] (0.00ns)   --->   "%sext_ln55_17 = sext i60 %add_ln55_27" [poseidon.cpp:55]   --->   Operation 356 'sext' 'sext_ln55_17' <Predicate = true> <Delay = 0.00>
ST_23 : Operation 357 [1/1] (0.00ns)   --->   "%gmem_addr_17 = getelementptr i256 %gmem, i64 %sext_ln55_17" [poseidon.cpp:55]   --->   Operation 357 'getelementptr' 'gmem_addr_17' <Predicate = true> <Delay = 0.00>
ST_23 : Operation 358 [8/8] (7.30ns)   --->   "%gmem_load_17_req = readreq i1 @_ssdm_op_ReadReq.m_axi.i256P1A, i64 %gmem_addr_17, i32 1" [poseidon.cpp:55]   --->   Operation 358 'readreq' 'gmem_load_17_req' <Predicate = true> <Delay = 7.30> <CoreInst = "m_axi">   --->   Core 113 'm_axi' <Latency = 0> <II = 1> <Delay = 1.00> <Adapter> <Opcode : 'read' 'write' 'readreq' 'writereq' 'writeresp'>

State 24 <SV = 23> <Delay = 7.30>
ST_24 : Operation 359 [1/1] (7.30ns)   --->   "%gmem_addr_10_read = read i256 @_ssdm_op_Read.m_axi.i256P1A, i64 %gmem_addr_10" [poseidon.cpp:55]   --->   Operation 359 'read' 'gmem_addr_10_read' <Predicate = true> <Delay = 7.30> <CoreInst = "m_axi">   --->   Core 113 'm_axi' <Latency = 0> <II = 1> <Delay = 1.00> <Adapter> <Opcode : 'read' 'write' 'readreq' 'writereq' 'writeresp'>
ST_24 : Operation 360 [1/8] (7.30ns)   --->   "%gmem_load_11_req = readreq i1 @_ssdm_op_ReadReq.m_axi.i256P1A, i64 %gmem_addr_11, i32 1" [poseidon.cpp:55]   --->   Operation 360 'readreq' 'gmem_load_11_req' <Predicate = true> <Delay = 7.30> <CoreInst = "m_axi">   --->   Core 113 'm_axi' <Latency = 0> <II = 1> <Delay = 1.00> <Adapter> <Opcode : 'read' 'write' 'readreq' 'writereq' 'writeresp'>
ST_24 : Operation 361 [2/8] (7.30ns)   --->   "%gmem_load_12_req = readreq i1 @_ssdm_op_ReadReq.m_axi.i256P1A, i64 %gmem_addr_12, i32 1" [poseidon.cpp:55]   --->   Operation 361 'readreq' 'gmem_load_12_req' <Predicate = true> <Delay = 7.30> <CoreInst = "m_axi">   --->   Core 113 'm_axi' <Latency = 0> <II = 1> <Delay = 1.00> <Adapter> <Opcode : 'read' 'write' 'readreq' 'writereq' 'writeresp'>
ST_24 : Operation 362 [3/8] (7.30ns)   --->   "%gmem_load_13_req = readreq i1 @_ssdm_op_ReadReq.m_axi.i256P1A, i64 %gmem_addr_13, i32 1" [poseidon.cpp:55]   --->   Operation 362 'readreq' 'gmem_load_13_req' <Predicate = true> <Delay = 7.30> <CoreInst = "m_axi">   --->   Core 113 'm_axi' <Latency = 0> <II = 1> <Delay = 1.00> <Adapter> <Opcode : 'read' 'write' 'readreq' 'writereq' 'writeresp'>
ST_24 : Operation 363 [4/8] (7.30ns)   --->   "%gmem_load_14_req = readreq i1 @_ssdm_op_ReadReq.m_axi.i256P1A, i64 %gmem_addr_14, i32 1" [poseidon.cpp:55]   --->   Operation 363 'readreq' 'gmem_load_14_req' <Predicate = true> <Delay = 7.30> <CoreInst = "m_axi">   --->   Core 113 'm_axi' <Latency = 0> <II = 1> <Delay = 1.00> <Adapter> <Opcode : 'read' 'write' 'readreq' 'writereq' 'writeresp'>
ST_24 : Operation 364 [5/8] (7.30ns)   --->   "%gmem_load_15_req = readreq i1 @_ssdm_op_ReadReq.m_axi.i256P1A, i64 %gmem_addr_15, i32 1" [poseidon.cpp:55]   --->   Operation 364 'readreq' 'gmem_load_15_req' <Predicate = true> <Delay = 7.30> <CoreInst = "m_axi">   --->   Core 113 'm_axi' <Latency = 0> <II = 1> <Delay = 1.00> <Adapter> <Opcode : 'read' 'write' 'readreq' 'writereq' 'writeresp'>
ST_24 : Operation 365 [6/8] (7.30ns)   --->   "%gmem_load_16_req = readreq i1 @_ssdm_op_ReadReq.m_axi.i256P1A, i64 %gmem_addr_16, i32 1" [poseidon.cpp:55]   --->   Operation 365 'readreq' 'gmem_load_16_req' <Predicate = true> <Delay = 7.30> <CoreInst = "m_axi">   --->   Core 113 'm_axi' <Latency = 0> <II = 1> <Delay = 1.00> <Adapter> <Opcode : 'read' 'write' 'readreq' 'writereq' 'writeresp'>
ST_24 : Operation 366 [7/8] (7.30ns)   --->   "%gmem_load_17_req = readreq i1 @_ssdm_op_ReadReq.m_axi.i256P1A, i64 %gmem_addr_17, i32 1" [poseidon.cpp:55]   --->   Operation 366 'readreq' 'gmem_load_17_req' <Predicate = true> <Delay = 7.30> <CoreInst = "m_axi">   --->   Core 113 'm_axi' <Latency = 0> <II = 1> <Delay = 1.00> <Adapter> <Opcode : 'read' 'write' 'readreq' 'writereq' 'writeresp'>
ST_24 : Operation 367 [1/1] (0.00ns)   --->   "%sext_ln55_18 = sext i60 %add_ln55_29" [poseidon.cpp:55]   --->   Operation 367 'sext' 'sext_ln55_18' <Predicate = true> <Delay = 0.00>
ST_24 : Operation 368 [1/1] (0.00ns)   --->   "%gmem_addr_18 = getelementptr i256 %gmem, i64 %sext_ln55_18" [poseidon.cpp:55]   --->   Operation 368 'getelementptr' 'gmem_addr_18' <Predicate = true> <Delay = 0.00>
ST_24 : Operation 369 [8/8] (7.30ns)   --->   "%gmem_load_18_req = readreq i1 @_ssdm_op_ReadReq.m_axi.i256P1A, i64 %gmem_addr_18, i32 1" [poseidon.cpp:55]   --->   Operation 369 'readreq' 'gmem_load_18_req' <Predicate = true> <Delay = 7.30> <CoreInst = "m_axi">   --->   Core 113 'm_axi' <Latency = 0> <II = 1> <Delay = 1.00> <Adapter> <Opcode : 'read' 'write' 'readreq' 'writereq' 'writeresp'>

State 25 <SV = 24> <Delay = 7.30>
ST_25 : Operation 370 [1/1] (7.30ns)   --->   "%gmem_addr_11_read = read i256 @_ssdm_op_Read.m_axi.i256P1A, i64 %gmem_addr_11" [poseidon.cpp:55]   --->   Operation 370 'read' 'gmem_addr_11_read' <Predicate = true> <Delay = 7.30> <CoreInst = "m_axi">   --->   Core 113 'm_axi' <Latency = 0> <II = 1> <Delay = 1.00> <Adapter> <Opcode : 'read' 'write' 'readreq' 'writereq' 'writeresp'>
ST_25 : Operation 371 [1/8] (7.30ns)   --->   "%gmem_load_12_req = readreq i1 @_ssdm_op_ReadReq.m_axi.i256P1A, i64 %gmem_addr_12, i32 1" [poseidon.cpp:55]   --->   Operation 371 'readreq' 'gmem_load_12_req' <Predicate = true> <Delay = 7.30> <CoreInst = "m_axi">   --->   Core 113 'm_axi' <Latency = 0> <II = 1> <Delay = 1.00> <Adapter> <Opcode : 'read' 'write' 'readreq' 'writereq' 'writeresp'>
ST_25 : Operation 372 [2/8] (7.30ns)   --->   "%gmem_load_13_req = readreq i1 @_ssdm_op_ReadReq.m_axi.i256P1A, i64 %gmem_addr_13, i32 1" [poseidon.cpp:55]   --->   Operation 372 'readreq' 'gmem_load_13_req' <Predicate = true> <Delay = 7.30> <CoreInst = "m_axi">   --->   Core 113 'm_axi' <Latency = 0> <II = 1> <Delay = 1.00> <Adapter> <Opcode : 'read' 'write' 'readreq' 'writereq' 'writeresp'>
ST_25 : Operation 373 [3/8] (7.30ns)   --->   "%gmem_load_14_req = readreq i1 @_ssdm_op_ReadReq.m_axi.i256P1A, i64 %gmem_addr_14, i32 1" [poseidon.cpp:55]   --->   Operation 373 'readreq' 'gmem_load_14_req' <Predicate = true> <Delay = 7.30> <CoreInst = "m_axi">   --->   Core 113 'm_axi' <Latency = 0> <II = 1> <Delay = 1.00> <Adapter> <Opcode : 'read' 'write' 'readreq' 'writereq' 'writeresp'>
ST_25 : Operation 374 [4/8] (7.30ns)   --->   "%gmem_load_15_req = readreq i1 @_ssdm_op_ReadReq.m_axi.i256P1A, i64 %gmem_addr_15, i32 1" [poseidon.cpp:55]   --->   Operation 374 'readreq' 'gmem_load_15_req' <Predicate = true> <Delay = 7.30> <CoreInst = "m_axi">   --->   Core 113 'm_axi' <Latency = 0> <II = 1> <Delay = 1.00> <Adapter> <Opcode : 'read' 'write' 'readreq' 'writereq' 'writeresp'>
ST_25 : Operation 375 [5/8] (7.30ns)   --->   "%gmem_load_16_req = readreq i1 @_ssdm_op_ReadReq.m_axi.i256P1A, i64 %gmem_addr_16, i32 1" [poseidon.cpp:55]   --->   Operation 375 'readreq' 'gmem_load_16_req' <Predicate = true> <Delay = 7.30> <CoreInst = "m_axi">   --->   Core 113 'm_axi' <Latency = 0> <II = 1> <Delay = 1.00> <Adapter> <Opcode : 'read' 'write' 'readreq' 'writereq' 'writeresp'>
ST_25 : Operation 376 [6/8] (7.30ns)   --->   "%gmem_load_17_req = readreq i1 @_ssdm_op_ReadReq.m_axi.i256P1A, i64 %gmem_addr_17, i32 1" [poseidon.cpp:55]   --->   Operation 376 'readreq' 'gmem_load_17_req' <Predicate = true> <Delay = 7.30> <CoreInst = "m_axi">   --->   Core 113 'm_axi' <Latency = 0> <II = 1> <Delay = 1.00> <Adapter> <Opcode : 'read' 'write' 'readreq' 'writereq' 'writeresp'>
ST_25 : Operation 377 [7/8] (7.30ns)   --->   "%gmem_load_18_req = readreq i1 @_ssdm_op_ReadReq.m_axi.i256P1A, i64 %gmem_addr_18, i32 1" [poseidon.cpp:55]   --->   Operation 377 'readreq' 'gmem_load_18_req' <Predicate = true> <Delay = 7.30> <CoreInst = "m_axi">   --->   Core 113 'm_axi' <Latency = 0> <II = 1> <Delay = 1.00> <Adapter> <Opcode : 'read' 'write' 'readreq' 'writereq' 'writeresp'>
ST_25 : Operation 378 [1/1] (0.00ns)   --->   "%sext_ln55_19 = sext i60 %add_ln55_31" [poseidon.cpp:55]   --->   Operation 378 'sext' 'sext_ln55_19' <Predicate = true> <Delay = 0.00>
ST_25 : Operation 379 [1/1] (0.00ns)   --->   "%gmem_addr_19 = getelementptr i256 %gmem, i64 %sext_ln55_19" [poseidon.cpp:55]   --->   Operation 379 'getelementptr' 'gmem_addr_19' <Predicate = true> <Delay = 0.00>
ST_25 : Operation 380 [8/8] (7.30ns)   --->   "%gmem_load_19_req = readreq i1 @_ssdm_op_ReadReq.m_axi.i256P1A, i64 %gmem_addr_19, i32 1" [poseidon.cpp:55]   --->   Operation 380 'readreq' 'gmem_load_19_req' <Predicate = true> <Delay = 7.30> <CoreInst = "m_axi">   --->   Core 113 'm_axi' <Latency = 0> <II = 1> <Delay = 1.00> <Adapter> <Opcode : 'read' 'write' 'readreq' 'writereq' 'writeresp'>

State 26 <SV = 25> <Delay = 7.30>
ST_26 : Operation 381 [1/1] (7.30ns)   --->   "%gmem_addr_12_read = read i256 @_ssdm_op_Read.m_axi.i256P1A, i64 %gmem_addr_12" [poseidon.cpp:55]   --->   Operation 381 'read' 'gmem_addr_12_read' <Predicate = true> <Delay = 7.30> <CoreInst = "m_axi">   --->   Core 113 'm_axi' <Latency = 0> <II = 1> <Delay = 1.00> <Adapter> <Opcode : 'read' 'write' 'readreq' 'writereq' 'writeresp'>
ST_26 : Operation 382 [1/8] (7.30ns)   --->   "%gmem_load_13_req = readreq i1 @_ssdm_op_ReadReq.m_axi.i256P1A, i64 %gmem_addr_13, i32 1" [poseidon.cpp:55]   --->   Operation 382 'readreq' 'gmem_load_13_req' <Predicate = true> <Delay = 7.30> <CoreInst = "m_axi">   --->   Core 113 'm_axi' <Latency = 0> <II = 1> <Delay = 1.00> <Adapter> <Opcode : 'read' 'write' 'readreq' 'writereq' 'writeresp'>
ST_26 : Operation 383 [2/8] (7.30ns)   --->   "%gmem_load_14_req = readreq i1 @_ssdm_op_ReadReq.m_axi.i256P1A, i64 %gmem_addr_14, i32 1" [poseidon.cpp:55]   --->   Operation 383 'readreq' 'gmem_load_14_req' <Predicate = true> <Delay = 7.30> <CoreInst = "m_axi">   --->   Core 113 'm_axi' <Latency = 0> <II = 1> <Delay = 1.00> <Adapter> <Opcode : 'read' 'write' 'readreq' 'writereq' 'writeresp'>
ST_26 : Operation 384 [3/8] (7.30ns)   --->   "%gmem_load_15_req = readreq i1 @_ssdm_op_ReadReq.m_axi.i256P1A, i64 %gmem_addr_15, i32 1" [poseidon.cpp:55]   --->   Operation 384 'readreq' 'gmem_load_15_req' <Predicate = true> <Delay = 7.30> <CoreInst = "m_axi">   --->   Core 113 'm_axi' <Latency = 0> <II = 1> <Delay = 1.00> <Adapter> <Opcode : 'read' 'write' 'readreq' 'writereq' 'writeresp'>
ST_26 : Operation 385 [4/8] (7.30ns)   --->   "%gmem_load_16_req = readreq i1 @_ssdm_op_ReadReq.m_axi.i256P1A, i64 %gmem_addr_16, i32 1" [poseidon.cpp:55]   --->   Operation 385 'readreq' 'gmem_load_16_req' <Predicate = true> <Delay = 7.30> <CoreInst = "m_axi">   --->   Core 113 'm_axi' <Latency = 0> <II = 1> <Delay = 1.00> <Adapter> <Opcode : 'read' 'write' 'readreq' 'writereq' 'writeresp'>
ST_26 : Operation 386 [5/8] (7.30ns)   --->   "%gmem_load_17_req = readreq i1 @_ssdm_op_ReadReq.m_axi.i256P1A, i64 %gmem_addr_17, i32 1" [poseidon.cpp:55]   --->   Operation 386 'readreq' 'gmem_load_17_req' <Predicate = true> <Delay = 7.30> <CoreInst = "m_axi">   --->   Core 113 'm_axi' <Latency = 0> <II = 1> <Delay = 1.00> <Adapter> <Opcode : 'read' 'write' 'readreq' 'writereq' 'writeresp'>
ST_26 : Operation 387 [6/8] (7.30ns)   --->   "%gmem_load_18_req = readreq i1 @_ssdm_op_ReadReq.m_axi.i256P1A, i64 %gmem_addr_18, i32 1" [poseidon.cpp:55]   --->   Operation 387 'readreq' 'gmem_load_18_req' <Predicate = true> <Delay = 7.30> <CoreInst = "m_axi">   --->   Core 113 'm_axi' <Latency = 0> <II = 1> <Delay = 1.00> <Adapter> <Opcode : 'read' 'write' 'readreq' 'writereq' 'writeresp'>
ST_26 : Operation 388 [7/8] (7.30ns)   --->   "%gmem_load_19_req = readreq i1 @_ssdm_op_ReadReq.m_axi.i256P1A, i64 %gmem_addr_19, i32 1" [poseidon.cpp:55]   --->   Operation 388 'readreq' 'gmem_load_19_req' <Predicate = true> <Delay = 7.30> <CoreInst = "m_axi">   --->   Core 113 'm_axi' <Latency = 0> <II = 1> <Delay = 1.00> <Adapter> <Opcode : 'read' 'write' 'readreq' 'writereq' 'writeresp'>
ST_26 : Operation 389 [1/1] (0.00ns)   --->   "%sext_ln55_20 = sext i60 %add_ln55_33" [poseidon.cpp:55]   --->   Operation 389 'sext' 'sext_ln55_20' <Predicate = true> <Delay = 0.00>
ST_26 : Operation 390 [1/1] (0.00ns)   --->   "%gmem_addr_20 = getelementptr i256 %gmem, i64 %sext_ln55_20" [poseidon.cpp:55]   --->   Operation 390 'getelementptr' 'gmem_addr_20' <Predicate = true> <Delay = 0.00>
ST_26 : Operation 391 [8/8] (7.30ns)   --->   "%gmem_load_20_req = readreq i1 @_ssdm_op_ReadReq.m_axi.i256P1A, i64 %gmem_addr_20, i32 1" [poseidon.cpp:55]   --->   Operation 391 'readreq' 'gmem_load_20_req' <Predicate = true> <Delay = 7.30> <CoreInst = "m_axi">   --->   Core 113 'm_axi' <Latency = 0> <II = 1> <Delay = 1.00> <Adapter> <Opcode : 'read' 'write' 'readreq' 'writereq' 'writeresp'>

State 27 <SV = 26> <Delay = 7.30>
ST_27 : Operation 392 [1/1] (7.30ns)   --->   "%gmem_addr_13_read = read i256 @_ssdm_op_Read.m_axi.i256P1A, i64 %gmem_addr_13" [poseidon.cpp:55]   --->   Operation 392 'read' 'gmem_addr_13_read' <Predicate = true> <Delay = 7.30> <CoreInst = "m_axi">   --->   Core 113 'm_axi' <Latency = 0> <II = 1> <Delay = 1.00> <Adapter> <Opcode : 'read' 'write' 'readreq' 'writereq' 'writeresp'>
ST_27 : Operation 393 [1/8] (7.30ns)   --->   "%gmem_load_14_req = readreq i1 @_ssdm_op_ReadReq.m_axi.i256P1A, i64 %gmem_addr_14, i32 1" [poseidon.cpp:55]   --->   Operation 393 'readreq' 'gmem_load_14_req' <Predicate = true> <Delay = 7.30> <CoreInst = "m_axi">   --->   Core 113 'm_axi' <Latency = 0> <II = 1> <Delay = 1.00> <Adapter> <Opcode : 'read' 'write' 'readreq' 'writereq' 'writeresp'>
ST_27 : Operation 394 [2/8] (7.30ns)   --->   "%gmem_load_15_req = readreq i1 @_ssdm_op_ReadReq.m_axi.i256P1A, i64 %gmem_addr_15, i32 1" [poseidon.cpp:55]   --->   Operation 394 'readreq' 'gmem_load_15_req' <Predicate = true> <Delay = 7.30> <CoreInst = "m_axi">   --->   Core 113 'm_axi' <Latency = 0> <II = 1> <Delay = 1.00> <Adapter> <Opcode : 'read' 'write' 'readreq' 'writereq' 'writeresp'>
ST_27 : Operation 395 [3/8] (7.30ns)   --->   "%gmem_load_16_req = readreq i1 @_ssdm_op_ReadReq.m_axi.i256P1A, i64 %gmem_addr_16, i32 1" [poseidon.cpp:55]   --->   Operation 395 'readreq' 'gmem_load_16_req' <Predicate = true> <Delay = 7.30> <CoreInst = "m_axi">   --->   Core 113 'm_axi' <Latency = 0> <II = 1> <Delay = 1.00> <Adapter> <Opcode : 'read' 'write' 'readreq' 'writereq' 'writeresp'>
ST_27 : Operation 396 [4/8] (7.30ns)   --->   "%gmem_load_17_req = readreq i1 @_ssdm_op_ReadReq.m_axi.i256P1A, i64 %gmem_addr_17, i32 1" [poseidon.cpp:55]   --->   Operation 396 'readreq' 'gmem_load_17_req' <Predicate = true> <Delay = 7.30> <CoreInst = "m_axi">   --->   Core 113 'm_axi' <Latency = 0> <II = 1> <Delay = 1.00> <Adapter> <Opcode : 'read' 'write' 'readreq' 'writereq' 'writeresp'>
ST_27 : Operation 397 [5/8] (7.30ns)   --->   "%gmem_load_18_req = readreq i1 @_ssdm_op_ReadReq.m_axi.i256P1A, i64 %gmem_addr_18, i32 1" [poseidon.cpp:55]   --->   Operation 397 'readreq' 'gmem_load_18_req' <Predicate = true> <Delay = 7.30> <CoreInst = "m_axi">   --->   Core 113 'm_axi' <Latency = 0> <II = 1> <Delay = 1.00> <Adapter> <Opcode : 'read' 'write' 'readreq' 'writereq' 'writeresp'>
ST_27 : Operation 398 [6/8] (7.30ns)   --->   "%gmem_load_19_req = readreq i1 @_ssdm_op_ReadReq.m_axi.i256P1A, i64 %gmem_addr_19, i32 1" [poseidon.cpp:55]   --->   Operation 398 'readreq' 'gmem_load_19_req' <Predicate = true> <Delay = 7.30> <CoreInst = "m_axi">   --->   Core 113 'm_axi' <Latency = 0> <II = 1> <Delay = 1.00> <Adapter> <Opcode : 'read' 'write' 'readreq' 'writereq' 'writeresp'>
ST_27 : Operation 399 [7/8] (7.30ns)   --->   "%gmem_load_20_req = readreq i1 @_ssdm_op_ReadReq.m_axi.i256P1A, i64 %gmem_addr_20, i32 1" [poseidon.cpp:55]   --->   Operation 399 'readreq' 'gmem_load_20_req' <Predicate = true> <Delay = 7.30> <CoreInst = "m_axi">   --->   Core 113 'm_axi' <Latency = 0> <II = 1> <Delay = 1.00> <Adapter> <Opcode : 'read' 'write' 'readreq' 'writereq' 'writeresp'>
ST_27 : Operation 400 [1/1] (0.00ns)   --->   "%sext_ln55_21 = sext i60 %add_ln55_35" [poseidon.cpp:55]   --->   Operation 400 'sext' 'sext_ln55_21' <Predicate = true> <Delay = 0.00>
ST_27 : Operation 401 [1/1] (0.00ns)   --->   "%gmem_addr_21 = getelementptr i256 %gmem, i64 %sext_ln55_21" [poseidon.cpp:55]   --->   Operation 401 'getelementptr' 'gmem_addr_21' <Predicate = true> <Delay = 0.00>
ST_27 : Operation 402 [8/8] (7.30ns)   --->   "%gmem_load_21_req = readreq i1 @_ssdm_op_ReadReq.m_axi.i256P1A, i64 %gmem_addr_21, i32 1" [poseidon.cpp:55]   --->   Operation 402 'readreq' 'gmem_load_21_req' <Predicate = true> <Delay = 7.30> <CoreInst = "m_axi">   --->   Core 113 'm_axi' <Latency = 0> <II = 1> <Delay = 1.00> <Adapter> <Opcode : 'read' 'write' 'readreq' 'writereq' 'writeresp'>

State 28 <SV = 27> <Delay = 7.30>
ST_28 : Operation 403 [1/1] (7.30ns)   --->   "%gmem_addr_14_read = read i256 @_ssdm_op_Read.m_axi.i256P1A, i64 %gmem_addr_14" [poseidon.cpp:55]   --->   Operation 403 'read' 'gmem_addr_14_read' <Predicate = true> <Delay = 7.30> <CoreInst = "m_axi">   --->   Core 113 'm_axi' <Latency = 0> <II = 1> <Delay = 1.00> <Adapter> <Opcode : 'read' 'write' 'readreq' 'writereq' 'writeresp'>
ST_28 : Operation 404 [1/8] (7.30ns)   --->   "%gmem_load_15_req = readreq i1 @_ssdm_op_ReadReq.m_axi.i256P1A, i64 %gmem_addr_15, i32 1" [poseidon.cpp:55]   --->   Operation 404 'readreq' 'gmem_load_15_req' <Predicate = true> <Delay = 7.30> <CoreInst = "m_axi">   --->   Core 113 'm_axi' <Latency = 0> <II = 1> <Delay = 1.00> <Adapter> <Opcode : 'read' 'write' 'readreq' 'writereq' 'writeresp'>
ST_28 : Operation 405 [2/8] (7.30ns)   --->   "%gmem_load_16_req = readreq i1 @_ssdm_op_ReadReq.m_axi.i256P1A, i64 %gmem_addr_16, i32 1" [poseidon.cpp:55]   --->   Operation 405 'readreq' 'gmem_load_16_req' <Predicate = true> <Delay = 7.30> <CoreInst = "m_axi">   --->   Core 113 'm_axi' <Latency = 0> <II = 1> <Delay = 1.00> <Adapter> <Opcode : 'read' 'write' 'readreq' 'writereq' 'writeresp'>
ST_28 : Operation 406 [3/8] (7.30ns)   --->   "%gmem_load_17_req = readreq i1 @_ssdm_op_ReadReq.m_axi.i256P1A, i64 %gmem_addr_17, i32 1" [poseidon.cpp:55]   --->   Operation 406 'readreq' 'gmem_load_17_req' <Predicate = true> <Delay = 7.30> <CoreInst = "m_axi">   --->   Core 113 'm_axi' <Latency = 0> <II = 1> <Delay = 1.00> <Adapter> <Opcode : 'read' 'write' 'readreq' 'writereq' 'writeresp'>
ST_28 : Operation 407 [4/8] (7.30ns)   --->   "%gmem_load_18_req = readreq i1 @_ssdm_op_ReadReq.m_axi.i256P1A, i64 %gmem_addr_18, i32 1" [poseidon.cpp:55]   --->   Operation 407 'readreq' 'gmem_load_18_req' <Predicate = true> <Delay = 7.30> <CoreInst = "m_axi">   --->   Core 113 'm_axi' <Latency = 0> <II = 1> <Delay = 1.00> <Adapter> <Opcode : 'read' 'write' 'readreq' 'writereq' 'writeresp'>
ST_28 : Operation 408 [5/8] (7.30ns)   --->   "%gmem_load_19_req = readreq i1 @_ssdm_op_ReadReq.m_axi.i256P1A, i64 %gmem_addr_19, i32 1" [poseidon.cpp:55]   --->   Operation 408 'readreq' 'gmem_load_19_req' <Predicate = true> <Delay = 7.30> <CoreInst = "m_axi">   --->   Core 113 'm_axi' <Latency = 0> <II = 1> <Delay = 1.00> <Adapter> <Opcode : 'read' 'write' 'readreq' 'writereq' 'writeresp'>
ST_28 : Operation 409 [6/8] (7.30ns)   --->   "%gmem_load_20_req = readreq i1 @_ssdm_op_ReadReq.m_axi.i256P1A, i64 %gmem_addr_20, i32 1" [poseidon.cpp:55]   --->   Operation 409 'readreq' 'gmem_load_20_req' <Predicate = true> <Delay = 7.30> <CoreInst = "m_axi">   --->   Core 113 'm_axi' <Latency = 0> <II = 1> <Delay = 1.00> <Adapter> <Opcode : 'read' 'write' 'readreq' 'writereq' 'writeresp'>
ST_28 : Operation 410 [7/8] (7.30ns)   --->   "%gmem_load_21_req = readreq i1 @_ssdm_op_ReadReq.m_axi.i256P1A, i64 %gmem_addr_21, i32 1" [poseidon.cpp:55]   --->   Operation 410 'readreq' 'gmem_load_21_req' <Predicate = true> <Delay = 7.30> <CoreInst = "m_axi">   --->   Core 113 'm_axi' <Latency = 0> <II = 1> <Delay = 1.00> <Adapter> <Opcode : 'read' 'write' 'readreq' 'writereq' 'writeresp'>
ST_28 : Operation 411 [1/1] (0.00ns)   --->   "%sext_ln55_22 = sext i60 %add_ln55_37" [poseidon.cpp:55]   --->   Operation 411 'sext' 'sext_ln55_22' <Predicate = true> <Delay = 0.00>
ST_28 : Operation 412 [1/1] (0.00ns)   --->   "%gmem_addr_22 = getelementptr i256 %gmem, i64 %sext_ln55_22" [poseidon.cpp:55]   --->   Operation 412 'getelementptr' 'gmem_addr_22' <Predicate = true> <Delay = 0.00>
ST_28 : Operation 413 [8/8] (7.30ns)   --->   "%gmem_load_22_req = readreq i1 @_ssdm_op_ReadReq.m_axi.i256P1A, i64 %gmem_addr_22, i32 1" [poseidon.cpp:55]   --->   Operation 413 'readreq' 'gmem_load_22_req' <Predicate = true> <Delay = 7.30> <CoreInst = "m_axi">   --->   Core 113 'm_axi' <Latency = 0> <II = 1> <Delay = 1.00> <Adapter> <Opcode : 'read' 'write' 'readreq' 'writereq' 'writeresp'>

State 29 <SV = 28> <Delay = 7.30>
ST_29 : Operation 414 [1/1] (7.30ns)   --->   "%gmem_addr_15_read = read i256 @_ssdm_op_Read.m_axi.i256P1A, i64 %gmem_addr_15" [poseidon.cpp:55]   --->   Operation 414 'read' 'gmem_addr_15_read' <Predicate = true> <Delay = 7.30> <CoreInst = "m_axi">   --->   Core 113 'm_axi' <Latency = 0> <II = 1> <Delay = 1.00> <Adapter> <Opcode : 'read' 'write' 'readreq' 'writereq' 'writeresp'>
ST_29 : Operation 415 [1/8] (7.30ns)   --->   "%gmem_load_16_req = readreq i1 @_ssdm_op_ReadReq.m_axi.i256P1A, i64 %gmem_addr_16, i32 1" [poseidon.cpp:55]   --->   Operation 415 'readreq' 'gmem_load_16_req' <Predicate = true> <Delay = 7.30> <CoreInst = "m_axi">   --->   Core 113 'm_axi' <Latency = 0> <II = 1> <Delay = 1.00> <Adapter> <Opcode : 'read' 'write' 'readreq' 'writereq' 'writeresp'>
ST_29 : Operation 416 [2/8] (7.30ns)   --->   "%gmem_load_17_req = readreq i1 @_ssdm_op_ReadReq.m_axi.i256P1A, i64 %gmem_addr_17, i32 1" [poseidon.cpp:55]   --->   Operation 416 'readreq' 'gmem_load_17_req' <Predicate = true> <Delay = 7.30> <CoreInst = "m_axi">   --->   Core 113 'm_axi' <Latency = 0> <II = 1> <Delay = 1.00> <Adapter> <Opcode : 'read' 'write' 'readreq' 'writereq' 'writeresp'>
ST_29 : Operation 417 [3/8] (7.30ns)   --->   "%gmem_load_18_req = readreq i1 @_ssdm_op_ReadReq.m_axi.i256P1A, i64 %gmem_addr_18, i32 1" [poseidon.cpp:55]   --->   Operation 417 'readreq' 'gmem_load_18_req' <Predicate = true> <Delay = 7.30> <CoreInst = "m_axi">   --->   Core 113 'm_axi' <Latency = 0> <II = 1> <Delay = 1.00> <Adapter> <Opcode : 'read' 'write' 'readreq' 'writereq' 'writeresp'>
ST_29 : Operation 418 [4/8] (7.30ns)   --->   "%gmem_load_19_req = readreq i1 @_ssdm_op_ReadReq.m_axi.i256P1A, i64 %gmem_addr_19, i32 1" [poseidon.cpp:55]   --->   Operation 418 'readreq' 'gmem_load_19_req' <Predicate = true> <Delay = 7.30> <CoreInst = "m_axi">   --->   Core 113 'm_axi' <Latency = 0> <II = 1> <Delay = 1.00> <Adapter> <Opcode : 'read' 'write' 'readreq' 'writereq' 'writeresp'>
ST_29 : Operation 419 [5/8] (7.30ns)   --->   "%gmem_load_20_req = readreq i1 @_ssdm_op_ReadReq.m_axi.i256P1A, i64 %gmem_addr_20, i32 1" [poseidon.cpp:55]   --->   Operation 419 'readreq' 'gmem_load_20_req' <Predicate = true> <Delay = 7.30> <CoreInst = "m_axi">   --->   Core 113 'm_axi' <Latency = 0> <II = 1> <Delay = 1.00> <Adapter> <Opcode : 'read' 'write' 'readreq' 'writereq' 'writeresp'>
ST_29 : Operation 420 [6/8] (7.30ns)   --->   "%gmem_load_21_req = readreq i1 @_ssdm_op_ReadReq.m_axi.i256P1A, i64 %gmem_addr_21, i32 1" [poseidon.cpp:55]   --->   Operation 420 'readreq' 'gmem_load_21_req' <Predicate = true> <Delay = 7.30> <CoreInst = "m_axi">   --->   Core 113 'm_axi' <Latency = 0> <II = 1> <Delay = 1.00> <Adapter> <Opcode : 'read' 'write' 'readreq' 'writereq' 'writeresp'>
ST_29 : Operation 421 [7/8] (7.30ns)   --->   "%gmem_load_22_req = readreq i1 @_ssdm_op_ReadReq.m_axi.i256P1A, i64 %gmem_addr_22, i32 1" [poseidon.cpp:55]   --->   Operation 421 'readreq' 'gmem_load_22_req' <Predicate = true> <Delay = 7.30> <CoreInst = "m_axi">   --->   Core 113 'm_axi' <Latency = 0> <II = 1> <Delay = 1.00> <Adapter> <Opcode : 'read' 'write' 'readreq' 'writereq' 'writeresp'>
ST_29 : Operation 422 [1/1] (0.00ns)   --->   "%sext_ln55_23 = sext i60 %add_ln55_39" [poseidon.cpp:55]   --->   Operation 422 'sext' 'sext_ln55_23' <Predicate = true> <Delay = 0.00>
ST_29 : Operation 423 [1/1] (0.00ns)   --->   "%gmem_addr_23 = getelementptr i256 %gmem, i64 %sext_ln55_23" [poseidon.cpp:55]   --->   Operation 423 'getelementptr' 'gmem_addr_23' <Predicate = true> <Delay = 0.00>
ST_29 : Operation 424 [8/8] (7.30ns)   --->   "%gmem_load_23_req = readreq i1 @_ssdm_op_ReadReq.m_axi.i256P1A, i64 %gmem_addr_23, i32 1" [poseidon.cpp:55]   --->   Operation 424 'readreq' 'gmem_load_23_req' <Predicate = true> <Delay = 7.30> <CoreInst = "m_axi">   --->   Core 113 'm_axi' <Latency = 0> <II = 1> <Delay = 1.00> <Adapter> <Opcode : 'read' 'write' 'readreq' 'writereq' 'writeresp'>

State 30 <SV = 29> <Delay = 7.30>
ST_30 : Operation 425 [1/1] (0.00ns)   --->   "%p_0_0_011_1572_load = load i256 %p_0_0_011_1572" [poseidon.cpp:6->poseidon.cpp:55]   --->   Operation 425 'load' 'p_0_0_011_1572_load' <Predicate = true> <Delay = 0.00>
ST_30 : Operation 426 [1/1] (7.30ns)   --->   "%gmem_addr_16_read = read i256 @_ssdm_op_Read.m_axi.i256P1A, i64 %gmem_addr_16" [poseidon.cpp:55]   --->   Operation 426 'read' 'gmem_addr_16_read' <Predicate = true> <Delay = 7.30> <CoreInst = "m_axi">   --->   Core 113 'm_axi' <Latency = 0> <II = 1> <Delay = 1.00> <Adapter> <Opcode : 'read' 'write' 'readreq' 'writereq' 'writeresp'>
ST_30 : Operation 427 [1/8] (7.30ns)   --->   "%gmem_load_17_req = readreq i1 @_ssdm_op_ReadReq.m_axi.i256P1A, i64 %gmem_addr_17, i32 1" [poseidon.cpp:55]   --->   Operation 427 'readreq' 'gmem_load_17_req' <Predicate = true> <Delay = 7.30> <CoreInst = "m_axi">   --->   Core 113 'm_axi' <Latency = 0> <II = 1> <Delay = 1.00> <Adapter> <Opcode : 'read' 'write' 'readreq' 'writereq' 'writeresp'>
ST_30 : Operation 428 [2/8] (7.30ns)   --->   "%gmem_load_18_req = readreq i1 @_ssdm_op_ReadReq.m_axi.i256P1A, i64 %gmem_addr_18, i32 1" [poseidon.cpp:55]   --->   Operation 428 'readreq' 'gmem_load_18_req' <Predicate = true> <Delay = 7.30> <CoreInst = "m_axi">   --->   Core 113 'm_axi' <Latency = 0> <II = 1> <Delay = 1.00> <Adapter> <Opcode : 'read' 'write' 'readreq' 'writereq' 'writeresp'>
ST_30 : Operation 429 [3/8] (7.30ns)   --->   "%gmem_load_19_req = readreq i1 @_ssdm_op_ReadReq.m_axi.i256P1A, i64 %gmem_addr_19, i32 1" [poseidon.cpp:55]   --->   Operation 429 'readreq' 'gmem_load_19_req' <Predicate = true> <Delay = 7.30> <CoreInst = "m_axi">   --->   Core 113 'm_axi' <Latency = 0> <II = 1> <Delay = 1.00> <Adapter> <Opcode : 'read' 'write' 'readreq' 'writereq' 'writeresp'>
ST_30 : Operation 430 [4/8] (7.30ns)   --->   "%gmem_load_20_req = readreq i1 @_ssdm_op_ReadReq.m_axi.i256P1A, i64 %gmem_addr_20, i32 1" [poseidon.cpp:55]   --->   Operation 430 'readreq' 'gmem_load_20_req' <Predicate = true> <Delay = 7.30> <CoreInst = "m_axi">   --->   Core 113 'm_axi' <Latency = 0> <II = 1> <Delay = 1.00> <Adapter> <Opcode : 'read' 'write' 'readreq' 'writereq' 'writeresp'>
ST_30 : Operation 431 [5/8] (7.30ns)   --->   "%gmem_load_21_req = readreq i1 @_ssdm_op_ReadReq.m_axi.i256P1A, i64 %gmem_addr_21, i32 1" [poseidon.cpp:55]   --->   Operation 431 'readreq' 'gmem_load_21_req' <Predicate = true> <Delay = 7.30> <CoreInst = "m_axi">   --->   Core 113 'm_axi' <Latency = 0> <II = 1> <Delay = 1.00> <Adapter> <Opcode : 'read' 'write' 'readreq' 'writereq' 'writeresp'>
ST_30 : Operation 432 [6/8] (7.30ns)   --->   "%gmem_load_22_req = readreq i1 @_ssdm_op_ReadReq.m_axi.i256P1A, i64 %gmem_addr_22, i32 1" [poseidon.cpp:55]   --->   Operation 432 'readreq' 'gmem_load_22_req' <Predicate = true> <Delay = 7.30> <CoreInst = "m_axi">   --->   Core 113 'm_axi' <Latency = 0> <II = 1> <Delay = 1.00> <Adapter> <Opcode : 'read' 'write' 'readreq' 'writereq' 'writeresp'>
ST_30 : Operation 433 [7/8] (7.30ns)   --->   "%gmem_load_23_req = readreq i1 @_ssdm_op_ReadReq.m_axi.i256P1A, i64 %gmem_addr_23, i32 1" [poseidon.cpp:55]   --->   Operation 433 'readreq' 'gmem_load_23_req' <Predicate = true> <Delay = 7.30> <CoreInst = "m_axi">   --->   Core 113 'm_axi' <Latency = 0> <II = 1> <Delay = 1.00> <Adapter> <Opcode : 'read' 'write' 'readreq' 'writereq' 'writeresp'>
ST_30 : Operation 434 [2/2] (3.44ns)   --->   "%add_ln6_37 = add i256 %gmem_addr_15_read, i256 %p_0_0_011_1572_load" [poseidon.cpp:6->poseidon.cpp:55]   --->   Operation 434 'add' 'add_ln6_37' <Predicate = true> <Delay = 3.44> <CoreInst = "Adder">   --->   Core 1 'Adder' <Latency = 1> <II = 1> <Delay = 3.44> <FuncUnit> <Opcode : 'add' 'sub'> <InPorts = 2> <OutPorts = 1>

State 31 <SV = 30> <Delay = 7.30>
ST_31 : Operation 435 [1/1] (0.00ns)   --->   "%p_0_0_011_1674_load = load i256 %p_0_0_011_1674" [poseidon.cpp:6->poseidon.cpp:55]   --->   Operation 435 'load' 'p_0_0_011_1674_load' <Predicate = true> <Delay = 0.00>
ST_31 : Operation 436 [1/1] (7.30ns)   --->   "%gmem_addr_17_read = read i256 @_ssdm_op_Read.m_axi.i256P1A, i64 %gmem_addr_17" [poseidon.cpp:55]   --->   Operation 436 'read' 'gmem_addr_17_read' <Predicate = true> <Delay = 7.30> <CoreInst = "m_axi">   --->   Core 113 'm_axi' <Latency = 0> <II = 1> <Delay = 1.00> <Adapter> <Opcode : 'read' 'write' 'readreq' 'writereq' 'writeresp'>
ST_31 : Operation 437 [1/8] (7.30ns)   --->   "%gmem_load_18_req = readreq i1 @_ssdm_op_ReadReq.m_axi.i256P1A, i64 %gmem_addr_18, i32 1" [poseidon.cpp:55]   --->   Operation 437 'readreq' 'gmem_load_18_req' <Predicate = true> <Delay = 7.30> <CoreInst = "m_axi">   --->   Core 113 'm_axi' <Latency = 0> <II = 1> <Delay = 1.00> <Adapter> <Opcode : 'read' 'write' 'readreq' 'writereq' 'writeresp'>
ST_31 : Operation 438 [2/8] (7.30ns)   --->   "%gmem_load_19_req = readreq i1 @_ssdm_op_ReadReq.m_axi.i256P1A, i64 %gmem_addr_19, i32 1" [poseidon.cpp:55]   --->   Operation 438 'readreq' 'gmem_load_19_req' <Predicate = true> <Delay = 7.30> <CoreInst = "m_axi">   --->   Core 113 'm_axi' <Latency = 0> <II = 1> <Delay = 1.00> <Adapter> <Opcode : 'read' 'write' 'readreq' 'writereq' 'writeresp'>
ST_31 : Operation 439 [3/8] (7.30ns)   --->   "%gmem_load_20_req = readreq i1 @_ssdm_op_ReadReq.m_axi.i256P1A, i64 %gmem_addr_20, i32 1" [poseidon.cpp:55]   --->   Operation 439 'readreq' 'gmem_load_20_req' <Predicate = true> <Delay = 7.30> <CoreInst = "m_axi">   --->   Core 113 'm_axi' <Latency = 0> <II = 1> <Delay = 1.00> <Adapter> <Opcode : 'read' 'write' 'readreq' 'writereq' 'writeresp'>
ST_31 : Operation 440 [4/8] (7.30ns)   --->   "%gmem_load_21_req = readreq i1 @_ssdm_op_ReadReq.m_axi.i256P1A, i64 %gmem_addr_21, i32 1" [poseidon.cpp:55]   --->   Operation 440 'readreq' 'gmem_load_21_req' <Predicate = true> <Delay = 7.30> <CoreInst = "m_axi">   --->   Core 113 'm_axi' <Latency = 0> <II = 1> <Delay = 1.00> <Adapter> <Opcode : 'read' 'write' 'readreq' 'writereq' 'writeresp'>
ST_31 : Operation 441 [5/8] (7.30ns)   --->   "%gmem_load_22_req = readreq i1 @_ssdm_op_ReadReq.m_axi.i256P1A, i64 %gmem_addr_22, i32 1" [poseidon.cpp:55]   --->   Operation 441 'readreq' 'gmem_load_22_req' <Predicate = true> <Delay = 7.30> <CoreInst = "m_axi">   --->   Core 113 'm_axi' <Latency = 0> <II = 1> <Delay = 1.00> <Adapter> <Opcode : 'read' 'write' 'readreq' 'writereq' 'writeresp'>
ST_31 : Operation 442 [6/8] (7.30ns)   --->   "%gmem_load_23_req = readreq i1 @_ssdm_op_ReadReq.m_axi.i256P1A, i64 %gmem_addr_23, i32 1" [poseidon.cpp:55]   --->   Operation 442 'readreq' 'gmem_load_23_req' <Predicate = true> <Delay = 7.30> <CoreInst = "m_axi">   --->   Core 113 'm_axi' <Latency = 0> <II = 1> <Delay = 1.00> <Adapter> <Opcode : 'read' 'write' 'readreq' 'writereq' 'writeresp'>
ST_31 : Operation 443 [1/2] (3.44ns)   --->   "%add_ln6_37 = add i256 %gmem_addr_15_read, i256 %p_0_0_011_1572_load" [poseidon.cpp:6->poseidon.cpp:55]   --->   Operation 443 'add' 'add_ln6_37' <Predicate = true> <Delay = 3.44> <CoreInst = "Adder">   --->   Core 1 'Adder' <Latency = 1> <II = 1> <Delay = 3.44> <FuncUnit> <Opcode : 'add' 'sub'> <InPorts = 2> <OutPorts = 1>
ST_31 : Operation 444 [2/2] (3.44ns)   --->   "%icmp_ln7_38 = icmp_ugt  i256 %add_ln6_37, i256 52435875175126190479447740508185965837690552500527637822603658699938581184512" [poseidon.cpp:7->poseidon.cpp:55]   --->   Operation 444 'icmp' 'icmp_ln7_38' <Predicate = true> <Delay = 3.44> <CoreInst = "Cmp">   --->   Core 9 'Cmp' <Latency = 1> <II = 1> <Delay = 3.44> <FuncUnit> <Opcode : 'icmp'> <InPorts = 2> <OutPorts = 1>
ST_31 : Operation 445 [2/2] (3.44ns)   --->   "%add_ln7_38 = add i256 %add_ln6_37, i256 63356214062190004944123244500501942015579432165112926216853925307974548455423" [poseidon.cpp:7->poseidon.cpp:55]   --->   Operation 445 'add' 'add_ln7_38' <Predicate = true> <Delay = 3.44> <CoreInst = "Adder">   --->   Core 1 'Adder' <Latency = 1> <II = 1> <Delay = 3.44> <FuncUnit> <Opcode : 'add' 'sub'> <InPorts = 2> <OutPorts = 1>
ST_31 : Operation 446 [2/2] (3.44ns)   --->   "%add_ln6_38 = add i256 %gmem_addr_16_read, i256 %p_0_0_011_1674_load" [poseidon.cpp:6->poseidon.cpp:55]   --->   Operation 446 'add' 'add_ln6_38' <Predicate = true> <Delay = 3.44> <CoreInst = "Adder">   --->   Core 1 'Adder' <Latency = 1> <II = 1> <Delay = 3.44> <FuncUnit> <Opcode : 'add' 'sub'> <InPorts = 2> <OutPorts = 1>

State 32 <SV = 31> <Delay = 7.30>
ST_32 : Operation 447 [1/1] (7.30ns)   --->   "%gmem_addr_18_read = read i256 @_ssdm_op_Read.m_axi.i256P1A, i64 %gmem_addr_18" [poseidon.cpp:55]   --->   Operation 447 'read' 'gmem_addr_18_read' <Predicate = true> <Delay = 7.30> <CoreInst = "m_axi">   --->   Core 113 'm_axi' <Latency = 0> <II = 1> <Delay = 1.00> <Adapter> <Opcode : 'read' 'write' 'readreq' 'writereq' 'writeresp'>
ST_32 : Operation 448 [1/8] (7.30ns)   --->   "%gmem_load_19_req = readreq i1 @_ssdm_op_ReadReq.m_axi.i256P1A, i64 %gmem_addr_19, i32 1" [poseidon.cpp:55]   --->   Operation 448 'readreq' 'gmem_load_19_req' <Predicate = true> <Delay = 7.30> <CoreInst = "m_axi">   --->   Core 113 'm_axi' <Latency = 0> <II = 1> <Delay = 1.00> <Adapter> <Opcode : 'read' 'write' 'readreq' 'writereq' 'writeresp'>
ST_32 : Operation 449 [2/8] (7.30ns)   --->   "%gmem_load_20_req = readreq i1 @_ssdm_op_ReadReq.m_axi.i256P1A, i64 %gmem_addr_20, i32 1" [poseidon.cpp:55]   --->   Operation 449 'readreq' 'gmem_load_20_req' <Predicate = true> <Delay = 7.30> <CoreInst = "m_axi">   --->   Core 113 'm_axi' <Latency = 0> <II = 1> <Delay = 1.00> <Adapter> <Opcode : 'read' 'write' 'readreq' 'writereq' 'writeresp'>
ST_32 : Operation 450 [3/8] (7.30ns)   --->   "%gmem_load_21_req = readreq i1 @_ssdm_op_ReadReq.m_axi.i256P1A, i64 %gmem_addr_21, i32 1" [poseidon.cpp:55]   --->   Operation 450 'readreq' 'gmem_load_21_req' <Predicate = true> <Delay = 7.30> <CoreInst = "m_axi">   --->   Core 113 'm_axi' <Latency = 0> <II = 1> <Delay = 1.00> <Adapter> <Opcode : 'read' 'write' 'readreq' 'writereq' 'writeresp'>
ST_32 : Operation 451 [4/8] (7.30ns)   --->   "%gmem_load_22_req = readreq i1 @_ssdm_op_ReadReq.m_axi.i256P1A, i64 %gmem_addr_22, i32 1" [poseidon.cpp:55]   --->   Operation 451 'readreq' 'gmem_load_22_req' <Predicate = true> <Delay = 7.30> <CoreInst = "m_axi">   --->   Core 113 'm_axi' <Latency = 0> <II = 1> <Delay = 1.00> <Adapter> <Opcode : 'read' 'write' 'readreq' 'writereq' 'writeresp'>
ST_32 : Operation 452 [5/8] (7.30ns)   --->   "%gmem_load_23_req = readreq i1 @_ssdm_op_ReadReq.m_axi.i256P1A, i64 %gmem_addr_23, i32 1" [poseidon.cpp:55]   --->   Operation 452 'readreq' 'gmem_load_23_req' <Predicate = true> <Delay = 7.30> <CoreInst = "m_axi">   --->   Core 113 'm_axi' <Latency = 0> <II = 1> <Delay = 1.00> <Adapter> <Opcode : 'read' 'write' 'readreq' 'writereq' 'writeresp'>
ST_32 : Operation 453 [1/2] (3.44ns)   --->   "%icmp_ln7_38 = icmp_ugt  i256 %add_ln6_37, i256 52435875175126190479447740508185965837690552500527637822603658699938581184512" [poseidon.cpp:7->poseidon.cpp:55]   --->   Operation 453 'icmp' 'icmp_ln7_38' <Predicate = true> <Delay = 3.44> <CoreInst = "Cmp">   --->   Core 9 'Cmp' <Latency = 1> <II = 1> <Delay = 3.44> <FuncUnit> <Opcode : 'icmp'> <InPorts = 2> <OutPorts = 1>
ST_32 : Operation 454 [1/2] (3.44ns)   --->   "%add_ln7_38 = add i256 %add_ln6_37, i256 63356214062190004944123244500501942015579432165112926216853925307974548455423" [poseidon.cpp:7->poseidon.cpp:55]   --->   Operation 454 'add' 'add_ln7_38' <Predicate = true> <Delay = 3.44> <CoreInst = "Adder">   --->   Core 1 'Adder' <Latency = 1> <II = 1> <Delay = 3.44> <FuncUnit> <Opcode : 'add' 'sub'> <InPorts = 2> <OutPorts = 1>
ST_32 : Operation 455 [1/1] (1.55ns)   --->   "%select_ln7_15 = select i1 %icmp_ln7_38, i256 %add_ln7_38, i256 %add_ln6_37" [poseidon.cpp:7->poseidon.cpp:55]   --->   Operation 455 'select' 'select_ln7_15' <Predicate = true> <Delay = 1.55> <CoreInst = "Sel">   --->   Core 73 'Sel' <Latency = 0> <II = 1> <Delay = 1.55> <FuncUnit> <Opcode : 'select'> <InPorts = 3> <OutPorts = 1>
ST_32 : Operation 456 [1/2] (3.44ns)   --->   "%add_ln6_38 = add i256 %gmem_addr_16_read, i256 %p_0_0_011_1674_load" [poseidon.cpp:6->poseidon.cpp:55]   --->   Operation 456 'add' 'add_ln6_38' <Predicate = true> <Delay = 3.44> <CoreInst = "Adder">   --->   Core 1 'Adder' <Latency = 1> <II = 1> <Delay = 3.44> <FuncUnit> <Opcode : 'add' 'sub'> <InPorts = 2> <OutPorts = 1>
ST_32 : Operation 457 [2/2] (3.44ns)   --->   "%icmp_ln7_39 = icmp_ugt  i256 %add_ln6_38, i256 52435875175126190479447740508185965837690552500527637822603658699938581184512" [poseidon.cpp:7->poseidon.cpp:55]   --->   Operation 457 'icmp' 'icmp_ln7_39' <Predicate = true> <Delay = 3.44> <CoreInst = "Cmp">   --->   Core 9 'Cmp' <Latency = 1> <II = 1> <Delay = 3.44> <FuncUnit> <Opcode : 'icmp'> <InPorts = 2> <OutPorts = 1>
ST_32 : Operation 458 [2/2] (3.44ns)   --->   "%add_ln7_39 = add i256 %add_ln6_38, i256 63356214062190004944123244500501942015579432165112926216853925307974548455423" [poseidon.cpp:7->poseidon.cpp:55]   --->   Operation 458 'add' 'add_ln7_39' <Predicate = true> <Delay = 3.44> <CoreInst = "Adder">   --->   Core 1 'Adder' <Latency = 1> <II = 1> <Delay = 3.44> <FuncUnit> <Opcode : 'add' 'sub'> <InPorts = 2> <OutPorts = 1>

State 33 <SV = 32> <Delay = 7.30>
ST_33 : Operation 459 [1/1] (7.30ns)   --->   "%gmem_addr_19_read = read i256 @_ssdm_op_Read.m_axi.i256P1A, i64 %gmem_addr_19" [poseidon.cpp:55]   --->   Operation 459 'read' 'gmem_addr_19_read' <Predicate = true> <Delay = 7.30> <CoreInst = "m_axi">   --->   Core 113 'm_axi' <Latency = 0> <II = 1> <Delay = 1.00> <Adapter> <Opcode : 'read' 'write' 'readreq' 'writereq' 'writeresp'>
ST_33 : Operation 460 [1/8] (7.30ns)   --->   "%gmem_load_20_req = readreq i1 @_ssdm_op_ReadReq.m_axi.i256P1A, i64 %gmem_addr_20, i32 1" [poseidon.cpp:55]   --->   Operation 460 'readreq' 'gmem_load_20_req' <Predicate = true> <Delay = 7.30> <CoreInst = "m_axi">   --->   Core 113 'm_axi' <Latency = 0> <II = 1> <Delay = 1.00> <Adapter> <Opcode : 'read' 'write' 'readreq' 'writereq' 'writeresp'>
ST_33 : Operation 461 [2/8] (7.30ns)   --->   "%gmem_load_21_req = readreq i1 @_ssdm_op_ReadReq.m_axi.i256P1A, i64 %gmem_addr_21, i32 1" [poseidon.cpp:55]   --->   Operation 461 'readreq' 'gmem_load_21_req' <Predicate = true> <Delay = 7.30> <CoreInst = "m_axi">   --->   Core 113 'm_axi' <Latency = 0> <II = 1> <Delay = 1.00> <Adapter> <Opcode : 'read' 'write' 'readreq' 'writereq' 'writeresp'>
ST_33 : Operation 462 [3/8] (7.30ns)   --->   "%gmem_load_22_req = readreq i1 @_ssdm_op_ReadReq.m_axi.i256P1A, i64 %gmem_addr_22, i32 1" [poseidon.cpp:55]   --->   Operation 462 'readreq' 'gmem_load_22_req' <Predicate = true> <Delay = 7.30> <CoreInst = "m_axi">   --->   Core 113 'm_axi' <Latency = 0> <II = 1> <Delay = 1.00> <Adapter> <Opcode : 'read' 'write' 'readreq' 'writereq' 'writeresp'>
ST_33 : Operation 463 [4/8] (7.30ns)   --->   "%gmem_load_23_req = readreq i1 @_ssdm_op_ReadReq.m_axi.i256P1A, i64 %gmem_addr_23, i32 1" [poseidon.cpp:55]   --->   Operation 463 'readreq' 'gmem_load_23_req' <Predicate = true> <Delay = 7.30> <CoreInst = "m_axi">   --->   Core 113 'm_axi' <Latency = 0> <II = 1> <Delay = 1.00> <Adapter> <Opcode : 'read' 'write' 'readreq' 'writereq' 'writeresp'>
ST_33 : Operation 464 [1/2] (3.44ns)   --->   "%icmp_ln7_39 = icmp_ugt  i256 %add_ln6_38, i256 52435875175126190479447740508185965837690552500527637822603658699938581184512" [poseidon.cpp:7->poseidon.cpp:55]   --->   Operation 464 'icmp' 'icmp_ln7_39' <Predicate = true> <Delay = 3.44> <CoreInst = "Cmp">   --->   Core 9 'Cmp' <Latency = 1> <II = 1> <Delay = 3.44> <FuncUnit> <Opcode : 'icmp'> <InPorts = 2> <OutPorts = 1>
ST_33 : Operation 465 [1/2] (3.44ns)   --->   "%add_ln7_39 = add i256 %add_ln6_38, i256 63356214062190004944123244500501942015579432165112926216853925307974548455423" [poseidon.cpp:7->poseidon.cpp:55]   --->   Operation 465 'add' 'add_ln7_39' <Predicate = true> <Delay = 3.44> <CoreInst = "Adder">   --->   Core 1 'Adder' <Latency = 1> <II = 1> <Delay = 3.44> <FuncUnit> <Opcode : 'add' 'sub'> <InPorts = 2> <OutPorts = 1>
ST_33 : Operation 466 [1/1] (1.55ns)   --->   "%select_ln7_16 = select i1 %icmp_ln7_39, i256 %add_ln7_39, i256 %add_ln6_38" [poseidon.cpp:7->poseidon.cpp:55]   --->   Operation 466 'select' 'select_ln7_16' <Predicate = true> <Delay = 1.55> <CoreInst = "Sel">   --->   Core 73 'Sel' <Latency = 0> <II = 1> <Delay = 1.55> <FuncUnit> <Opcode : 'select'> <InPorts = 3> <OutPorts = 1>

State 34 <SV = 33> <Delay = 7.30>
ST_34 : Operation 467 [1/1] (0.00ns)   --->   "%p_0_0_011_1980_load = load i256 %p_0_0_011_1980" [poseidon.cpp:6->poseidon.cpp:55]   --->   Operation 467 'load' 'p_0_0_011_1980_load' <Predicate = true> <Delay = 0.00>
ST_34 : Operation 468 [1/1] (7.30ns)   --->   "%gmem_addr_20_read = read i256 @_ssdm_op_Read.m_axi.i256P1A, i64 %gmem_addr_20" [poseidon.cpp:55]   --->   Operation 468 'read' 'gmem_addr_20_read' <Predicate = true> <Delay = 7.30> <CoreInst = "m_axi">   --->   Core 113 'm_axi' <Latency = 0> <II = 1> <Delay = 1.00> <Adapter> <Opcode : 'read' 'write' 'readreq' 'writereq' 'writeresp'>
ST_34 : Operation 469 [1/8] (7.30ns)   --->   "%gmem_load_21_req = readreq i1 @_ssdm_op_ReadReq.m_axi.i256P1A, i64 %gmem_addr_21, i32 1" [poseidon.cpp:55]   --->   Operation 469 'readreq' 'gmem_load_21_req' <Predicate = true> <Delay = 7.30> <CoreInst = "m_axi">   --->   Core 113 'm_axi' <Latency = 0> <II = 1> <Delay = 1.00> <Adapter> <Opcode : 'read' 'write' 'readreq' 'writereq' 'writeresp'>
ST_34 : Operation 470 [2/8] (7.30ns)   --->   "%gmem_load_22_req = readreq i1 @_ssdm_op_ReadReq.m_axi.i256P1A, i64 %gmem_addr_22, i32 1" [poseidon.cpp:55]   --->   Operation 470 'readreq' 'gmem_load_22_req' <Predicate = true> <Delay = 7.30> <CoreInst = "m_axi">   --->   Core 113 'm_axi' <Latency = 0> <II = 1> <Delay = 1.00> <Adapter> <Opcode : 'read' 'write' 'readreq' 'writereq' 'writeresp'>
ST_34 : Operation 471 [3/8] (7.30ns)   --->   "%gmem_load_23_req = readreq i1 @_ssdm_op_ReadReq.m_axi.i256P1A, i64 %gmem_addr_23, i32 1" [poseidon.cpp:55]   --->   Operation 471 'readreq' 'gmem_load_23_req' <Predicate = true> <Delay = 7.30> <CoreInst = "m_axi">   --->   Core 113 'm_axi' <Latency = 0> <II = 1> <Delay = 1.00> <Adapter> <Opcode : 'read' 'write' 'readreq' 'writereq' 'writeresp'>
ST_34 : Operation 472 [2/2] (3.44ns)   --->   "%add_ln6_41 = add i256 %gmem_addr_19_read, i256 %p_0_0_011_1980_load" [poseidon.cpp:6->poseidon.cpp:55]   --->   Operation 472 'add' 'add_ln6_41' <Predicate = true> <Delay = 3.44> <CoreInst = "Adder">   --->   Core 1 'Adder' <Latency = 1> <II = 1> <Delay = 3.44> <FuncUnit> <Opcode : 'add' 'sub'> <InPorts = 2> <OutPorts = 1>

State 35 <SV = 34> <Delay = 7.30>
ST_35 : Operation 473 [1/1] (0.00ns)   --->   "%p_0_0_011_2082_load = load i256 %p_0_0_011_2082" [poseidon.cpp:6->poseidon.cpp:55]   --->   Operation 473 'load' 'p_0_0_011_2082_load' <Predicate = true> <Delay = 0.00>
ST_35 : Operation 474 [1/1] (7.30ns)   --->   "%gmem_addr_21_read = read i256 @_ssdm_op_Read.m_axi.i256P1A, i64 %gmem_addr_21" [poseidon.cpp:55]   --->   Operation 474 'read' 'gmem_addr_21_read' <Predicate = true> <Delay = 7.30> <CoreInst = "m_axi">   --->   Core 113 'm_axi' <Latency = 0> <II = 1> <Delay = 1.00> <Adapter> <Opcode : 'read' 'write' 'readreq' 'writereq' 'writeresp'>
ST_35 : Operation 475 [1/8] (7.30ns)   --->   "%gmem_load_22_req = readreq i1 @_ssdm_op_ReadReq.m_axi.i256P1A, i64 %gmem_addr_22, i32 1" [poseidon.cpp:55]   --->   Operation 475 'readreq' 'gmem_load_22_req' <Predicate = true> <Delay = 7.30> <CoreInst = "m_axi">   --->   Core 113 'm_axi' <Latency = 0> <II = 1> <Delay = 1.00> <Adapter> <Opcode : 'read' 'write' 'readreq' 'writereq' 'writeresp'>
ST_35 : Operation 476 [2/8] (7.30ns)   --->   "%gmem_load_23_req = readreq i1 @_ssdm_op_ReadReq.m_axi.i256P1A, i64 %gmem_addr_23, i32 1" [poseidon.cpp:55]   --->   Operation 476 'readreq' 'gmem_load_23_req' <Predicate = true> <Delay = 7.30> <CoreInst = "m_axi">   --->   Core 113 'm_axi' <Latency = 0> <II = 1> <Delay = 1.00> <Adapter> <Opcode : 'read' 'write' 'readreq' 'writereq' 'writeresp'>
ST_35 : Operation 477 [1/2] (3.44ns)   --->   "%add_ln6_41 = add i256 %gmem_addr_19_read, i256 %p_0_0_011_1980_load" [poseidon.cpp:6->poseidon.cpp:55]   --->   Operation 477 'add' 'add_ln6_41' <Predicate = true> <Delay = 3.44> <CoreInst = "Adder">   --->   Core 1 'Adder' <Latency = 1> <II = 1> <Delay = 3.44> <FuncUnit> <Opcode : 'add' 'sub'> <InPorts = 2> <OutPorts = 1>
ST_35 : Operation 478 [2/2] (3.44ns)   --->   "%icmp_ln7_42 = icmp_ugt  i256 %add_ln6_41, i256 52435875175126190479447740508185965837690552500527637822603658699938581184512" [poseidon.cpp:7->poseidon.cpp:55]   --->   Operation 478 'icmp' 'icmp_ln7_42' <Predicate = true> <Delay = 3.44> <CoreInst = "Cmp">   --->   Core 9 'Cmp' <Latency = 1> <II = 1> <Delay = 3.44> <FuncUnit> <Opcode : 'icmp'> <InPorts = 2> <OutPorts = 1>
ST_35 : Operation 479 [2/2] (3.44ns)   --->   "%add_ln7_42 = add i256 %add_ln6_41, i256 63356214062190004944123244500501942015579432165112926216853925307974548455423" [poseidon.cpp:7->poseidon.cpp:55]   --->   Operation 479 'add' 'add_ln7_42' <Predicate = true> <Delay = 3.44> <CoreInst = "Adder">   --->   Core 1 'Adder' <Latency = 1> <II = 1> <Delay = 3.44> <FuncUnit> <Opcode : 'add' 'sub'> <InPorts = 2> <OutPorts = 1>
ST_35 : Operation 480 [2/2] (3.44ns)   --->   "%add_ln6_42 = add i256 %gmem_addr_20_read, i256 %p_0_0_011_2082_load" [poseidon.cpp:6->poseidon.cpp:55]   --->   Operation 480 'add' 'add_ln6_42' <Predicate = true> <Delay = 3.44> <CoreInst = "Adder">   --->   Core 1 'Adder' <Latency = 1> <II = 1> <Delay = 3.44> <FuncUnit> <Opcode : 'add' 'sub'> <InPorts = 2> <OutPorts = 1>

State 36 <SV = 35> <Delay = 7.30>
ST_36 : Operation 481 [1/1] (0.00ns)   --->   "%p_0_0_011_2184_load = load i256 %p_0_0_011_2184" [poseidon.cpp:6->poseidon.cpp:55]   --->   Operation 481 'load' 'p_0_0_011_2184_load' <Predicate = true> <Delay = 0.00>
ST_36 : Operation 482 [1/1] (7.30ns)   --->   "%gmem_addr_22_read = read i256 @_ssdm_op_Read.m_axi.i256P1A, i64 %gmem_addr_22" [poseidon.cpp:55]   --->   Operation 482 'read' 'gmem_addr_22_read' <Predicate = true> <Delay = 7.30> <CoreInst = "m_axi">   --->   Core 113 'm_axi' <Latency = 0> <II = 1> <Delay = 1.00> <Adapter> <Opcode : 'read' 'write' 'readreq' 'writereq' 'writeresp'>
ST_36 : Operation 483 [1/8] (7.30ns)   --->   "%gmem_load_23_req = readreq i1 @_ssdm_op_ReadReq.m_axi.i256P1A, i64 %gmem_addr_23, i32 1" [poseidon.cpp:55]   --->   Operation 483 'readreq' 'gmem_load_23_req' <Predicate = true> <Delay = 7.30> <CoreInst = "m_axi">   --->   Core 113 'm_axi' <Latency = 0> <II = 1> <Delay = 1.00> <Adapter> <Opcode : 'read' 'write' 'readreq' 'writereq' 'writeresp'>
ST_36 : Operation 484 [1/2] (3.44ns)   --->   "%icmp_ln7_42 = icmp_ugt  i256 %add_ln6_41, i256 52435875175126190479447740508185965837690552500527637822603658699938581184512" [poseidon.cpp:7->poseidon.cpp:55]   --->   Operation 484 'icmp' 'icmp_ln7_42' <Predicate = true> <Delay = 3.44> <CoreInst = "Cmp">   --->   Core 9 'Cmp' <Latency = 1> <II = 1> <Delay = 3.44> <FuncUnit> <Opcode : 'icmp'> <InPorts = 2> <OutPorts = 1>
ST_36 : Operation 485 [1/2] (3.44ns)   --->   "%add_ln7_42 = add i256 %add_ln6_41, i256 63356214062190004944123244500501942015579432165112926216853925307974548455423" [poseidon.cpp:7->poseidon.cpp:55]   --->   Operation 485 'add' 'add_ln7_42' <Predicate = true> <Delay = 3.44> <CoreInst = "Adder">   --->   Core 1 'Adder' <Latency = 1> <II = 1> <Delay = 3.44> <FuncUnit> <Opcode : 'add' 'sub'> <InPorts = 2> <OutPorts = 1>
ST_36 : Operation 486 [1/1] (1.55ns)   --->   "%select_ln7_19 = select i1 %icmp_ln7_42, i256 %add_ln7_42, i256 %add_ln6_41" [poseidon.cpp:7->poseidon.cpp:55]   --->   Operation 486 'select' 'select_ln7_19' <Predicate = true> <Delay = 1.55> <CoreInst = "Sel">   --->   Core 73 'Sel' <Latency = 0> <II = 1> <Delay = 1.55> <FuncUnit> <Opcode : 'select'> <InPorts = 3> <OutPorts = 1>
ST_36 : Operation 487 [1/2] (3.44ns)   --->   "%add_ln6_42 = add i256 %gmem_addr_20_read, i256 %p_0_0_011_2082_load" [poseidon.cpp:6->poseidon.cpp:55]   --->   Operation 487 'add' 'add_ln6_42' <Predicate = true> <Delay = 3.44> <CoreInst = "Adder">   --->   Core 1 'Adder' <Latency = 1> <II = 1> <Delay = 3.44> <FuncUnit> <Opcode : 'add' 'sub'> <InPorts = 2> <OutPorts = 1>
ST_36 : Operation 488 [2/2] (3.44ns)   --->   "%icmp_ln7_43 = icmp_ugt  i256 %add_ln6_42, i256 52435875175126190479447740508185965837690552500527637822603658699938581184512" [poseidon.cpp:7->poseidon.cpp:55]   --->   Operation 488 'icmp' 'icmp_ln7_43' <Predicate = true> <Delay = 3.44> <CoreInst = "Cmp">   --->   Core 9 'Cmp' <Latency = 1> <II = 1> <Delay = 3.44> <FuncUnit> <Opcode : 'icmp'> <InPorts = 2> <OutPorts = 1>
ST_36 : Operation 489 [2/2] (3.44ns)   --->   "%add_ln7_43 = add i256 %add_ln6_42, i256 63356214062190004944123244500501942015579432165112926216853925307974548455423" [poseidon.cpp:7->poseidon.cpp:55]   --->   Operation 489 'add' 'add_ln7_43' <Predicate = true> <Delay = 3.44> <CoreInst = "Adder">   --->   Core 1 'Adder' <Latency = 1> <II = 1> <Delay = 3.44> <FuncUnit> <Opcode : 'add' 'sub'> <InPorts = 2> <OutPorts = 1>
ST_36 : Operation 490 [2/2] (3.44ns)   --->   "%add_ln6_43 = add i256 %gmem_addr_21_read, i256 %p_0_0_011_2184_load" [poseidon.cpp:6->poseidon.cpp:55]   --->   Operation 490 'add' 'add_ln6_43' <Predicate = true> <Delay = 3.44> <CoreInst = "Adder">   --->   Core 1 'Adder' <Latency = 1> <II = 1> <Delay = 3.44> <FuncUnit> <Opcode : 'add' 'sub'> <InPorts = 2> <OutPorts = 1>

State 37 <SV = 36> <Delay = 7.30>
ST_37 : Operation 491 [1/1] (0.00ns)   --->   "%p_0_0_011_2286_load = load i256 %p_0_0_011_2286" [poseidon.cpp:6->poseidon.cpp:55]   --->   Operation 491 'load' 'p_0_0_011_2286_load' <Predicate = true> <Delay = 0.00>
ST_37 : Operation 492 [1/1] (7.30ns)   --->   "%gmem_addr_23_read = read i256 @_ssdm_op_Read.m_axi.i256P1A, i64 %gmem_addr_23" [poseidon.cpp:55]   --->   Operation 492 'read' 'gmem_addr_23_read' <Predicate = true> <Delay = 7.30> <CoreInst = "m_axi">   --->   Core 113 'm_axi' <Latency = 0> <II = 1> <Delay = 1.00> <Adapter> <Opcode : 'read' 'write' 'readreq' 'writereq' 'writeresp'>
ST_37 : Operation 493 [1/2] (3.44ns)   --->   "%icmp_ln7_43 = icmp_ugt  i256 %add_ln6_42, i256 52435875175126190479447740508185965837690552500527637822603658699938581184512" [poseidon.cpp:7->poseidon.cpp:55]   --->   Operation 493 'icmp' 'icmp_ln7_43' <Predicate = true> <Delay = 3.44> <CoreInst = "Cmp">   --->   Core 9 'Cmp' <Latency = 1> <II = 1> <Delay = 3.44> <FuncUnit> <Opcode : 'icmp'> <InPorts = 2> <OutPorts = 1>
ST_37 : Operation 494 [1/2] (3.44ns)   --->   "%add_ln7_43 = add i256 %add_ln6_42, i256 63356214062190004944123244500501942015579432165112926216853925307974548455423" [poseidon.cpp:7->poseidon.cpp:55]   --->   Operation 494 'add' 'add_ln7_43' <Predicate = true> <Delay = 3.44> <CoreInst = "Adder">   --->   Core 1 'Adder' <Latency = 1> <II = 1> <Delay = 3.44> <FuncUnit> <Opcode : 'add' 'sub'> <InPorts = 2> <OutPorts = 1>
ST_37 : Operation 495 [1/1] (1.55ns)   --->   "%select_ln7_20 = select i1 %icmp_ln7_43, i256 %add_ln7_43, i256 %add_ln6_42" [poseidon.cpp:7->poseidon.cpp:55]   --->   Operation 495 'select' 'select_ln7_20' <Predicate = true> <Delay = 1.55> <CoreInst = "Sel">   --->   Core 73 'Sel' <Latency = 0> <II = 1> <Delay = 1.55> <FuncUnit> <Opcode : 'select'> <InPorts = 3> <OutPorts = 1>
ST_37 : Operation 496 [1/2] (3.44ns)   --->   "%add_ln6_43 = add i256 %gmem_addr_21_read, i256 %p_0_0_011_2184_load" [poseidon.cpp:6->poseidon.cpp:55]   --->   Operation 496 'add' 'add_ln6_43' <Predicate = true> <Delay = 3.44> <CoreInst = "Adder">   --->   Core 1 'Adder' <Latency = 1> <II = 1> <Delay = 3.44> <FuncUnit> <Opcode : 'add' 'sub'> <InPorts = 2> <OutPorts = 1>
ST_37 : Operation 497 [2/2] (3.44ns)   --->   "%icmp_ln7_44 = icmp_ugt  i256 %add_ln6_43, i256 52435875175126190479447740508185965837690552500527637822603658699938581184512" [poseidon.cpp:7->poseidon.cpp:55]   --->   Operation 497 'icmp' 'icmp_ln7_44' <Predicate = true> <Delay = 3.44> <CoreInst = "Cmp">   --->   Core 9 'Cmp' <Latency = 1> <II = 1> <Delay = 3.44> <FuncUnit> <Opcode : 'icmp'> <InPorts = 2> <OutPorts = 1>
ST_37 : Operation 498 [2/2] (3.44ns)   --->   "%add_ln7_44 = add i256 %add_ln6_43, i256 63356214062190004944123244500501942015579432165112926216853925307974548455423" [poseidon.cpp:7->poseidon.cpp:55]   --->   Operation 498 'add' 'add_ln7_44' <Predicate = true> <Delay = 3.44> <CoreInst = "Adder">   --->   Core 1 'Adder' <Latency = 1> <II = 1> <Delay = 3.44> <FuncUnit> <Opcode : 'add' 'sub'> <InPorts = 2> <OutPorts = 1>
ST_37 : Operation 499 [2/2] (3.44ns)   --->   "%add_ln6_44 = add i256 %gmem_addr_22_read, i256 %p_0_0_011_2286_load" [poseidon.cpp:6->poseidon.cpp:55]   --->   Operation 499 'add' 'add_ln6_44' <Predicate = true> <Delay = 3.44> <CoreInst = "Adder">   --->   Core 1 'Adder' <Latency = 1> <II = 1> <Delay = 3.44> <FuncUnit> <Opcode : 'add' 'sub'> <InPorts = 2> <OutPorts = 1>

State 38 <SV = 37> <Delay = 6.88>
ST_38 : Operation 500 [1/1] (0.00ns)   --->   "%p_0_0_011_144_load = load i256 %p_0_0_011_144" [poseidon.cpp:6->poseidon.cpp:55]   --->   Operation 500 'load' 'p_0_0_011_144_load' <Predicate = true> <Delay = 0.00>
ST_38 : Operation 501 [1/1] (0.00ns)   --->   "%p_0_0_011_246_load = load i256 %p_0_0_011_246" [poseidon.cpp:6->poseidon.cpp:55]   --->   Operation 501 'load' 'p_0_0_011_246_load' <Predicate = true> <Delay = 0.00>
ST_38 : Operation 502 [1/1] (0.00ns)   --->   "%p_0_0_011_348_load = load i256 %p_0_0_011_348" [poseidon.cpp:6->poseidon.cpp:55]   --->   Operation 502 'load' 'p_0_0_011_348_load' <Predicate = true> <Delay = 0.00>
ST_38 : Operation 503 [1/1] (0.00ns)   --->   "%p_0_0_011_450_load = load i256 %p_0_0_011_450" [poseidon.cpp:6->poseidon.cpp:55]   --->   Operation 503 'load' 'p_0_0_011_450_load' <Predicate = true> <Delay = 0.00>
ST_38 : Operation 504 [1/1] (0.00ns)   --->   "%p_0_0_011_552_load = load i256 %p_0_0_011_552" [poseidon.cpp:6->poseidon.cpp:55]   --->   Operation 504 'load' 'p_0_0_011_552_load' <Predicate = true> <Delay = 0.00>
ST_38 : Operation 505 [1/1] (0.00ns)   --->   "%p_0_0_011_654_load = load i256 %p_0_0_011_654" [poseidon.cpp:6->poseidon.cpp:55]   --->   Operation 505 'load' 'p_0_0_011_654_load' <Predicate = true> <Delay = 0.00>
ST_38 : Operation 506 [1/1] (0.00ns)   --->   "%p_0_0_011_756_load = load i256 %p_0_0_011_756" [poseidon.cpp:6->poseidon.cpp:55]   --->   Operation 506 'load' 'p_0_0_011_756_load' <Predicate = true> <Delay = 0.00>
ST_38 : Operation 507 [1/1] (0.00ns)   --->   "%p_0_0_011_858_load = load i256 %p_0_0_011_858" [poseidon.cpp:6->poseidon.cpp:55]   --->   Operation 507 'load' 'p_0_0_011_858_load' <Predicate = true> <Delay = 0.00>
ST_38 : Operation 508 [1/1] (0.00ns)   --->   "%p_0_0_011_960_load = load i256 %p_0_0_011_960" [poseidon.cpp:6->poseidon.cpp:55]   --->   Operation 508 'load' 'p_0_0_011_960_load' <Predicate = true> <Delay = 0.00>
ST_38 : Operation 509 [1/1] (0.00ns)   --->   "%p_0_0_011_1062_load = load i256 %p_0_0_011_1062" [poseidon.cpp:6->poseidon.cpp:55]   --->   Operation 509 'load' 'p_0_0_011_1062_load' <Predicate = true> <Delay = 0.00>
ST_38 : Operation 510 [1/1] (0.00ns)   --->   "%p_0_0_011_1164_load = load i256 %p_0_0_011_1164" [poseidon.cpp:6->poseidon.cpp:55]   --->   Operation 510 'load' 'p_0_0_011_1164_load' <Predicate = true> <Delay = 0.00>
ST_38 : Operation 511 [1/1] (0.00ns)   --->   "%p_0_0_011_1266_load = load i256 %p_0_0_011_1266" [poseidon.cpp:6->poseidon.cpp:55]   --->   Operation 511 'load' 'p_0_0_011_1266_load' <Predicate = true> <Delay = 0.00>
ST_38 : Operation 512 [1/1] (0.00ns)   --->   "%p_0_0_011_1368_load = load i256 %p_0_0_011_1368" [poseidon.cpp:6->poseidon.cpp:55]   --->   Operation 512 'load' 'p_0_0_011_1368_load' <Predicate = true> <Delay = 0.00>
ST_38 : Operation 513 [1/1] (0.00ns)   --->   "%p_0_0_011_1470_load = load i256 %p_0_0_011_1470" [poseidon.cpp:6->poseidon.cpp:55]   --->   Operation 513 'load' 'p_0_0_011_1470_load' <Predicate = true> <Delay = 0.00>
ST_38 : Operation 514 [1/1] (0.00ns)   --->   "%p_0_0_011_1776_load = load i256 %p_0_0_011_1776" [poseidon.cpp:6->poseidon.cpp:55]   --->   Operation 514 'load' 'p_0_0_011_1776_load' <Predicate = true> <Delay = 0.00>
ST_38 : Operation 515 [1/1] (0.00ns)   --->   "%p_0_0_011_1878_load = load i256 %p_0_0_011_1878" [poseidon.cpp:6->poseidon.cpp:55]   --->   Operation 515 'load' 'p_0_0_011_1878_load' <Predicate = true> <Delay = 0.00>
ST_38 : Operation 516 [1/1] (0.00ns)   --->   "%p_0_0_011_2388_load = load i256 %p_0_0_011_2388" [poseidon.cpp:6->poseidon.cpp:55]   --->   Operation 516 'load' 'p_0_0_011_2388_load' <Predicate = true> <Delay = 0.00>
ST_38 : Operation 517 [2/2] (3.44ns)   --->   "%add_ln6_23 = add i256 %gmem_addr_1_read, i256 %p_0_0_011_144_load" [poseidon.cpp:6->poseidon.cpp:55]   --->   Operation 517 'add' 'add_ln6_23' <Predicate = true> <Delay = 3.44> <CoreInst = "Adder">   --->   Core 1 'Adder' <Latency = 1> <II = 1> <Delay = 3.44> <FuncUnit> <Opcode : 'add' 'sub'> <InPorts = 2> <OutPorts = 1>
ST_38 : Operation 518 [2/2] (3.44ns)   --->   "%add_ln6_24 = add i256 %gmem_addr_2_read, i256 %p_0_0_011_246_load" [poseidon.cpp:6->poseidon.cpp:55]   --->   Operation 518 'add' 'add_ln6_24' <Predicate = true> <Delay = 3.44> <CoreInst = "Adder">   --->   Core 1 'Adder' <Latency = 1> <II = 1> <Delay = 3.44> <FuncUnit> <Opcode : 'add' 'sub'> <InPorts = 2> <OutPorts = 1>
ST_38 : Operation 519 [2/2] (3.44ns)   --->   "%add_ln6_25 = add i256 %gmem_addr_3_read, i256 %p_0_0_011_348_load" [poseidon.cpp:6->poseidon.cpp:55]   --->   Operation 519 'add' 'add_ln6_25' <Predicate = true> <Delay = 3.44> <CoreInst = "Adder">   --->   Core 1 'Adder' <Latency = 1> <II = 1> <Delay = 3.44> <FuncUnit> <Opcode : 'add' 'sub'> <InPorts = 2> <OutPorts = 1>
ST_38 : Operation 520 [2/2] (3.44ns)   --->   "%add_ln6_26 = add i256 %gmem_addr_4_read, i256 %p_0_0_011_450_load" [poseidon.cpp:6->poseidon.cpp:55]   --->   Operation 520 'add' 'add_ln6_26' <Predicate = true> <Delay = 3.44> <CoreInst = "Adder">   --->   Core 1 'Adder' <Latency = 1> <II = 1> <Delay = 3.44> <FuncUnit> <Opcode : 'add' 'sub'> <InPorts = 2> <OutPorts = 1>
ST_38 : Operation 521 [2/2] (3.44ns)   --->   "%add_ln6_27 = add i256 %gmem_addr_5_read, i256 %p_0_0_011_552_load" [poseidon.cpp:6->poseidon.cpp:55]   --->   Operation 521 'add' 'add_ln6_27' <Predicate = true> <Delay = 3.44> <CoreInst = "Adder">   --->   Core 1 'Adder' <Latency = 1> <II = 1> <Delay = 3.44> <FuncUnit> <Opcode : 'add' 'sub'> <InPorts = 2> <OutPorts = 1>
ST_38 : Operation 522 [2/2] (3.44ns)   --->   "%add_ln6_28 = add i256 %gmem_addr_6_read, i256 %p_0_0_011_654_load" [poseidon.cpp:6->poseidon.cpp:55]   --->   Operation 522 'add' 'add_ln6_28' <Predicate = true> <Delay = 3.44> <CoreInst = "Adder">   --->   Core 1 'Adder' <Latency = 1> <II = 1> <Delay = 3.44> <FuncUnit> <Opcode : 'add' 'sub'> <InPorts = 2> <OutPorts = 1>
ST_38 : Operation 523 [2/2] (3.44ns)   --->   "%add_ln6_29 = add i256 %gmem_addr_7_read, i256 %p_0_0_011_756_load" [poseidon.cpp:6->poseidon.cpp:55]   --->   Operation 523 'add' 'add_ln6_29' <Predicate = true> <Delay = 3.44> <CoreInst = "Adder">   --->   Core 1 'Adder' <Latency = 1> <II = 1> <Delay = 3.44> <FuncUnit> <Opcode : 'add' 'sub'> <InPorts = 2> <OutPorts = 1>
ST_38 : Operation 524 [2/2] (3.44ns)   --->   "%add_ln6_30 = add i256 %gmem_addr_8_read, i256 %p_0_0_011_858_load" [poseidon.cpp:6->poseidon.cpp:55]   --->   Operation 524 'add' 'add_ln6_30' <Predicate = true> <Delay = 3.44> <CoreInst = "Adder">   --->   Core 1 'Adder' <Latency = 1> <II = 1> <Delay = 3.44> <FuncUnit> <Opcode : 'add' 'sub'> <InPorts = 2> <OutPorts = 1>
ST_38 : Operation 525 [2/2] (3.44ns)   --->   "%add_ln6_31 = add i256 %gmem_addr_9_read, i256 %p_0_0_011_960_load" [poseidon.cpp:6->poseidon.cpp:55]   --->   Operation 525 'add' 'add_ln6_31' <Predicate = true> <Delay = 3.44> <CoreInst = "Adder">   --->   Core 1 'Adder' <Latency = 1> <II = 1> <Delay = 3.44> <FuncUnit> <Opcode : 'add' 'sub'> <InPorts = 2> <OutPorts = 1>
ST_38 : Operation 526 [2/2] (3.44ns)   --->   "%add_ln6_32 = add i256 %gmem_addr_10_read, i256 %p_0_0_011_1062_load" [poseidon.cpp:6->poseidon.cpp:55]   --->   Operation 526 'add' 'add_ln6_32' <Predicate = true> <Delay = 3.44> <CoreInst = "Adder">   --->   Core 1 'Adder' <Latency = 1> <II = 1> <Delay = 3.44> <FuncUnit> <Opcode : 'add' 'sub'> <InPorts = 2> <OutPorts = 1>
ST_38 : Operation 527 [2/2] (3.44ns)   --->   "%add_ln6_33 = add i256 %gmem_addr_11_read, i256 %p_0_0_011_1164_load" [poseidon.cpp:6->poseidon.cpp:55]   --->   Operation 527 'add' 'add_ln6_33' <Predicate = true> <Delay = 3.44> <CoreInst = "Adder">   --->   Core 1 'Adder' <Latency = 1> <II = 1> <Delay = 3.44> <FuncUnit> <Opcode : 'add' 'sub'> <InPorts = 2> <OutPorts = 1>
ST_38 : Operation 528 [2/2] (3.44ns)   --->   "%add_ln6_34 = add i256 %gmem_addr_12_read, i256 %p_0_0_011_1266_load" [poseidon.cpp:6->poseidon.cpp:55]   --->   Operation 528 'add' 'add_ln6_34' <Predicate = true> <Delay = 3.44> <CoreInst = "Adder">   --->   Core 1 'Adder' <Latency = 1> <II = 1> <Delay = 3.44> <FuncUnit> <Opcode : 'add' 'sub'> <InPorts = 2> <OutPorts = 1>
ST_38 : Operation 529 [2/2] (3.44ns)   --->   "%add_ln6_35 = add i256 %gmem_addr_13_read, i256 %p_0_0_011_1368_load" [poseidon.cpp:6->poseidon.cpp:55]   --->   Operation 529 'add' 'add_ln6_35' <Predicate = true> <Delay = 3.44> <CoreInst = "Adder">   --->   Core 1 'Adder' <Latency = 1> <II = 1> <Delay = 3.44> <FuncUnit> <Opcode : 'add' 'sub'> <InPorts = 2> <OutPorts = 1>
ST_38 : Operation 530 [2/2] (3.44ns)   --->   "%add_ln6_36 = add i256 %gmem_addr_14_read, i256 %p_0_0_011_1470_load" [poseidon.cpp:6->poseidon.cpp:55]   --->   Operation 530 'add' 'add_ln6_36' <Predicate = true> <Delay = 3.44> <CoreInst = "Adder">   --->   Core 1 'Adder' <Latency = 1> <II = 1> <Delay = 3.44> <FuncUnit> <Opcode : 'add' 'sub'> <InPorts = 2> <OutPorts = 1>
ST_38 : Operation 531 [2/2] (3.44ns)   --->   "%add_ln6_39 = add i256 %gmem_addr_17_read, i256 %p_0_0_011_1776_load" [poseidon.cpp:6->poseidon.cpp:55]   --->   Operation 531 'add' 'add_ln6_39' <Predicate = true> <Delay = 3.44> <CoreInst = "Adder">   --->   Core 1 'Adder' <Latency = 1> <II = 1> <Delay = 3.44> <FuncUnit> <Opcode : 'add' 'sub'> <InPorts = 2> <OutPorts = 1>
ST_38 : Operation 532 [2/2] (3.44ns)   --->   "%add_ln6_40 = add i256 %gmem_addr_18_read, i256 %p_0_0_011_1878_load" [poseidon.cpp:6->poseidon.cpp:55]   --->   Operation 532 'add' 'add_ln6_40' <Predicate = true> <Delay = 3.44> <CoreInst = "Adder">   --->   Core 1 'Adder' <Latency = 1> <II = 1> <Delay = 3.44> <FuncUnit> <Opcode : 'add' 'sub'> <InPorts = 2> <OutPorts = 1>
ST_38 : Operation 533 [1/2] (3.44ns)   --->   "%icmp_ln7_44 = icmp_ugt  i256 %add_ln6_43, i256 52435875175126190479447740508185965837690552500527637822603658699938581184512" [poseidon.cpp:7->poseidon.cpp:55]   --->   Operation 533 'icmp' 'icmp_ln7_44' <Predicate = true> <Delay = 3.44> <CoreInst = "Cmp">   --->   Core 9 'Cmp' <Latency = 1> <II = 1> <Delay = 3.44> <FuncUnit> <Opcode : 'icmp'> <InPorts = 2> <OutPorts = 1>
ST_38 : Operation 534 [1/2] (3.44ns)   --->   "%add_ln7_44 = add i256 %add_ln6_43, i256 63356214062190004944123244500501942015579432165112926216853925307974548455423" [poseidon.cpp:7->poseidon.cpp:55]   --->   Operation 534 'add' 'add_ln7_44' <Predicate = true> <Delay = 3.44> <CoreInst = "Adder">   --->   Core 1 'Adder' <Latency = 1> <II = 1> <Delay = 3.44> <FuncUnit> <Opcode : 'add' 'sub'> <InPorts = 2> <OutPorts = 1>
ST_38 : Operation 535 [1/1] (1.55ns)   --->   "%select_ln7_21 = select i1 %icmp_ln7_44, i256 %add_ln7_44, i256 %add_ln6_43" [poseidon.cpp:7->poseidon.cpp:55]   --->   Operation 535 'select' 'select_ln7_21' <Predicate = true> <Delay = 1.55> <CoreInst = "Sel">   --->   Core 73 'Sel' <Latency = 0> <II = 1> <Delay = 1.55> <FuncUnit> <Opcode : 'select'> <InPorts = 3> <OutPorts = 1>
ST_38 : Operation 536 [1/2] (3.44ns)   --->   "%add_ln6_44 = add i256 %gmem_addr_22_read, i256 %p_0_0_011_2286_load" [poseidon.cpp:6->poseidon.cpp:55]   --->   Operation 536 'add' 'add_ln6_44' <Predicate = true> <Delay = 3.44> <CoreInst = "Adder">   --->   Core 1 'Adder' <Latency = 1> <II = 1> <Delay = 3.44> <FuncUnit> <Opcode : 'add' 'sub'> <InPorts = 2> <OutPorts = 1>
ST_38 : Operation 537 [2/2] (3.44ns)   --->   "%icmp_ln7_45 = icmp_ugt  i256 %add_ln6_44, i256 52435875175126190479447740508185965837690552500527637822603658699938581184512" [poseidon.cpp:7->poseidon.cpp:55]   --->   Operation 537 'icmp' 'icmp_ln7_45' <Predicate = true> <Delay = 3.44> <CoreInst = "Cmp">   --->   Core 9 'Cmp' <Latency = 1> <II = 1> <Delay = 3.44> <FuncUnit> <Opcode : 'icmp'> <InPorts = 2> <OutPorts = 1>
ST_38 : Operation 538 [2/2] (3.44ns)   --->   "%add_ln7_45 = add i256 %add_ln6_44, i256 63356214062190004944123244500501942015579432165112926216853925307974548455423" [poseidon.cpp:7->poseidon.cpp:55]   --->   Operation 538 'add' 'add_ln7_45' <Predicate = true> <Delay = 3.44> <CoreInst = "Adder">   --->   Core 1 'Adder' <Latency = 1> <II = 1> <Delay = 3.44> <FuncUnit> <Opcode : 'add' 'sub'> <InPorts = 2> <OutPorts = 1>
ST_38 : Operation 539 [2/2] (3.44ns)   --->   "%add_ln6_45 = add i256 %gmem_addr_23_read, i256 %p_0_0_011_2388_load" [poseidon.cpp:6->poseidon.cpp:55]   --->   Operation 539 'add' 'add_ln6_45' <Predicate = true> <Delay = 3.44> <CoreInst = "Adder">   --->   Core 1 'Adder' <Latency = 1> <II = 1> <Delay = 3.44> <FuncUnit> <Opcode : 'add' 'sub'> <InPorts = 2> <OutPorts = 1>

State 39 <SV = 38> <Delay = 6.88>
ST_39 : Operation 540 [1/2] (3.44ns)   --->   "%add_ln6_23 = add i256 %gmem_addr_1_read, i256 %p_0_0_011_144_load" [poseidon.cpp:6->poseidon.cpp:55]   --->   Operation 540 'add' 'add_ln6_23' <Predicate = true> <Delay = 3.44> <CoreInst = "Adder">   --->   Core 1 'Adder' <Latency = 1> <II = 1> <Delay = 3.44> <FuncUnit> <Opcode : 'add' 'sub'> <InPorts = 2> <OutPorts = 1>
ST_39 : Operation 541 [2/2] (3.44ns)   --->   "%icmp_ln7_24 = icmp_ugt  i256 %add_ln6_23, i256 52435875175126190479447740508185965837690552500527637822603658699938581184512" [poseidon.cpp:7->poseidon.cpp:55]   --->   Operation 541 'icmp' 'icmp_ln7_24' <Predicate = true> <Delay = 3.44> <CoreInst = "Cmp">   --->   Core 9 'Cmp' <Latency = 1> <II = 1> <Delay = 3.44> <FuncUnit> <Opcode : 'icmp'> <InPorts = 2> <OutPorts = 1>
ST_39 : Operation 542 [2/2] (3.44ns)   --->   "%add_ln7_24 = add i256 %add_ln6_23, i256 63356214062190004944123244500501942015579432165112926216853925307974548455423" [poseidon.cpp:7->poseidon.cpp:55]   --->   Operation 542 'add' 'add_ln7_24' <Predicate = true> <Delay = 3.44> <CoreInst = "Adder">   --->   Core 1 'Adder' <Latency = 1> <II = 1> <Delay = 3.44> <FuncUnit> <Opcode : 'add' 'sub'> <InPorts = 2> <OutPorts = 1>
ST_39 : Operation 543 [1/2] (3.44ns)   --->   "%add_ln6_24 = add i256 %gmem_addr_2_read, i256 %p_0_0_011_246_load" [poseidon.cpp:6->poseidon.cpp:55]   --->   Operation 543 'add' 'add_ln6_24' <Predicate = true> <Delay = 3.44> <CoreInst = "Adder">   --->   Core 1 'Adder' <Latency = 1> <II = 1> <Delay = 3.44> <FuncUnit> <Opcode : 'add' 'sub'> <InPorts = 2> <OutPorts = 1>
ST_39 : Operation 544 [2/2] (3.44ns)   --->   "%icmp_ln7_25 = icmp_ugt  i256 %add_ln6_24, i256 52435875175126190479447740508185965837690552500527637822603658699938581184512" [poseidon.cpp:7->poseidon.cpp:55]   --->   Operation 544 'icmp' 'icmp_ln7_25' <Predicate = true> <Delay = 3.44> <CoreInst = "Cmp">   --->   Core 9 'Cmp' <Latency = 1> <II = 1> <Delay = 3.44> <FuncUnit> <Opcode : 'icmp'> <InPorts = 2> <OutPorts = 1>
ST_39 : Operation 545 [2/2] (3.44ns)   --->   "%add_ln7_25 = add i256 %add_ln6_24, i256 63356214062190004944123244500501942015579432165112926216853925307974548455423" [poseidon.cpp:7->poseidon.cpp:55]   --->   Operation 545 'add' 'add_ln7_25' <Predicate = true> <Delay = 3.44> <CoreInst = "Adder">   --->   Core 1 'Adder' <Latency = 1> <II = 1> <Delay = 3.44> <FuncUnit> <Opcode : 'add' 'sub'> <InPorts = 2> <OutPorts = 1>
ST_39 : Operation 546 [1/2] (3.44ns)   --->   "%add_ln6_25 = add i256 %gmem_addr_3_read, i256 %p_0_0_011_348_load" [poseidon.cpp:6->poseidon.cpp:55]   --->   Operation 546 'add' 'add_ln6_25' <Predicate = true> <Delay = 3.44> <CoreInst = "Adder">   --->   Core 1 'Adder' <Latency = 1> <II = 1> <Delay = 3.44> <FuncUnit> <Opcode : 'add' 'sub'> <InPorts = 2> <OutPorts = 1>
ST_39 : Operation 547 [2/2] (3.44ns)   --->   "%icmp_ln7_26 = icmp_ugt  i256 %add_ln6_25, i256 52435875175126190479447740508185965837690552500527637822603658699938581184512" [poseidon.cpp:7->poseidon.cpp:55]   --->   Operation 547 'icmp' 'icmp_ln7_26' <Predicate = true> <Delay = 3.44> <CoreInst = "Cmp">   --->   Core 9 'Cmp' <Latency = 1> <II = 1> <Delay = 3.44> <FuncUnit> <Opcode : 'icmp'> <InPorts = 2> <OutPorts = 1>
ST_39 : Operation 548 [2/2] (3.44ns)   --->   "%add_ln7_26 = add i256 %add_ln6_25, i256 63356214062190004944123244500501942015579432165112926216853925307974548455423" [poseidon.cpp:7->poseidon.cpp:55]   --->   Operation 548 'add' 'add_ln7_26' <Predicate = true> <Delay = 3.44> <CoreInst = "Adder">   --->   Core 1 'Adder' <Latency = 1> <II = 1> <Delay = 3.44> <FuncUnit> <Opcode : 'add' 'sub'> <InPorts = 2> <OutPorts = 1>
ST_39 : Operation 549 [1/2] (3.44ns)   --->   "%add_ln6_26 = add i256 %gmem_addr_4_read, i256 %p_0_0_011_450_load" [poseidon.cpp:6->poseidon.cpp:55]   --->   Operation 549 'add' 'add_ln6_26' <Predicate = true> <Delay = 3.44> <CoreInst = "Adder">   --->   Core 1 'Adder' <Latency = 1> <II = 1> <Delay = 3.44> <FuncUnit> <Opcode : 'add' 'sub'> <InPorts = 2> <OutPorts = 1>
ST_39 : Operation 550 [2/2] (3.44ns)   --->   "%icmp_ln7_27 = icmp_ugt  i256 %add_ln6_26, i256 52435875175126190479447740508185965837690552500527637822603658699938581184512" [poseidon.cpp:7->poseidon.cpp:55]   --->   Operation 550 'icmp' 'icmp_ln7_27' <Predicate = true> <Delay = 3.44> <CoreInst = "Cmp">   --->   Core 9 'Cmp' <Latency = 1> <II = 1> <Delay = 3.44> <FuncUnit> <Opcode : 'icmp'> <InPorts = 2> <OutPorts = 1>
ST_39 : Operation 551 [2/2] (3.44ns)   --->   "%add_ln7_27 = add i256 %add_ln6_26, i256 63356214062190004944123244500501942015579432165112926216853925307974548455423" [poseidon.cpp:7->poseidon.cpp:55]   --->   Operation 551 'add' 'add_ln7_27' <Predicate = true> <Delay = 3.44> <CoreInst = "Adder">   --->   Core 1 'Adder' <Latency = 1> <II = 1> <Delay = 3.44> <FuncUnit> <Opcode : 'add' 'sub'> <InPorts = 2> <OutPorts = 1>
ST_39 : Operation 552 [1/2] (3.44ns)   --->   "%add_ln6_27 = add i256 %gmem_addr_5_read, i256 %p_0_0_011_552_load" [poseidon.cpp:6->poseidon.cpp:55]   --->   Operation 552 'add' 'add_ln6_27' <Predicate = true> <Delay = 3.44> <CoreInst = "Adder">   --->   Core 1 'Adder' <Latency = 1> <II = 1> <Delay = 3.44> <FuncUnit> <Opcode : 'add' 'sub'> <InPorts = 2> <OutPorts = 1>
ST_39 : Operation 553 [2/2] (3.44ns)   --->   "%icmp_ln7_28 = icmp_ugt  i256 %add_ln6_27, i256 52435875175126190479447740508185965837690552500527637822603658699938581184512" [poseidon.cpp:7->poseidon.cpp:55]   --->   Operation 553 'icmp' 'icmp_ln7_28' <Predicate = true> <Delay = 3.44> <CoreInst = "Cmp">   --->   Core 9 'Cmp' <Latency = 1> <II = 1> <Delay = 3.44> <FuncUnit> <Opcode : 'icmp'> <InPorts = 2> <OutPorts = 1>
ST_39 : Operation 554 [2/2] (3.44ns)   --->   "%add_ln7_28 = add i256 %add_ln6_27, i256 63356214062190004944123244500501942015579432165112926216853925307974548455423" [poseidon.cpp:7->poseidon.cpp:55]   --->   Operation 554 'add' 'add_ln7_28' <Predicate = true> <Delay = 3.44> <CoreInst = "Adder">   --->   Core 1 'Adder' <Latency = 1> <II = 1> <Delay = 3.44> <FuncUnit> <Opcode : 'add' 'sub'> <InPorts = 2> <OutPorts = 1>
ST_39 : Operation 555 [1/2] (3.44ns)   --->   "%add_ln6_28 = add i256 %gmem_addr_6_read, i256 %p_0_0_011_654_load" [poseidon.cpp:6->poseidon.cpp:55]   --->   Operation 555 'add' 'add_ln6_28' <Predicate = true> <Delay = 3.44> <CoreInst = "Adder">   --->   Core 1 'Adder' <Latency = 1> <II = 1> <Delay = 3.44> <FuncUnit> <Opcode : 'add' 'sub'> <InPorts = 2> <OutPorts = 1>
ST_39 : Operation 556 [2/2] (3.44ns)   --->   "%icmp_ln7_29 = icmp_ugt  i256 %add_ln6_28, i256 52435875175126190479447740508185965837690552500527637822603658699938581184512" [poseidon.cpp:7->poseidon.cpp:55]   --->   Operation 556 'icmp' 'icmp_ln7_29' <Predicate = true> <Delay = 3.44> <CoreInst = "Cmp">   --->   Core 9 'Cmp' <Latency = 1> <II = 1> <Delay = 3.44> <FuncUnit> <Opcode : 'icmp'> <InPorts = 2> <OutPorts = 1>
ST_39 : Operation 557 [2/2] (3.44ns)   --->   "%add_ln7_29 = add i256 %add_ln6_28, i256 63356214062190004944123244500501942015579432165112926216853925307974548455423" [poseidon.cpp:7->poseidon.cpp:55]   --->   Operation 557 'add' 'add_ln7_29' <Predicate = true> <Delay = 3.44> <CoreInst = "Adder">   --->   Core 1 'Adder' <Latency = 1> <II = 1> <Delay = 3.44> <FuncUnit> <Opcode : 'add' 'sub'> <InPorts = 2> <OutPorts = 1>
ST_39 : Operation 558 [1/2] (3.44ns)   --->   "%add_ln6_29 = add i256 %gmem_addr_7_read, i256 %p_0_0_011_756_load" [poseidon.cpp:6->poseidon.cpp:55]   --->   Operation 558 'add' 'add_ln6_29' <Predicate = true> <Delay = 3.44> <CoreInst = "Adder">   --->   Core 1 'Adder' <Latency = 1> <II = 1> <Delay = 3.44> <FuncUnit> <Opcode : 'add' 'sub'> <InPorts = 2> <OutPorts = 1>
ST_39 : Operation 559 [2/2] (3.44ns)   --->   "%icmp_ln7_30 = icmp_ugt  i256 %add_ln6_29, i256 52435875175126190479447740508185965837690552500527637822603658699938581184512" [poseidon.cpp:7->poseidon.cpp:55]   --->   Operation 559 'icmp' 'icmp_ln7_30' <Predicate = true> <Delay = 3.44> <CoreInst = "Cmp">   --->   Core 9 'Cmp' <Latency = 1> <II = 1> <Delay = 3.44> <FuncUnit> <Opcode : 'icmp'> <InPorts = 2> <OutPorts = 1>
ST_39 : Operation 560 [2/2] (3.44ns)   --->   "%add_ln7_30 = add i256 %add_ln6_29, i256 63356214062190004944123244500501942015579432165112926216853925307974548455423" [poseidon.cpp:7->poseidon.cpp:55]   --->   Operation 560 'add' 'add_ln7_30' <Predicate = true> <Delay = 3.44> <CoreInst = "Adder">   --->   Core 1 'Adder' <Latency = 1> <II = 1> <Delay = 3.44> <FuncUnit> <Opcode : 'add' 'sub'> <InPorts = 2> <OutPorts = 1>
ST_39 : Operation 561 [1/2] (3.44ns)   --->   "%add_ln6_30 = add i256 %gmem_addr_8_read, i256 %p_0_0_011_858_load" [poseidon.cpp:6->poseidon.cpp:55]   --->   Operation 561 'add' 'add_ln6_30' <Predicate = true> <Delay = 3.44> <CoreInst = "Adder">   --->   Core 1 'Adder' <Latency = 1> <II = 1> <Delay = 3.44> <FuncUnit> <Opcode : 'add' 'sub'> <InPorts = 2> <OutPorts = 1>
ST_39 : Operation 562 [2/2] (3.44ns)   --->   "%icmp_ln7_31 = icmp_ugt  i256 %add_ln6_30, i256 52435875175126190479447740508185965837690552500527637822603658699938581184512" [poseidon.cpp:7->poseidon.cpp:55]   --->   Operation 562 'icmp' 'icmp_ln7_31' <Predicate = true> <Delay = 3.44> <CoreInst = "Cmp">   --->   Core 9 'Cmp' <Latency = 1> <II = 1> <Delay = 3.44> <FuncUnit> <Opcode : 'icmp'> <InPorts = 2> <OutPorts = 1>
ST_39 : Operation 563 [2/2] (3.44ns)   --->   "%add_ln7_31 = add i256 %add_ln6_30, i256 63356214062190004944123244500501942015579432165112926216853925307974548455423" [poseidon.cpp:7->poseidon.cpp:55]   --->   Operation 563 'add' 'add_ln7_31' <Predicate = true> <Delay = 3.44> <CoreInst = "Adder">   --->   Core 1 'Adder' <Latency = 1> <II = 1> <Delay = 3.44> <FuncUnit> <Opcode : 'add' 'sub'> <InPorts = 2> <OutPorts = 1>
ST_39 : Operation 564 [1/2] (3.44ns)   --->   "%add_ln6_31 = add i256 %gmem_addr_9_read, i256 %p_0_0_011_960_load" [poseidon.cpp:6->poseidon.cpp:55]   --->   Operation 564 'add' 'add_ln6_31' <Predicate = true> <Delay = 3.44> <CoreInst = "Adder">   --->   Core 1 'Adder' <Latency = 1> <II = 1> <Delay = 3.44> <FuncUnit> <Opcode : 'add' 'sub'> <InPorts = 2> <OutPorts = 1>
ST_39 : Operation 565 [2/2] (3.44ns)   --->   "%icmp_ln7_32 = icmp_ugt  i256 %add_ln6_31, i256 52435875175126190479447740508185965837690552500527637822603658699938581184512" [poseidon.cpp:7->poseidon.cpp:55]   --->   Operation 565 'icmp' 'icmp_ln7_32' <Predicate = true> <Delay = 3.44> <CoreInst = "Cmp">   --->   Core 9 'Cmp' <Latency = 1> <II = 1> <Delay = 3.44> <FuncUnit> <Opcode : 'icmp'> <InPorts = 2> <OutPorts = 1>
ST_39 : Operation 566 [2/2] (3.44ns)   --->   "%add_ln7_32 = add i256 %add_ln6_31, i256 63356214062190004944123244500501942015579432165112926216853925307974548455423" [poseidon.cpp:7->poseidon.cpp:55]   --->   Operation 566 'add' 'add_ln7_32' <Predicate = true> <Delay = 3.44> <CoreInst = "Adder">   --->   Core 1 'Adder' <Latency = 1> <II = 1> <Delay = 3.44> <FuncUnit> <Opcode : 'add' 'sub'> <InPorts = 2> <OutPorts = 1>
ST_39 : Operation 567 [1/2] (3.44ns)   --->   "%add_ln6_32 = add i256 %gmem_addr_10_read, i256 %p_0_0_011_1062_load" [poseidon.cpp:6->poseidon.cpp:55]   --->   Operation 567 'add' 'add_ln6_32' <Predicate = true> <Delay = 3.44> <CoreInst = "Adder">   --->   Core 1 'Adder' <Latency = 1> <II = 1> <Delay = 3.44> <FuncUnit> <Opcode : 'add' 'sub'> <InPorts = 2> <OutPorts = 1>
ST_39 : Operation 568 [2/2] (3.44ns)   --->   "%icmp_ln7_33 = icmp_ugt  i256 %add_ln6_32, i256 52435875175126190479447740508185965837690552500527637822603658699938581184512" [poseidon.cpp:7->poseidon.cpp:55]   --->   Operation 568 'icmp' 'icmp_ln7_33' <Predicate = true> <Delay = 3.44> <CoreInst = "Cmp">   --->   Core 9 'Cmp' <Latency = 1> <II = 1> <Delay = 3.44> <FuncUnit> <Opcode : 'icmp'> <InPorts = 2> <OutPorts = 1>
ST_39 : Operation 569 [2/2] (3.44ns)   --->   "%add_ln7_33 = add i256 %add_ln6_32, i256 63356214062190004944123244500501942015579432165112926216853925307974548455423" [poseidon.cpp:7->poseidon.cpp:55]   --->   Operation 569 'add' 'add_ln7_33' <Predicate = true> <Delay = 3.44> <CoreInst = "Adder">   --->   Core 1 'Adder' <Latency = 1> <II = 1> <Delay = 3.44> <FuncUnit> <Opcode : 'add' 'sub'> <InPorts = 2> <OutPorts = 1>
ST_39 : Operation 570 [1/2] (3.44ns)   --->   "%add_ln6_33 = add i256 %gmem_addr_11_read, i256 %p_0_0_011_1164_load" [poseidon.cpp:6->poseidon.cpp:55]   --->   Operation 570 'add' 'add_ln6_33' <Predicate = true> <Delay = 3.44> <CoreInst = "Adder">   --->   Core 1 'Adder' <Latency = 1> <II = 1> <Delay = 3.44> <FuncUnit> <Opcode : 'add' 'sub'> <InPorts = 2> <OutPorts = 1>
ST_39 : Operation 571 [2/2] (3.44ns)   --->   "%icmp_ln7_34 = icmp_ugt  i256 %add_ln6_33, i256 52435875175126190479447740508185965837690552500527637822603658699938581184512" [poseidon.cpp:7->poseidon.cpp:55]   --->   Operation 571 'icmp' 'icmp_ln7_34' <Predicate = true> <Delay = 3.44> <CoreInst = "Cmp">   --->   Core 9 'Cmp' <Latency = 1> <II = 1> <Delay = 3.44> <FuncUnit> <Opcode : 'icmp'> <InPorts = 2> <OutPorts = 1>
ST_39 : Operation 572 [2/2] (3.44ns)   --->   "%add_ln7_34 = add i256 %add_ln6_33, i256 63356214062190004944123244500501942015579432165112926216853925307974548455423" [poseidon.cpp:7->poseidon.cpp:55]   --->   Operation 572 'add' 'add_ln7_34' <Predicate = true> <Delay = 3.44> <CoreInst = "Adder">   --->   Core 1 'Adder' <Latency = 1> <II = 1> <Delay = 3.44> <FuncUnit> <Opcode : 'add' 'sub'> <InPorts = 2> <OutPorts = 1>
ST_39 : Operation 573 [1/2] (3.44ns)   --->   "%add_ln6_34 = add i256 %gmem_addr_12_read, i256 %p_0_0_011_1266_load" [poseidon.cpp:6->poseidon.cpp:55]   --->   Operation 573 'add' 'add_ln6_34' <Predicate = true> <Delay = 3.44> <CoreInst = "Adder">   --->   Core 1 'Adder' <Latency = 1> <II = 1> <Delay = 3.44> <FuncUnit> <Opcode : 'add' 'sub'> <InPorts = 2> <OutPorts = 1>
ST_39 : Operation 574 [2/2] (3.44ns)   --->   "%icmp_ln7_35 = icmp_ugt  i256 %add_ln6_34, i256 52435875175126190479447740508185965837690552500527637822603658699938581184512" [poseidon.cpp:7->poseidon.cpp:55]   --->   Operation 574 'icmp' 'icmp_ln7_35' <Predicate = true> <Delay = 3.44> <CoreInst = "Cmp">   --->   Core 9 'Cmp' <Latency = 1> <II = 1> <Delay = 3.44> <FuncUnit> <Opcode : 'icmp'> <InPorts = 2> <OutPorts = 1>
ST_39 : Operation 575 [2/2] (3.44ns)   --->   "%add_ln7_35 = add i256 %add_ln6_34, i256 63356214062190004944123244500501942015579432165112926216853925307974548455423" [poseidon.cpp:7->poseidon.cpp:55]   --->   Operation 575 'add' 'add_ln7_35' <Predicate = true> <Delay = 3.44> <CoreInst = "Adder">   --->   Core 1 'Adder' <Latency = 1> <II = 1> <Delay = 3.44> <FuncUnit> <Opcode : 'add' 'sub'> <InPorts = 2> <OutPorts = 1>
ST_39 : Operation 576 [1/2] (3.44ns)   --->   "%add_ln6_35 = add i256 %gmem_addr_13_read, i256 %p_0_0_011_1368_load" [poseidon.cpp:6->poseidon.cpp:55]   --->   Operation 576 'add' 'add_ln6_35' <Predicate = true> <Delay = 3.44> <CoreInst = "Adder">   --->   Core 1 'Adder' <Latency = 1> <II = 1> <Delay = 3.44> <FuncUnit> <Opcode : 'add' 'sub'> <InPorts = 2> <OutPorts = 1>
ST_39 : Operation 577 [2/2] (3.44ns)   --->   "%icmp_ln7_36 = icmp_ugt  i256 %add_ln6_35, i256 52435875175126190479447740508185965837690552500527637822603658699938581184512" [poseidon.cpp:7->poseidon.cpp:55]   --->   Operation 577 'icmp' 'icmp_ln7_36' <Predicate = true> <Delay = 3.44> <CoreInst = "Cmp">   --->   Core 9 'Cmp' <Latency = 1> <II = 1> <Delay = 3.44> <FuncUnit> <Opcode : 'icmp'> <InPorts = 2> <OutPorts = 1>
ST_39 : Operation 578 [2/2] (3.44ns)   --->   "%add_ln7_36 = add i256 %add_ln6_35, i256 63356214062190004944123244500501942015579432165112926216853925307974548455423" [poseidon.cpp:7->poseidon.cpp:55]   --->   Operation 578 'add' 'add_ln7_36' <Predicate = true> <Delay = 3.44> <CoreInst = "Adder">   --->   Core 1 'Adder' <Latency = 1> <II = 1> <Delay = 3.44> <FuncUnit> <Opcode : 'add' 'sub'> <InPorts = 2> <OutPorts = 1>
ST_39 : Operation 579 [1/2] (3.44ns)   --->   "%add_ln6_36 = add i256 %gmem_addr_14_read, i256 %p_0_0_011_1470_load" [poseidon.cpp:6->poseidon.cpp:55]   --->   Operation 579 'add' 'add_ln6_36' <Predicate = true> <Delay = 3.44> <CoreInst = "Adder">   --->   Core 1 'Adder' <Latency = 1> <II = 1> <Delay = 3.44> <FuncUnit> <Opcode : 'add' 'sub'> <InPorts = 2> <OutPorts = 1>
ST_39 : Operation 580 [2/2] (3.44ns)   --->   "%icmp_ln7_37 = icmp_ugt  i256 %add_ln6_36, i256 52435875175126190479447740508185965837690552500527637822603658699938581184512" [poseidon.cpp:7->poseidon.cpp:55]   --->   Operation 580 'icmp' 'icmp_ln7_37' <Predicate = true> <Delay = 3.44> <CoreInst = "Cmp">   --->   Core 9 'Cmp' <Latency = 1> <II = 1> <Delay = 3.44> <FuncUnit> <Opcode : 'icmp'> <InPorts = 2> <OutPorts = 1>
ST_39 : Operation 581 [2/2] (3.44ns)   --->   "%add_ln7_37 = add i256 %add_ln6_36, i256 63356214062190004944123244500501942015579432165112926216853925307974548455423" [poseidon.cpp:7->poseidon.cpp:55]   --->   Operation 581 'add' 'add_ln7_37' <Predicate = true> <Delay = 3.44> <CoreInst = "Adder">   --->   Core 1 'Adder' <Latency = 1> <II = 1> <Delay = 3.44> <FuncUnit> <Opcode : 'add' 'sub'> <InPorts = 2> <OutPorts = 1>
ST_39 : Operation 582 [1/2] (3.44ns)   --->   "%add_ln6_39 = add i256 %gmem_addr_17_read, i256 %p_0_0_011_1776_load" [poseidon.cpp:6->poseidon.cpp:55]   --->   Operation 582 'add' 'add_ln6_39' <Predicate = true> <Delay = 3.44> <CoreInst = "Adder">   --->   Core 1 'Adder' <Latency = 1> <II = 1> <Delay = 3.44> <FuncUnit> <Opcode : 'add' 'sub'> <InPorts = 2> <OutPorts = 1>
ST_39 : Operation 583 [2/2] (3.44ns)   --->   "%icmp_ln7_40 = icmp_ugt  i256 %add_ln6_39, i256 52435875175126190479447740508185965837690552500527637822603658699938581184512" [poseidon.cpp:7->poseidon.cpp:55]   --->   Operation 583 'icmp' 'icmp_ln7_40' <Predicate = true> <Delay = 3.44> <CoreInst = "Cmp">   --->   Core 9 'Cmp' <Latency = 1> <II = 1> <Delay = 3.44> <FuncUnit> <Opcode : 'icmp'> <InPorts = 2> <OutPorts = 1>
ST_39 : Operation 584 [2/2] (3.44ns)   --->   "%add_ln7_40 = add i256 %add_ln6_39, i256 63356214062190004944123244500501942015579432165112926216853925307974548455423" [poseidon.cpp:7->poseidon.cpp:55]   --->   Operation 584 'add' 'add_ln7_40' <Predicate = true> <Delay = 3.44> <CoreInst = "Adder">   --->   Core 1 'Adder' <Latency = 1> <II = 1> <Delay = 3.44> <FuncUnit> <Opcode : 'add' 'sub'> <InPorts = 2> <OutPorts = 1>
ST_39 : Operation 585 [1/2] (3.44ns)   --->   "%add_ln6_40 = add i256 %gmem_addr_18_read, i256 %p_0_0_011_1878_load" [poseidon.cpp:6->poseidon.cpp:55]   --->   Operation 585 'add' 'add_ln6_40' <Predicate = true> <Delay = 3.44> <CoreInst = "Adder">   --->   Core 1 'Adder' <Latency = 1> <II = 1> <Delay = 3.44> <FuncUnit> <Opcode : 'add' 'sub'> <InPorts = 2> <OutPorts = 1>
ST_39 : Operation 586 [2/2] (3.44ns)   --->   "%icmp_ln7_41 = icmp_ugt  i256 %add_ln6_40, i256 52435875175126190479447740508185965837690552500527637822603658699938581184512" [poseidon.cpp:7->poseidon.cpp:55]   --->   Operation 586 'icmp' 'icmp_ln7_41' <Predicate = true> <Delay = 3.44> <CoreInst = "Cmp">   --->   Core 9 'Cmp' <Latency = 1> <II = 1> <Delay = 3.44> <FuncUnit> <Opcode : 'icmp'> <InPorts = 2> <OutPorts = 1>
ST_39 : Operation 587 [2/2] (3.44ns)   --->   "%add_ln7_41 = add i256 %add_ln6_40, i256 63356214062190004944123244500501942015579432165112926216853925307974548455423" [poseidon.cpp:7->poseidon.cpp:55]   --->   Operation 587 'add' 'add_ln7_41' <Predicate = true> <Delay = 3.44> <CoreInst = "Adder">   --->   Core 1 'Adder' <Latency = 1> <II = 1> <Delay = 3.44> <FuncUnit> <Opcode : 'add' 'sub'> <InPorts = 2> <OutPorts = 1>
ST_39 : Operation 588 [1/2] (3.44ns)   --->   "%icmp_ln7_45 = icmp_ugt  i256 %add_ln6_44, i256 52435875175126190479447740508185965837690552500527637822603658699938581184512" [poseidon.cpp:7->poseidon.cpp:55]   --->   Operation 588 'icmp' 'icmp_ln7_45' <Predicate = true> <Delay = 3.44> <CoreInst = "Cmp">   --->   Core 9 'Cmp' <Latency = 1> <II = 1> <Delay = 3.44> <FuncUnit> <Opcode : 'icmp'> <InPorts = 2> <OutPorts = 1>
ST_39 : Operation 589 [1/2] (3.44ns)   --->   "%add_ln7_45 = add i256 %add_ln6_44, i256 63356214062190004944123244500501942015579432165112926216853925307974548455423" [poseidon.cpp:7->poseidon.cpp:55]   --->   Operation 589 'add' 'add_ln7_45' <Predicate = true> <Delay = 3.44> <CoreInst = "Adder">   --->   Core 1 'Adder' <Latency = 1> <II = 1> <Delay = 3.44> <FuncUnit> <Opcode : 'add' 'sub'> <InPorts = 2> <OutPorts = 1>
ST_39 : Operation 590 [1/1] (1.55ns)   --->   "%select_ln7_22 = select i1 %icmp_ln7_45, i256 %add_ln7_45, i256 %add_ln6_44" [poseidon.cpp:7->poseidon.cpp:55]   --->   Operation 590 'select' 'select_ln7_22' <Predicate = true> <Delay = 1.55> <CoreInst = "Sel">   --->   Core 73 'Sel' <Latency = 0> <II = 1> <Delay = 1.55> <FuncUnit> <Opcode : 'select'> <InPorts = 3> <OutPorts = 1>
ST_39 : Operation 591 [1/2] (3.44ns)   --->   "%add_ln6_45 = add i256 %gmem_addr_23_read, i256 %p_0_0_011_2388_load" [poseidon.cpp:6->poseidon.cpp:55]   --->   Operation 591 'add' 'add_ln6_45' <Predicate = true> <Delay = 3.44> <CoreInst = "Adder">   --->   Core 1 'Adder' <Latency = 1> <II = 1> <Delay = 3.44> <FuncUnit> <Opcode : 'add' 'sub'> <InPorts = 2> <OutPorts = 1>
ST_39 : Operation 592 [2/2] (3.44ns)   --->   "%icmp_ln7_46 = icmp_ugt  i256 %add_ln6_45, i256 52435875175126190479447740508185965837690552500527637822603658699938581184512" [poseidon.cpp:7->poseidon.cpp:55]   --->   Operation 592 'icmp' 'icmp_ln7_46' <Predicate = true> <Delay = 3.44> <CoreInst = "Cmp">   --->   Core 9 'Cmp' <Latency = 1> <II = 1> <Delay = 3.44> <FuncUnit> <Opcode : 'icmp'> <InPorts = 2> <OutPorts = 1>
ST_39 : Operation 593 [2/2] (3.44ns)   --->   "%add_ln7_46 = add i256 %add_ln6_45, i256 63356214062190004944123244500501942015579432165112926216853925307974548455423" [poseidon.cpp:7->poseidon.cpp:55]   --->   Operation 593 'add' 'add_ln7_46' <Predicate = true> <Delay = 3.44> <CoreInst = "Adder">   --->   Core 1 'Adder' <Latency = 1> <II = 1> <Delay = 3.44> <FuncUnit> <Opcode : 'add' 'sub'> <InPorts = 2> <OutPorts = 1>

State 40 <SV = 39> <Delay = 6.58>
ST_40 : Operation 594 [1/1] (0.00ns)   --->   "%speclooptripcount_ln50 = speclooptripcount void @_ssdm_op_SpecLoopTripCount, i64 68, i64 68, i64 68" [poseidon.cpp:50]   --->   Operation 594 'speclooptripcount' 'speclooptripcount_ln50' <Predicate = true> <Delay = 0.00>
ST_40 : Operation 595 [1/1] (0.00ns)   --->   "%specloopname_ln50 = specloopname void @_ssdm_op_SpecLoopName, void @empty_0" [poseidon.cpp:50]   --->   Operation 595 'specloopname' 'specloopname_ln50' <Predicate = true> <Delay = 0.00>
ST_40 : Operation 596 [1/2] (3.44ns)   --->   "%icmp_ln7_24 = icmp_ugt  i256 %add_ln6_23, i256 52435875175126190479447740508185965837690552500527637822603658699938581184512" [poseidon.cpp:7->poseidon.cpp:55]   --->   Operation 596 'icmp' 'icmp_ln7_24' <Predicate = true> <Delay = 3.44> <CoreInst = "Cmp">   --->   Core 9 'Cmp' <Latency = 1> <II = 1> <Delay = 3.44> <FuncUnit> <Opcode : 'icmp'> <InPorts = 2> <OutPorts = 1>
ST_40 : Operation 597 [1/2] (3.44ns)   --->   "%add_ln7_24 = add i256 %add_ln6_23, i256 63356214062190004944123244500501942015579432165112926216853925307974548455423" [poseidon.cpp:7->poseidon.cpp:55]   --->   Operation 597 'add' 'add_ln7_24' <Predicate = true> <Delay = 3.44> <CoreInst = "Adder">   --->   Core 1 'Adder' <Latency = 1> <II = 1> <Delay = 3.44> <FuncUnit> <Opcode : 'add' 'sub'> <InPorts = 2> <OutPorts = 1>
ST_40 : Operation 598 [1/1] (1.55ns)   --->   "%select_ln7_1 = select i1 %icmp_ln7_24, i256 %add_ln7_24, i256 %add_ln6_23" [poseidon.cpp:7->poseidon.cpp:55]   --->   Operation 598 'select' 'select_ln7_1' <Predicate = true> <Delay = 1.55> <CoreInst = "Sel">   --->   Core 73 'Sel' <Latency = 0> <II = 1> <Delay = 1.55> <FuncUnit> <Opcode : 'select'> <InPorts = 3> <OutPorts = 1>
ST_40 : Operation 599 [1/2] (3.44ns)   --->   "%icmp_ln7_25 = icmp_ugt  i256 %add_ln6_24, i256 52435875175126190479447740508185965837690552500527637822603658699938581184512" [poseidon.cpp:7->poseidon.cpp:55]   --->   Operation 599 'icmp' 'icmp_ln7_25' <Predicate = true> <Delay = 3.44> <CoreInst = "Cmp">   --->   Core 9 'Cmp' <Latency = 1> <II = 1> <Delay = 3.44> <FuncUnit> <Opcode : 'icmp'> <InPorts = 2> <OutPorts = 1>
ST_40 : Operation 600 [1/2] (3.44ns)   --->   "%add_ln7_25 = add i256 %add_ln6_24, i256 63356214062190004944123244500501942015579432165112926216853925307974548455423" [poseidon.cpp:7->poseidon.cpp:55]   --->   Operation 600 'add' 'add_ln7_25' <Predicate = true> <Delay = 3.44> <CoreInst = "Adder">   --->   Core 1 'Adder' <Latency = 1> <II = 1> <Delay = 3.44> <FuncUnit> <Opcode : 'add' 'sub'> <InPorts = 2> <OutPorts = 1>
ST_40 : Operation 601 [1/1] (1.55ns)   --->   "%select_ln7_2 = select i1 %icmp_ln7_25, i256 %add_ln7_25, i256 %add_ln6_24" [poseidon.cpp:7->poseidon.cpp:55]   --->   Operation 601 'select' 'select_ln7_2' <Predicate = true> <Delay = 1.55> <CoreInst = "Sel">   --->   Core 73 'Sel' <Latency = 0> <II = 1> <Delay = 1.55> <FuncUnit> <Opcode : 'select'> <InPorts = 3> <OutPorts = 1>
ST_40 : Operation 602 [1/2] (3.44ns)   --->   "%icmp_ln7_26 = icmp_ugt  i256 %add_ln6_25, i256 52435875175126190479447740508185965837690552500527637822603658699938581184512" [poseidon.cpp:7->poseidon.cpp:55]   --->   Operation 602 'icmp' 'icmp_ln7_26' <Predicate = true> <Delay = 3.44> <CoreInst = "Cmp">   --->   Core 9 'Cmp' <Latency = 1> <II = 1> <Delay = 3.44> <FuncUnit> <Opcode : 'icmp'> <InPorts = 2> <OutPorts = 1>
ST_40 : Operation 603 [1/2] (3.44ns)   --->   "%add_ln7_26 = add i256 %add_ln6_25, i256 63356214062190004944123244500501942015579432165112926216853925307974548455423" [poseidon.cpp:7->poseidon.cpp:55]   --->   Operation 603 'add' 'add_ln7_26' <Predicate = true> <Delay = 3.44> <CoreInst = "Adder">   --->   Core 1 'Adder' <Latency = 1> <II = 1> <Delay = 3.44> <FuncUnit> <Opcode : 'add' 'sub'> <InPorts = 2> <OutPorts = 1>
ST_40 : Operation 604 [1/1] (1.55ns)   --->   "%select_ln7_3 = select i1 %icmp_ln7_26, i256 %add_ln7_26, i256 %add_ln6_25" [poseidon.cpp:7->poseidon.cpp:55]   --->   Operation 604 'select' 'select_ln7_3' <Predicate = true> <Delay = 1.55> <CoreInst = "Sel">   --->   Core 73 'Sel' <Latency = 0> <II = 1> <Delay = 1.55> <FuncUnit> <Opcode : 'select'> <InPorts = 3> <OutPorts = 1>
ST_40 : Operation 605 [1/2] (3.44ns)   --->   "%icmp_ln7_27 = icmp_ugt  i256 %add_ln6_26, i256 52435875175126190479447740508185965837690552500527637822603658699938581184512" [poseidon.cpp:7->poseidon.cpp:55]   --->   Operation 605 'icmp' 'icmp_ln7_27' <Predicate = true> <Delay = 3.44> <CoreInst = "Cmp">   --->   Core 9 'Cmp' <Latency = 1> <II = 1> <Delay = 3.44> <FuncUnit> <Opcode : 'icmp'> <InPorts = 2> <OutPorts = 1>
ST_40 : Operation 606 [1/2] (3.44ns)   --->   "%add_ln7_27 = add i256 %add_ln6_26, i256 63356214062190004944123244500501942015579432165112926216853925307974548455423" [poseidon.cpp:7->poseidon.cpp:55]   --->   Operation 606 'add' 'add_ln7_27' <Predicate = true> <Delay = 3.44> <CoreInst = "Adder">   --->   Core 1 'Adder' <Latency = 1> <II = 1> <Delay = 3.44> <FuncUnit> <Opcode : 'add' 'sub'> <InPorts = 2> <OutPorts = 1>
ST_40 : Operation 607 [1/1] (1.55ns)   --->   "%select_ln7_4 = select i1 %icmp_ln7_27, i256 %add_ln7_27, i256 %add_ln6_26" [poseidon.cpp:7->poseidon.cpp:55]   --->   Operation 607 'select' 'select_ln7_4' <Predicate = true> <Delay = 1.55> <CoreInst = "Sel">   --->   Core 73 'Sel' <Latency = 0> <II = 1> <Delay = 1.55> <FuncUnit> <Opcode : 'select'> <InPorts = 3> <OutPorts = 1>
ST_40 : Operation 608 [1/2] (3.44ns)   --->   "%icmp_ln7_28 = icmp_ugt  i256 %add_ln6_27, i256 52435875175126190479447740508185965837690552500527637822603658699938581184512" [poseidon.cpp:7->poseidon.cpp:55]   --->   Operation 608 'icmp' 'icmp_ln7_28' <Predicate = true> <Delay = 3.44> <CoreInst = "Cmp">   --->   Core 9 'Cmp' <Latency = 1> <II = 1> <Delay = 3.44> <FuncUnit> <Opcode : 'icmp'> <InPorts = 2> <OutPorts = 1>
ST_40 : Operation 609 [1/2] (3.44ns)   --->   "%add_ln7_28 = add i256 %add_ln6_27, i256 63356214062190004944123244500501942015579432165112926216853925307974548455423" [poseidon.cpp:7->poseidon.cpp:55]   --->   Operation 609 'add' 'add_ln7_28' <Predicate = true> <Delay = 3.44> <CoreInst = "Adder">   --->   Core 1 'Adder' <Latency = 1> <II = 1> <Delay = 3.44> <FuncUnit> <Opcode : 'add' 'sub'> <InPorts = 2> <OutPorts = 1>
ST_40 : Operation 610 [1/1] (1.55ns)   --->   "%select_ln7_5 = select i1 %icmp_ln7_28, i256 %add_ln7_28, i256 %add_ln6_27" [poseidon.cpp:7->poseidon.cpp:55]   --->   Operation 610 'select' 'select_ln7_5' <Predicate = true> <Delay = 1.55> <CoreInst = "Sel">   --->   Core 73 'Sel' <Latency = 0> <II = 1> <Delay = 1.55> <FuncUnit> <Opcode : 'select'> <InPorts = 3> <OutPorts = 1>
ST_40 : Operation 611 [1/2] (3.44ns)   --->   "%icmp_ln7_29 = icmp_ugt  i256 %add_ln6_28, i256 52435875175126190479447740508185965837690552500527637822603658699938581184512" [poseidon.cpp:7->poseidon.cpp:55]   --->   Operation 611 'icmp' 'icmp_ln7_29' <Predicate = true> <Delay = 3.44> <CoreInst = "Cmp">   --->   Core 9 'Cmp' <Latency = 1> <II = 1> <Delay = 3.44> <FuncUnit> <Opcode : 'icmp'> <InPorts = 2> <OutPorts = 1>
ST_40 : Operation 612 [1/2] (3.44ns)   --->   "%add_ln7_29 = add i256 %add_ln6_28, i256 63356214062190004944123244500501942015579432165112926216853925307974548455423" [poseidon.cpp:7->poseidon.cpp:55]   --->   Operation 612 'add' 'add_ln7_29' <Predicate = true> <Delay = 3.44> <CoreInst = "Adder">   --->   Core 1 'Adder' <Latency = 1> <II = 1> <Delay = 3.44> <FuncUnit> <Opcode : 'add' 'sub'> <InPorts = 2> <OutPorts = 1>
ST_40 : Operation 613 [1/1] (1.55ns)   --->   "%select_ln7_6 = select i1 %icmp_ln7_29, i256 %add_ln7_29, i256 %add_ln6_28" [poseidon.cpp:7->poseidon.cpp:55]   --->   Operation 613 'select' 'select_ln7_6' <Predicate = true> <Delay = 1.55> <CoreInst = "Sel">   --->   Core 73 'Sel' <Latency = 0> <II = 1> <Delay = 1.55> <FuncUnit> <Opcode : 'select'> <InPorts = 3> <OutPorts = 1>
ST_40 : Operation 614 [1/2] (3.44ns)   --->   "%icmp_ln7_30 = icmp_ugt  i256 %add_ln6_29, i256 52435875175126190479447740508185965837690552500527637822603658699938581184512" [poseidon.cpp:7->poseidon.cpp:55]   --->   Operation 614 'icmp' 'icmp_ln7_30' <Predicate = true> <Delay = 3.44> <CoreInst = "Cmp">   --->   Core 9 'Cmp' <Latency = 1> <II = 1> <Delay = 3.44> <FuncUnit> <Opcode : 'icmp'> <InPorts = 2> <OutPorts = 1>
ST_40 : Operation 615 [1/2] (3.44ns)   --->   "%add_ln7_30 = add i256 %add_ln6_29, i256 63356214062190004944123244500501942015579432165112926216853925307974548455423" [poseidon.cpp:7->poseidon.cpp:55]   --->   Operation 615 'add' 'add_ln7_30' <Predicate = true> <Delay = 3.44> <CoreInst = "Adder">   --->   Core 1 'Adder' <Latency = 1> <II = 1> <Delay = 3.44> <FuncUnit> <Opcode : 'add' 'sub'> <InPorts = 2> <OutPorts = 1>
ST_40 : Operation 616 [1/1] (1.55ns)   --->   "%select_ln7_7 = select i1 %icmp_ln7_30, i256 %add_ln7_30, i256 %add_ln6_29" [poseidon.cpp:7->poseidon.cpp:55]   --->   Operation 616 'select' 'select_ln7_7' <Predicate = true> <Delay = 1.55> <CoreInst = "Sel">   --->   Core 73 'Sel' <Latency = 0> <II = 1> <Delay = 1.55> <FuncUnit> <Opcode : 'select'> <InPorts = 3> <OutPorts = 1>
ST_40 : Operation 617 [1/2] (3.44ns)   --->   "%icmp_ln7_31 = icmp_ugt  i256 %add_ln6_30, i256 52435875175126190479447740508185965837690552500527637822603658699938581184512" [poseidon.cpp:7->poseidon.cpp:55]   --->   Operation 617 'icmp' 'icmp_ln7_31' <Predicate = true> <Delay = 3.44> <CoreInst = "Cmp">   --->   Core 9 'Cmp' <Latency = 1> <II = 1> <Delay = 3.44> <FuncUnit> <Opcode : 'icmp'> <InPorts = 2> <OutPorts = 1>
ST_40 : Operation 618 [1/2] (3.44ns)   --->   "%add_ln7_31 = add i256 %add_ln6_30, i256 63356214062190004944123244500501942015579432165112926216853925307974548455423" [poseidon.cpp:7->poseidon.cpp:55]   --->   Operation 618 'add' 'add_ln7_31' <Predicate = true> <Delay = 3.44> <CoreInst = "Adder">   --->   Core 1 'Adder' <Latency = 1> <II = 1> <Delay = 3.44> <FuncUnit> <Opcode : 'add' 'sub'> <InPorts = 2> <OutPorts = 1>
ST_40 : Operation 619 [1/1] (1.55ns)   --->   "%select_ln7_8 = select i1 %icmp_ln7_31, i256 %add_ln7_31, i256 %add_ln6_30" [poseidon.cpp:7->poseidon.cpp:55]   --->   Operation 619 'select' 'select_ln7_8' <Predicate = true> <Delay = 1.55> <CoreInst = "Sel">   --->   Core 73 'Sel' <Latency = 0> <II = 1> <Delay = 1.55> <FuncUnit> <Opcode : 'select'> <InPorts = 3> <OutPorts = 1>
ST_40 : Operation 620 [1/2] (3.44ns)   --->   "%icmp_ln7_32 = icmp_ugt  i256 %add_ln6_31, i256 52435875175126190479447740508185965837690552500527637822603658699938581184512" [poseidon.cpp:7->poseidon.cpp:55]   --->   Operation 620 'icmp' 'icmp_ln7_32' <Predicate = true> <Delay = 3.44> <CoreInst = "Cmp">   --->   Core 9 'Cmp' <Latency = 1> <II = 1> <Delay = 3.44> <FuncUnit> <Opcode : 'icmp'> <InPorts = 2> <OutPorts = 1>
ST_40 : Operation 621 [1/2] (3.44ns)   --->   "%add_ln7_32 = add i256 %add_ln6_31, i256 63356214062190004944123244500501942015579432165112926216853925307974548455423" [poseidon.cpp:7->poseidon.cpp:55]   --->   Operation 621 'add' 'add_ln7_32' <Predicate = true> <Delay = 3.44> <CoreInst = "Adder">   --->   Core 1 'Adder' <Latency = 1> <II = 1> <Delay = 3.44> <FuncUnit> <Opcode : 'add' 'sub'> <InPorts = 2> <OutPorts = 1>
ST_40 : Operation 622 [1/1] (1.55ns)   --->   "%select_ln7_9 = select i1 %icmp_ln7_32, i256 %add_ln7_32, i256 %add_ln6_31" [poseidon.cpp:7->poseidon.cpp:55]   --->   Operation 622 'select' 'select_ln7_9' <Predicate = true> <Delay = 1.55> <CoreInst = "Sel">   --->   Core 73 'Sel' <Latency = 0> <II = 1> <Delay = 1.55> <FuncUnit> <Opcode : 'select'> <InPorts = 3> <OutPorts = 1>
ST_40 : Operation 623 [1/2] (3.44ns)   --->   "%icmp_ln7_33 = icmp_ugt  i256 %add_ln6_32, i256 52435875175126190479447740508185965837690552500527637822603658699938581184512" [poseidon.cpp:7->poseidon.cpp:55]   --->   Operation 623 'icmp' 'icmp_ln7_33' <Predicate = true> <Delay = 3.44> <CoreInst = "Cmp">   --->   Core 9 'Cmp' <Latency = 1> <II = 1> <Delay = 3.44> <FuncUnit> <Opcode : 'icmp'> <InPorts = 2> <OutPorts = 1>
ST_40 : Operation 624 [1/2] (3.44ns)   --->   "%add_ln7_33 = add i256 %add_ln6_32, i256 63356214062190004944123244500501942015579432165112926216853925307974548455423" [poseidon.cpp:7->poseidon.cpp:55]   --->   Operation 624 'add' 'add_ln7_33' <Predicate = true> <Delay = 3.44> <CoreInst = "Adder">   --->   Core 1 'Adder' <Latency = 1> <II = 1> <Delay = 3.44> <FuncUnit> <Opcode : 'add' 'sub'> <InPorts = 2> <OutPorts = 1>
ST_40 : Operation 625 [1/1] (1.55ns)   --->   "%select_ln7_10 = select i1 %icmp_ln7_33, i256 %add_ln7_33, i256 %add_ln6_32" [poseidon.cpp:7->poseidon.cpp:55]   --->   Operation 625 'select' 'select_ln7_10' <Predicate = true> <Delay = 1.55> <CoreInst = "Sel">   --->   Core 73 'Sel' <Latency = 0> <II = 1> <Delay = 1.55> <FuncUnit> <Opcode : 'select'> <InPorts = 3> <OutPorts = 1>
ST_40 : Operation 626 [1/2] (3.44ns)   --->   "%icmp_ln7_34 = icmp_ugt  i256 %add_ln6_33, i256 52435875175126190479447740508185965837690552500527637822603658699938581184512" [poseidon.cpp:7->poseidon.cpp:55]   --->   Operation 626 'icmp' 'icmp_ln7_34' <Predicate = true> <Delay = 3.44> <CoreInst = "Cmp">   --->   Core 9 'Cmp' <Latency = 1> <II = 1> <Delay = 3.44> <FuncUnit> <Opcode : 'icmp'> <InPorts = 2> <OutPorts = 1>
ST_40 : Operation 627 [1/2] (3.44ns)   --->   "%add_ln7_34 = add i256 %add_ln6_33, i256 63356214062190004944123244500501942015579432165112926216853925307974548455423" [poseidon.cpp:7->poseidon.cpp:55]   --->   Operation 627 'add' 'add_ln7_34' <Predicate = true> <Delay = 3.44> <CoreInst = "Adder">   --->   Core 1 'Adder' <Latency = 1> <II = 1> <Delay = 3.44> <FuncUnit> <Opcode : 'add' 'sub'> <InPorts = 2> <OutPorts = 1>
ST_40 : Operation 628 [1/1] (1.55ns)   --->   "%select_ln7_11 = select i1 %icmp_ln7_34, i256 %add_ln7_34, i256 %add_ln6_33" [poseidon.cpp:7->poseidon.cpp:55]   --->   Operation 628 'select' 'select_ln7_11' <Predicate = true> <Delay = 1.55> <CoreInst = "Sel">   --->   Core 73 'Sel' <Latency = 0> <II = 1> <Delay = 1.55> <FuncUnit> <Opcode : 'select'> <InPorts = 3> <OutPorts = 1>
ST_40 : Operation 629 [1/2] (3.44ns)   --->   "%icmp_ln7_35 = icmp_ugt  i256 %add_ln6_34, i256 52435875175126190479447740508185965837690552500527637822603658699938581184512" [poseidon.cpp:7->poseidon.cpp:55]   --->   Operation 629 'icmp' 'icmp_ln7_35' <Predicate = true> <Delay = 3.44> <CoreInst = "Cmp">   --->   Core 9 'Cmp' <Latency = 1> <II = 1> <Delay = 3.44> <FuncUnit> <Opcode : 'icmp'> <InPorts = 2> <OutPorts = 1>
ST_40 : Operation 630 [1/2] (3.44ns)   --->   "%add_ln7_35 = add i256 %add_ln6_34, i256 63356214062190004944123244500501942015579432165112926216853925307974548455423" [poseidon.cpp:7->poseidon.cpp:55]   --->   Operation 630 'add' 'add_ln7_35' <Predicate = true> <Delay = 3.44> <CoreInst = "Adder">   --->   Core 1 'Adder' <Latency = 1> <II = 1> <Delay = 3.44> <FuncUnit> <Opcode : 'add' 'sub'> <InPorts = 2> <OutPorts = 1>
ST_40 : Operation 631 [1/1] (1.55ns)   --->   "%select_ln7_12 = select i1 %icmp_ln7_35, i256 %add_ln7_35, i256 %add_ln6_34" [poseidon.cpp:7->poseidon.cpp:55]   --->   Operation 631 'select' 'select_ln7_12' <Predicate = true> <Delay = 1.55> <CoreInst = "Sel">   --->   Core 73 'Sel' <Latency = 0> <II = 1> <Delay = 1.55> <FuncUnit> <Opcode : 'select'> <InPorts = 3> <OutPorts = 1>
ST_40 : Operation 632 [1/2] (3.44ns)   --->   "%icmp_ln7_36 = icmp_ugt  i256 %add_ln6_35, i256 52435875175126190479447740508185965837690552500527637822603658699938581184512" [poseidon.cpp:7->poseidon.cpp:55]   --->   Operation 632 'icmp' 'icmp_ln7_36' <Predicate = true> <Delay = 3.44> <CoreInst = "Cmp">   --->   Core 9 'Cmp' <Latency = 1> <II = 1> <Delay = 3.44> <FuncUnit> <Opcode : 'icmp'> <InPorts = 2> <OutPorts = 1>
ST_40 : Operation 633 [1/2] (3.44ns)   --->   "%add_ln7_36 = add i256 %add_ln6_35, i256 63356214062190004944123244500501942015579432165112926216853925307974548455423" [poseidon.cpp:7->poseidon.cpp:55]   --->   Operation 633 'add' 'add_ln7_36' <Predicate = true> <Delay = 3.44> <CoreInst = "Adder">   --->   Core 1 'Adder' <Latency = 1> <II = 1> <Delay = 3.44> <FuncUnit> <Opcode : 'add' 'sub'> <InPorts = 2> <OutPorts = 1>
ST_40 : Operation 634 [1/1] (1.55ns)   --->   "%select_ln7_13 = select i1 %icmp_ln7_36, i256 %add_ln7_36, i256 %add_ln6_35" [poseidon.cpp:7->poseidon.cpp:55]   --->   Operation 634 'select' 'select_ln7_13' <Predicate = true> <Delay = 1.55> <CoreInst = "Sel">   --->   Core 73 'Sel' <Latency = 0> <II = 1> <Delay = 1.55> <FuncUnit> <Opcode : 'select'> <InPorts = 3> <OutPorts = 1>
ST_40 : Operation 635 [1/2] (3.44ns)   --->   "%icmp_ln7_37 = icmp_ugt  i256 %add_ln6_36, i256 52435875175126190479447740508185965837690552500527637822603658699938581184512" [poseidon.cpp:7->poseidon.cpp:55]   --->   Operation 635 'icmp' 'icmp_ln7_37' <Predicate = true> <Delay = 3.44> <CoreInst = "Cmp">   --->   Core 9 'Cmp' <Latency = 1> <II = 1> <Delay = 3.44> <FuncUnit> <Opcode : 'icmp'> <InPorts = 2> <OutPorts = 1>
ST_40 : Operation 636 [1/2] (3.44ns)   --->   "%add_ln7_37 = add i256 %add_ln6_36, i256 63356214062190004944123244500501942015579432165112926216853925307974548455423" [poseidon.cpp:7->poseidon.cpp:55]   --->   Operation 636 'add' 'add_ln7_37' <Predicate = true> <Delay = 3.44> <CoreInst = "Adder">   --->   Core 1 'Adder' <Latency = 1> <II = 1> <Delay = 3.44> <FuncUnit> <Opcode : 'add' 'sub'> <InPorts = 2> <OutPorts = 1>
ST_40 : Operation 637 [1/1] (1.55ns)   --->   "%select_ln7_14 = select i1 %icmp_ln7_37, i256 %add_ln7_37, i256 %add_ln6_36" [poseidon.cpp:7->poseidon.cpp:55]   --->   Operation 637 'select' 'select_ln7_14' <Predicate = true> <Delay = 1.55> <CoreInst = "Sel">   --->   Core 73 'Sel' <Latency = 0> <II = 1> <Delay = 1.55> <FuncUnit> <Opcode : 'select'> <InPorts = 3> <OutPorts = 1>
ST_40 : Operation 638 [1/2] (3.44ns)   --->   "%icmp_ln7_40 = icmp_ugt  i256 %add_ln6_39, i256 52435875175126190479447740508185965837690552500527637822603658699938581184512" [poseidon.cpp:7->poseidon.cpp:55]   --->   Operation 638 'icmp' 'icmp_ln7_40' <Predicate = true> <Delay = 3.44> <CoreInst = "Cmp">   --->   Core 9 'Cmp' <Latency = 1> <II = 1> <Delay = 3.44> <FuncUnit> <Opcode : 'icmp'> <InPorts = 2> <OutPorts = 1>
ST_40 : Operation 639 [1/2] (3.44ns)   --->   "%add_ln7_40 = add i256 %add_ln6_39, i256 63356214062190004944123244500501942015579432165112926216853925307974548455423" [poseidon.cpp:7->poseidon.cpp:55]   --->   Operation 639 'add' 'add_ln7_40' <Predicate = true> <Delay = 3.44> <CoreInst = "Adder">   --->   Core 1 'Adder' <Latency = 1> <II = 1> <Delay = 3.44> <FuncUnit> <Opcode : 'add' 'sub'> <InPorts = 2> <OutPorts = 1>
ST_40 : Operation 640 [1/1] (1.55ns)   --->   "%select_ln7_17 = select i1 %icmp_ln7_40, i256 %add_ln7_40, i256 %add_ln6_39" [poseidon.cpp:7->poseidon.cpp:55]   --->   Operation 640 'select' 'select_ln7_17' <Predicate = true> <Delay = 1.55> <CoreInst = "Sel">   --->   Core 73 'Sel' <Latency = 0> <II = 1> <Delay = 1.55> <FuncUnit> <Opcode : 'select'> <InPorts = 3> <OutPorts = 1>
ST_40 : Operation 641 [1/2] (3.44ns)   --->   "%icmp_ln7_41 = icmp_ugt  i256 %add_ln6_40, i256 52435875175126190479447740508185965837690552500527637822603658699938581184512" [poseidon.cpp:7->poseidon.cpp:55]   --->   Operation 641 'icmp' 'icmp_ln7_41' <Predicate = true> <Delay = 3.44> <CoreInst = "Cmp">   --->   Core 9 'Cmp' <Latency = 1> <II = 1> <Delay = 3.44> <FuncUnit> <Opcode : 'icmp'> <InPorts = 2> <OutPorts = 1>
ST_40 : Operation 642 [1/2] (3.44ns)   --->   "%add_ln7_41 = add i256 %add_ln6_40, i256 63356214062190004944123244500501942015579432165112926216853925307974548455423" [poseidon.cpp:7->poseidon.cpp:55]   --->   Operation 642 'add' 'add_ln7_41' <Predicate = true> <Delay = 3.44> <CoreInst = "Adder">   --->   Core 1 'Adder' <Latency = 1> <II = 1> <Delay = 3.44> <FuncUnit> <Opcode : 'add' 'sub'> <InPorts = 2> <OutPorts = 1>
ST_40 : Operation 643 [1/1] (1.55ns)   --->   "%select_ln7_18 = select i1 %icmp_ln7_41, i256 %add_ln7_41, i256 %add_ln6_40" [poseidon.cpp:7->poseidon.cpp:55]   --->   Operation 643 'select' 'select_ln7_18' <Predicate = true> <Delay = 1.55> <CoreInst = "Sel">   --->   Core 73 'Sel' <Latency = 0> <II = 1> <Delay = 1.55> <FuncUnit> <Opcode : 'select'> <InPorts = 3> <OutPorts = 1>
ST_40 : Operation 644 [1/1] (1.63ns)   --->   "%add_ln55_40 = add i11 %rc_idx_load, i11 24" [poseidon.cpp:55]   --->   Operation 644 'add' 'add_ln55_40' <Predicate = true> <Delay = 1.63> <CoreInst = "Adder">   --->   Core 1 'Adder' <Latency = 0> <II = 1> <Delay = 1.63> <FuncUnit> <Opcode : 'add' 'sub'> <InPorts = 2> <OutPorts = 1>
ST_40 : Operation 645 [1/2] (3.44ns)   --->   "%icmp_ln7_46 = icmp_ugt  i256 %add_ln6_45, i256 52435875175126190479447740508185965837690552500527637822603658699938581184512" [poseidon.cpp:7->poseidon.cpp:55]   --->   Operation 645 'icmp' 'icmp_ln7_46' <Predicate = true> <Delay = 3.44> <CoreInst = "Cmp">   --->   Core 9 'Cmp' <Latency = 1> <II = 1> <Delay = 3.44> <FuncUnit> <Opcode : 'icmp'> <InPorts = 2> <OutPorts = 1>
ST_40 : Operation 646 [1/2] (3.44ns)   --->   "%add_ln7_46 = add i256 %add_ln6_45, i256 63356214062190004944123244500501942015579432165112926216853925307974548455423" [poseidon.cpp:7->poseidon.cpp:55]   --->   Operation 646 'add' 'add_ln7_46' <Predicate = true> <Delay = 3.44> <CoreInst = "Adder">   --->   Core 1 'Adder' <Latency = 1> <II = 1> <Delay = 3.44> <FuncUnit> <Opcode : 'add' 'sub'> <InPorts = 2> <OutPorts = 1>
ST_40 : Operation 647 [1/1] (1.55ns)   --->   "%select_ln7_23 = select i1 %icmp_ln7_46, i256 %add_ln7_46, i256 %add_ln6_45" [poseidon.cpp:7->poseidon.cpp:55]   --->   Operation 647 'select' 'select_ln7_23' <Predicate = true> <Delay = 1.55> <CoreInst = "Sel">   --->   Core 73 'Sel' <Latency = 0> <II = 1> <Delay = 1.55> <FuncUnit> <Opcode : 'select'> <InPorts = 3> <OutPorts = 1>
ST_40 : Operation 648 [1/1] (1.58ns)   --->   "%br_ln62 = br i1 %or_ln62, void %for.inc43.23, void %if.then.1" [poseidon.cpp:62]   --->   Operation 648 'br' 'br_ln62' <Predicate = true> <Delay = 1.58>

State 41 <SV = 40> <Delay = 6.97>
ST_41 : Operation 649 [2/2] (6.97ns)   --->   "%ref_tmp28_assign_1 = call i255 @sbox_quintic, i256 %select_ln7_1" [poseidon.cpp:63]   --->   Operation 649 'call' 'ref_tmp28_assign_1' <Predicate = true> <Delay = 6.97> <CoreType = "Generic">   --->   Core 0 '' <Latency = 0> <II = 1> <Delay = 1.00> <Generic> <Opcode : >
ST_41 : Operation 650 [2/2] (6.97ns)   --->   "%ref_tmp28_assign_2 = call i255 @sbox_quintic, i256 %select_ln7_2" [poseidon.cpp:63]   --->   Operation 650 'call' 'ref_tmp28_assign_2' <Predicate = true> <Delay = 6.97> <CoreType = "Generic">   --->   Core 0 '' <Latency = 0> <II = 1> <Delay = 1.00> <Generic> <Opcode : >
ST_41 : Operation 651 [2/2] (6.97ns)   --->   "%ref_tmp28_assign_3 = call i255 @sbox_quintic, i256 %select_ln7_3" [poseidon.cpp:63]   --->   Operation 651 'call' 'ref_tmp28_assign_3' <Predicate = true> <Delay = 6.97> <CoreType = "Generic">   --->   Core 0 '' <Latency = 0> <II = 1> <Delay = 1.00> <Generic> <Opcode : >
ST_41 : Operation 652 [2/2] (6.97ns)   --->   "%ref_tmp28_assign_4 = call i255 @sbox_quintic, i256 %select_ln7_4" [poseidon.cpp:63]   --->   Operation 652 'call' 'ref_tmp28_assign_4' <Predicate = true> <Delay = 6.97> <CoreType = "Generic">   --->   Core 0 '' <Latency = 0> <II = 1> <Delay = 1.00> <Generic> <Opcode : >
ST_41 : Operation 653 [2/2] (6.97ns)   --->   "%ref_tmp28_assign_5 = call i255 @sbox_quintic, i256 %select_ln7_5" [poseidon.cpp:63]   --->   Operation 653 'call' 'ref_tmp28_assign_5' <Predicate = true> <Delay = 6.97> <CoreType = "Generic">   --->   Core 0 '' <Latency = 0> <II = 1> <Delay = 1.00> <Generic> <Opcode : >
ST_41 : Operation 654 [2/2] (6.97ns)   --->   "%ref_tmp28_assign_6 = call i255 @sbox_quintic, i256 %select_ln7_6" [poseidon.cpp:63]   --->   Operation 654 'call' 'ref_tmp28_assign_6' <Predicate = true> <Delay = 6.97> <CoreType = "Generic">   --->   Core 0 '' <Latency = 0> <II = 1> <Delay = 1.00> <Generic> <Opcode : >
ST_41 : Operation 655 [2/2] (6.97ns)   --->   "%ref_tmp28_assign_7 = call i255 @sbox_quintic, i256 %select_ln7_7" [poseidon.cpp:63]   --->   Operation 655 'call' 'ref_tmp28_assign_7' <Predicate = true> <Delay = 6.97> <CoreType = "Generic">   --->   Core 0 '' <Latency = 0> <II = 1> <Delay = 1.00> <Generic> <Opcode : >
ST_41 : Operation 656 [2/2] (6.97ns)   --->   "%ref_tmp28_assign_8 = call i255 @sbox_quintic, i256 %select_ln7_8" [poseidon.cpp:63]   --->   Operation 656 'call' 'ref_tmp28_assign_8' <Predicate = true> <Delay = 6.97> <CoreType = "Generic">   --->   Core 0 '' <Latency = 0> <II = 1> <Delay = 1.00> <Generic> <Opcode : >
ST_41 : Operation 657 [2/2] (6.97ns)   --->   "%ref_tmp28_assign_9 = call i255 @sbox_quintic, i256 %select_ln7_9" [poseidon.cpp:63]   --->   Operation 657 'call' 'ref_tmp28_assign_9' <Predicate = true> <Delay = 6.97> <CoreType = "Generic">   --->   Core 0 '' <Latency = 0> <II = 1> <Delay = 1.00> <Generic> <Opcode : >
ST_41 : Operation 658 [2/2] (6.97ns)   --->   "%ref_tmp28_assign_10 = call i255 @sbox_quintic, i256 %select_ln7_10" [poseidon.cpp:63]   --->   Operation 658 'call' 'ref_tmp28_assign_10' <Predicate = true> <Delay = 6.97> <CoreType = "Generic">   --->   Core 0 '' <Latency = 0> <II = 1> <Delay = 1.00> <Generic> <Opcode : >
ST_41 : Operation 659 [2/2] (6.97ns)   --->   "%ref_tmp28_assign_11 = call i255 @sbox_quintic, i256 %select_ln7_11" [poseidon.cpp:63]   --->   Operation 659 'call' 'ref_tmp28_assign_11' <Predicate = true> <Delay = 6.97> <CoreType = "Generic">   --->   Core 0 '' <Latency = 0> <II = 1> <Delay = 1.00> <Generic> <Opcode : >
ST_41 : Operation 660 [2/2] (6.97ns)   --->   "%ref_tmp28_assign_12 = call i255 @sbox_quintic, i256 %select_ln7_12" [poseidon.cpp:63]   --->   Operation 660 'call' 'ref_tmp28_assign_12' <Predicate = true> <Delay = 6.97> <CoreType = "Generic">   --->   Core 0 '' <Latency = 0> <II = 1> <Delay = 1.00> <Generic> <Opcode : >
ST_41 : Operation 661 [2/2] (6.97ns)   --->   "%ref_tmp28_assign_13 = call i255 @sbox_quintic, i256 %select_ln7_13" [poseidon.cpp:63]   --->   Operation 661 'call' 'ref_tmp28_assign_13' <Predicate = true> <Delay = 6.97> <CoreType = "Generic">   --->   Core 0 '' <Latency = 0> <II = 1> <Delay = 1.00> <Generic> <Opcode : >
ST_41 : Operation 662 [2/2] (6.97ns)   --->   "%ref_tmp28_assign_14 = call i255 @sbox_quintic, i256 %select_ln7_14" [poseidon.cpp:63]   --->   Operation 662 'call' 'ref_tmp28_assign_14' <Predicate = true> <Delay = 6.97> <CoreType = "Generic">   --->   Core 0 '' <Latency = 0> <II = 1> <Delay = 1.00> <Generic> <Opcode : >
ST_41 : Operation 663 [2/2] (6.97ns)   --->   "%ref_tmp28_assign_15 = call i255 @sbox_quintic, i256 %select_ln7_15" [poseidon.cpp:63]   --->   Operation 663 'call' 'ref_tmp28_assign_15' <Predicate = true> <Delay = 6.97> <CoreType = "Generic">   --->   Core 0 '' <Latency = 0> <II = 1> <Delay = 1.00> <Generic> <Opcode : >
ST_41 : Operation 664 [2/2] (6.97ns)   --->   "%ref_tmp28_assign_16 = call i255 @sbox_quintic, i256 %select_ln7_16" [poseidon.cpp:63]   --->   Operation 664 'call' 'ref_tmp28_assign_16' <Predicate = true> <Delay = 6.97> <CoreType = "Generic">   --->   Core 0 '' <Latency = 0> <II = 1> <Delay = 1.00> <Generic> <Opcode : >
ST_41 : Operation 665 [2/2] (6.97ns)   --->   "%ref_tmp28_assign_17 = call i255 @sbox_quintic, i256 %select_ln7_17" [poseidon.cpp:63]   --->   Operation 665 'call' 'ref_tmp28_assign_17' <Predicate = true> <Delay = 6.97> <CoreType = "Generic">   --->   Core 0 '' <Latency = 0> <II = 1> <Delay = 1.00> <Generic> <Opcode : >
ST_41 : Operation 666 [2/2] (6.97ns)   --->   "%ref_tmp28_assign_18 = call i255 @sbox_quintic, i256 %select_ln7_18" [poseidon.cpp:63]   --->   Operation 666 'call' 'ref_tmp28_assign_18' <Predicate = true> <Delay = 6.97> <CoreType = "Generic">   --->   Core 0 '' <Latency = 0> <II = 1> <Delay = 1.00> <Generic> <Opcode : >
ST_41 : Operation 667 [2/2] (6.97ns)   --->   "%ref_tmp28_assign_19 = call i255 @sbox_quintic, i256 %select_ln7_19" [poseidon.cpp:63]   --->   Operation 667 'call' 'ref_tmp28_assign_19' <Predicate = true> <Delay = 6.97> <CoreType = "Generic">   --->   Core 0 '' <Latency = 0> <II = 1> <Delay = 1.00> <Generic> <Opcode : >
ST_41 : Operation 668 [2/2] (6.97ns)   --->   "%ref_tmp28_assign_20 = call i255 @sbox_quintic, i256 %select_ln7_20" [poseidon.cpp:63]   --->   Operation 668 'call' 'ref_tmp28_assign_20' <Predicate = true> <Delay = 6.97> <CoreType = "Generic">   --->   Core 0 '' <Latency = 0> <II = 1> <Delay = 1.00> <Generic> <Opcode : >
ST_41 : Operation 669 [2/2] (6.97ns)   --->   "%ref_tmp28_assign_21 = call i255 @sbox_quintic, i256 %select_ln7_21" [poseidon.cpp:63]   --->   Operation 669 'call' 'ref_tmp28_assign_21' <Predicate = true> <Delay = 6.97> <CoreType = "Generic">   --->   Core 0 '' <Latency = 0> <II = 1> <Delay = 1.00> <Generic> <Opcode : >
ST_41 : Operation 670 [2/2] (6.97ns)   --->   "%ref_tmp28_assign_22 = call i255 @sbox_quintic, i256 %select_ln7_22" [poseidon.cpp:63]   --->   Operation 670 'call' 'ref_tmp28_assign_22' <Predicate = true> <Delay = 6.97> <CoreType = "Generic">   --->   Core 0 '' <Latency = 0> <II = 1> <Delay = 1.00> <Generic> <Opcode : >
ST_41 : Operation 671 [2/2] (6.97ns)   --->   "%ref_tmp28_assign_23 = call i255 @sbox_quintic, i256 %select_ln7_23" [poseidon.cpp:63]   --->   Operation 671 'call' 'ref_tmp28_assign_23' <Predicate = true> <Delay = 6.97> <CoreType = "Generic">   --->   Core 0 '' <Latency = 0> <II = 1> <Delay = 1.00> <Generic> <Opcode : >

State 42 <SV = 41> <Delay = 6.65>
ST_42 : Operation 672 [1/2] (5.07ns)   --->   "%ref_tmp28_assign_1 = call i255 @sbox_quintic, i256 %select_ln7_1" [poseidon.cpp:63]   --->   Operation 672 'call' 'ref_tmp28_assign_1' <Predicate = (or_ln62)> <Delay = 5.07> <CoreType = "Generic">   --->   Core 0 '' <Latency = 0> <II = 1> <Delay = 1.00> <Generic> <Opcode : >
ST_42 : Operation 673 [1/1] (0.00ns)   --->   "%zext_ln63 = zext i255 %ref_tmp28_assign_1" [poseidon.cpp:63]   --->   Operation 673 'zext' 'zext_ln63' <Predicate = (or_ln62)> <Delay = 0.00>
ST_42 : Operation 674 [1/2] (5.07ns)   --->   "%ref_tmp28_assign_2 = call i255 @sbox_quintic, i256 %select_ln7_2" [poseidon.cpp:63]   --->   Operation 674 'call' 'ref_tmp28_assign_2' <Predicate = (or_ln62)> <Delay = 5.07> <CoreType = "Generic">   --->   Core 0 '' <Latency = 0> <II = 1> <Delay = 1.00> <Generic> <Opcode : >
ST_42 : Operation 675 [1/1] (0.00ns)   --->   "%zext_ln63_1 = zext i255 %ref_tmp28_assign_2" [poseidon.cpp:63]   --->   Operation 675 'zext' 'zext_ln63_1' <Predicate = (or_ln62)> <Delay = 0.00>
ST_42 : Operation 676 [1/2] (5.07ns)   --->   "%ref_tmp28_assign_3 = call i255 @sbox_quintic, i256 %select_ln7_3" [poseidon.cpp:63]   --->   Operation 676 'call' 'ref_tmp28_assign_3' <Predicate = (or_ln62)> <Delay = 5.07> <CoreType = "Generic">   --->   Core 0 '' <Latency = 0> <II = 1> <Delay = 1.00> <Generic> <Opcode : >
ST_42 : Operation 677 [1/1] (0.00ns)   --->   "%zext_ln63_2 = zext i255 %ref_tmp28_assign_3" [poseidon.cpp:63]   --->   Operation 677 'zext' 'zext_ln63_2' <Predicate = (or_ln62)> <Delay = 0.00>
ST_42 : Operation 678 [1/2] (5.07ns)   --->   "%ref_tmp28_assign_4 = call i255 @sbox_quintic, i256 %select_ln7_4" [poseidon.cpp:63]   --->   Operation 678 'call' 'ref_tmp28_assign_4' <Predicate = (or_ln62)> <Delay = 5.07> <CoreType = "Generic">   --->   Core 0 '' <Latency = 0> <II = 1> <Delay = 1.00> <Generic> <Opcode : >
ST_42 : Operation 679 [1/1] (0.00ns)   --->   "%zext_ln63_3 = zext i255 %ref_tmp28_assign_4" [poseidon.cpp:63]   --->   Operation 679 'zext' 'zext_ln63_3' <Predicate = (or_ln62)> <Delay = 0.00>
ST_42 : Operation 680 [1/2] (5.07ns)   --->   "%ref_tmp28_assign_5 = call i255 @sbox_quintic, i256 %select_ln7_5" [poseidon.cpp:63]   --->   Operation 680 'call' 'ref_tmp28_assign_5' <Predicate = (or_ln62)> <Delay = 5.07> <CoreType = "Generic">   --->   Core 0 '' <Latency = 0> <II = 1> <Delay = 1.00> <Generic> <Opcode : >
ST_42 : Operation 681 [1/1] (0.00ns)   --->   "%zext_ln63_4 = zext i255 %ref_tmp28_assign_5" [poseidon.cpp:63]   --->   Operation 681 'zext' 'zext_ln63_4' <Predicate = (or_ln62)> <Delay = 0.00>
ST_42 : Operation 682 [1/2] (5.07ns)   --->   "%ref_tmp28_assign_6 = call i255 @sbox_quintic, i256 %select_ln7_6" [poseidon.cpp:63]   --->   Operation 682 'call' 'ref_tmp28_assign_6' <Predicate = (or_ln62)> <Delay = 5.07> <CoreType = "Generic">   --->   Core 0 '' <Latency = 0> <II = 1> <Delay = 1.00> <Generic> <Opcode : >
ST_42 : Operation 683 [1/1] (0.00ns)   --->   "%zext_ln63_5 = zext i255 %ref_tmp28_assign_6" [poseidon.cpp:63]   --->   Operation 683 'zext' 'zext_ln63_5' <Predicate = (or_ln62)> <Delay = 0.00>
ST_42 : Operation 684 [1/2] (5.07ns)   --->   "%ref_tmp28_assign_7 = call i255 @sbox_quintic, i256 %select_ln7_7" [poseidon.cpp:63]   --->   Operation 684 'call' 'ref_tmp28_assign_7' <Predicate = (or_ln62)> <Delay = 5.07> <CoreType = "Generic">   --->   Core 0 '' <Latency = 0> <II = 1> <Delay = 1.00> <Generic> <Opcode : >
ST_42 : Operation 685 [1/1] (0.00ns)   --->   "%zext_ln63_6 = zext i255 %ref_tmp28_assign_7" [poseidon.cpp:63]   --->   Operation 685 'zext' 'zext_ln63_6' <Predicate = (or_ln62)> <Delay = 0.00>
ST_42 : Operation 686 [1/2] (5.07ns)   --->   "%ref_tmp28_assign_8 = call i255 @sbox_quintic, i256 %select_ln7_8" [poseidon.cpp:63]   --->   Operation 686 'call' 'ref_tmp28_assign_8' <Predicate = (or_ln62)> <Delay = 5.07> <CoreType = "Generic">   --->   Core 0 '' <Latency = 0> <II = 1> <Delay = 1.00> <Generic> <Opcode : >
ST_42 : Operation 687 [1/1] (0.00ns)   --->   "%zext_ln63_7 = zext i255 %ref_tmp28_assign_8" [poseidon.cpp:63]   --->   Operation 687 'zext' 'zext_ln63_7' <Predicate = (or_ln62)> <Delay = 0.00>
ST_42 : Operation 688 [1/2] (5.07ns)   --->   "%ref_tmp28_assign_9 = call i255 @sbox_quintic, i256 %select_ln7_9" [poseidon.cpp:63]   --->   Operation 688 'call' 'ref_tmp28_assign_9' <Predicate = (or_ln62)> <Delay = 5.07> <CoreType = "Generic">   --->   Core 0 '' <Latency = 0> <II = 1> <Delay = 1.00> <Generic> <Opcode : >
ST_42 : Operation 689 [1/1] (0.00ns)   --->   "%zext_ln63_8 = zext i255 %ref_tmp28_assign_9" [poseidon.cpp:63]   --->   Operation 689 'zext' 'zext_ln63_8' <Predicate = (or_ln62)> <Delay = 0.00>
ST_42 : Operation 690 [1/2] (5.07ns)   --->   "%ref_tmp28_assign_10 = call i255 @sbox_quintic, i256 %select_ln7_10" [poseidon.cpp:63]   --->   Operation 690 'call' 'ref_tmp28_assign_10' <Predicate = (or_ln62)> <Delay = 5.07> <CoreType = "Generic">   --->   Core 0 '' <Latency = 0> <II = 1> <Delay = 1.00> <Generic> <Opcode : >
ST_42 : Operation 691 [1/1] (0.00ns)   --->   "%zext_ln63_9 = zext i255 %ref_tmp28_assign_10" [poseidon.cpp:63]   --->   Operation 691 'zext' 'zext_ln63_9' <Predicate = (or_ln62)> <Delay = 0.00>
ST_42 : Operation 692 [1/2] (5.07ns)   --->   "%ref_tmp28_assign_11 = call i255 @sbox_quintic, i256 %select_ln7_11" [poseidon.cpp:63]   --->   Operation 692 'call' 'ref_tmp28_assign_11' <Predicate = (or_ln62)> <Delay = 5.07> <CoreType = "Generic">   --->   Core 0 '' <Latency = 0> <II = 1> <Delay = 1.00> <Generic> <Opcode : >
ST_42 : Operation 693 [1/1] (0.00ns)   --->   "%zext_ln63_10 = zext i255 %ref_tmp28_assign_11" [poseidon.cpp:63]   --->   Operation 693 'zext' 'zext_ln63_10' <Predicate = (or_ln62)> <Delay = 0.00>
ST_42 : Operation 694 [1/2] (5.07ns)   --->   "%ref_tmp28_assign_12 = call i255 @sbox_quintic, i256 %select_ln7_12" [poseidon.cpp:63]   --->   Operation 694 'call' 'ref_tmp28_assign_12' <Predicate = (or_ln62)> <Delay = 5.07> <CoreType = "Generic">   --->   Core 0 '' <Latency = 0> <II = 1> <Delay = 1.00> <Generic> <Opcode : >
ST_42 : Operation 695 [1/1] (0.00ns)   --->   "%zext_ln63_11 = zext i255 %ref_tmp28_assign_12" [poseidon.cpp:63]   --->   Operation 695 'zext' 'zext_ln63_11' <Predicate = (or_ln62)> <Delay = 0.00>
ST_42 : Operation 696 [1/2] (5.07ns)   --->   "%ref_tmp28_assign_13 = call i255 @sbox_quintic, i256 %select_ln7_13" [poseidon.cpp:63]   --->   Operation 696 'call' 'ref_tmp28_assign_13' <Predicate = (or_ln62)> <Delay = 5.07> <CoreType = "Generic">   --->   Core 0 '' <Latency = 0> <II = 1> <Delay = 1.00> <Generic> <Opcode : >
ST_42 : Operation 697 [1/1] (0.00ns)   --->   "%zext_ln63_12 = zext i255 %ref_tmp28_assign_13" [poseidon.cpp:63]   --->   Operation 697 'zext' 'zext_ln63_12' <Predicate = (or_ln62)> <Delay = 0.00>
ST_42 : Operation 698 [1/2] (5.07ns)   --->   "%ref_tmp28_assign_14 = call i255 @sbox_quintic, i256 %select_ln7_14" [poseidon.cpp:63]   --->   Operation 698 'call' 'ref_tmp28_assign_14' <Predicate = (or_ln62)> <Delay = 5.07> <CoreType = "Generic">   --->   Core 0 '' <Latency = 0> <II = 1> <Delay = 1.00> <Generic> <Opcode : >
ST_42 : Operation 699 [1/1] (0.00ns)   --->   "%zext_ln63_13 = zext i255 %ref_tmp28_assign_14" [poseidon.cpp:63]   --->   Operation 699 'zext' 'zext_ln63_13' <Predicate = (or_ln62)> <Delay = 0.00>
ST_42 : Operation 700 [1/2] (5.07ns)   --->   "%ref_tmp28_assign_15 = call i255 @sbox_quintic, i256 %select_ln7_15" [poseidon.cpp:63]   --->   Operation 700 'call' 'ref_tmp28_assign_15' <Predicate = (or_ln62)> <Delay = 5.07> <CoreType = "Generic">   --->   Core 0 '' <Latency = 0> <II = 1> <Delay = 1.00> <Generic> <Opcode : >
ST_42 : Operation 701 [1/1] (0.00ns)   --->   "%zext_ln63_14 = zext i255 %ref_tmp28_assign_15" [poseidon.cpp:63]   --->   Operation 701 'zext' 'zext_ln63_14' <Predicate = (or_ln62)> <Delay = 0.00>
ST_42 : Operation 702 [1/2] (5.07ns)   --->   "%ref_tmp28_assign_16 = call i255 @sbox_quintic, i256 %select_ln7_16" [poseidon.cpp:63]   --->   Operation 702 'call' 'ref_tmp28_assign_16' <Predicate = (or_ln62)> <Delay = 5.07> <CoreType = "Generic">   --->   Core 0 '' <Latency = 0> <II = 1> <Delay = 1.00> <Generic> <Opcode : >
ST_42 : Operation 703 [1/1] (0.00ns)   --->   "%zext_ln63_15 = zext i255 %ref_tmp28_assign_16" [poseidon.cpp:63]   --->   Operation 703 'zext' 'zext_ln63_15' <Predicate = (or_ln62)> <Delay = 0.00>
ST_42 : Operation 704 [1/2] (5.07ns)   --->   "%ref_tmp28_assign_17 = call i255 @sbox_quintic, i256 %select_ln7_17" [poseidon.cpp:63]   --->   Operation 704 'call' 'ref_tmp28_assign_17' <Predicate = (or_ln62)> <Delay = 5.07> <CoreType = "Generic">   --->   Core 0 '' <Latency = 0> <II = 1> <Delay = 1.00> <Generic> <Opcode : >
ST_42 : Operation 705 [1/1] (0.00ns)   --->   "%zext_ln63_16 = zext i255 %ref_tmp28_assign_17" [poseidon.cpp:63]   --->   Operation 705 'zext' 'zext_ln63_16' <Predicate = (or_ln62)> <Delay = 0.00>
ST_42 : Operation 706 [1/2] (5.07ns)   --->   "%ref_tmp28_assign_18 = call i255 @sbox_quintic, i256 %select_ln7_18" [poseidon.cpp:63]   --->   Operation 706 'call' 'ref_tmp28_assign_18' <Predicate = (or_ln62)> <Delay = 5.07> <CoreType = "Generic">   --->   Core 0 '' <Latency = 0> <II = 1> <Delay = 1.00> <Generic> <Opcode : >
ST_42 : Operation 707 [1/1] (0.00ns)   --->   "%zext_ln63_17 = zext i255 %ref_tmp28_assign_18" [poseidon.cpp:63]   --->   Operation 707 'zext' 'zext_ln63_17' <Predicate = (or_ln62)> <Delay = 0.00>
ST_42 : Operation 708 [1/2] (5.07ns)   --->   "%ref_tmp28_assign_19 = call i255 @sbox_quintic, i256 %select_ln7_19" [poseidon.cpp:63]   --->   Operation 708 'call' 'ref_tmp28_assign_19' <Predicate = (or_ln62)> <Delay = 5.07> <CoreType = "Generic">   --->   Core 0 '' <Latency = 0> <II = 1> <Delay = 1.00> <Generic> <Opcode : >
ST_42 : Operation 709 [1/1] (0.00ns)   --->   "%zext_ln63_18 = zext i255 %ref_tmp28_assign_19" [poseidon.cpp:63]   --->   Operation 709 'zext' 'zext_ln63_18' <Predicate = (or_ln62)> <Delay = 0.00>
ST_42 : Operation 710 [1/2] (5.07ns)   --->   "%ref_tmp28_assign_20 = call i255 @sbox_quintic, i256 %select_ln7_20" [poseidon.cpp:63]   --->   Operation 710 'call' 'ref_tmp28_assign_20' <Predicate = (or_ln62)> <Delay = 5.07> <CoreType = "Generic">   --->   Core 0 '' <Latency = 0> <II = 1> <Delay = 1.00> <Generic> <Opcode : >
ST_42 : Operation 711 [1/1] (0.00ns)   --->   "%zext_ln63_19 = zext i255 %ref_tmp28_assign_20" [poseidon.cpp:63]   --->   Operation 711 'zext' 'zext_ln63_19' <Predicate = (or_ln62)> <Delay = 0.00>
ST_42 : Operation 712 [1/2] (5.07ns)   --->   "%ref_tmp28_assign_21 = call i255 @sbox_quintic, i256 %select_ln7_21" [poseidon.cpp:63]   --->   Operation 712 'call' 'ref_tmp28_assign_21' <Predicate = (or_ln62)> <Delay = 5.07> <CoreType = "Generic">   --->   Core 0 '' <Latency = 0> <II = 1> <Delay = 1.00> <Generic> <Opcode : >
ST_42 : Operation 713 [1/1] (0.00ns)   --->   "%zext_ln63_20 = zext i255 %ref_tmp28_assign_21" [poseidon.cpp:63]   --->   Operation 713 'zext' 'zext_ln63_20' <Predicate = (or_ln62)> <Delay = 0.00>
ST_42 : Operation 714 [1/2] (5.07ns)   --->   "%ref_tmp28_assign_22 = call i255 @sbox_quintic, i256 %select_ln7_22" [poseidon.cpp:63]   --->   Operation 714 'call' 'ref_tmp28_assign_22' <Predicate = (or_ln62)> <Delay = 5.07> <CoreType = "Generic">   --->   Core 0 '' <Latency = 0> <II = 1> <Delay = 1.00> <Generic> <Opcode : >
ST_42 : Operation 715 [1/1] (0.00ns)   --->   "%zext_ln63_21 = zext i255 %ref_tmp28_assign_22" [poseidon.cpp:63]   --->   Operation 715 'zext' 'zext_ln63_21' <Predicate = (or_ln62)> <Delay = 0.00>
ST_42 : Operation 716 [1/2] (5.07ns)   --->   "%ref_tmp28_assign_23 = call i255 @sbox_quintic, i256 %select_ln7_23" [poseidon.cpp:63]   --->   Operation 716 'call' 'ref_tmp28_assign_23' <Predicate = (or_ln62)> <Delay = 5.07> <CoreType = "Generic">   --->   Core 0 '' <Latency = 0> <II = 1> <Delay = 1.00> <Generic> <Opcode : >
ST_42 : Operation 717 [1/1] (0.00ns)   --->   "%zext_ln64 = zext i255 %ref_tmp28_assign_23" [poseidon.cpp:64]   --->   Operation 717 'zext' 'zext_ln64' <Predicate = (or_ln62)> <Delay = 0.00>
ST_42 : Operation 718 [1/1] (1.58ns)   --->   "%br_ln64 = br void %for.inc43.23" [poseidon.cpp:64]   --->   Operation 718 'br' 'br_ln64' <Predicate = (or_ln62)> <Delay = 1.58>
ST_42 : Operation 719 [1/1] (1.58ns)   --->   "%store_ln49 = store i11 %add_ln55_40, i11 %rc_idx" [poseidon.cpp:49]   --->   Operation 719 'store' 'store_ln49' <Predicate = true> <Delay = 1.58>
ST_42 : Operation 720 [1/1] (1.58ns)   --->   "%store_ln50 = store i7 %r_2, i7 %r" [poseidon.cpp:50]   --->   Operation 720 'store' 'store_ln50' <Predicate = true> <Delay = 1.58>

State 43 <SV = 42> <Delay = 3.39>
ST_43 : Operation 721 [1/1] (0.00ns)   --->   "%p_0_0_011_2387 = phi i256 %zext_ln64, void %if.then.1, i256 %select_ln7_23, void %rc_add.split" [poseidon.cpp:64]   --->   Operation 721 'phi' 'p_0_0_011_2387' <Predicate = true> <Delay = 0.00>
ST_43 : Operation 722 [1/1] (0.00ns)   --->   "%p_0_0_011_2285 = phi i256 %zext_ln63_21, void %if.then.1, i256 %select_ln7_22, void %rc_add.split" [poseidon.cpp:63]   --->   Operation 722 'phi' 'p_0_0_011_2285' <Predicate = true> <Delay = 0.00>
ST_43 : Operation 723 [1/1] (0.00ns)   --->   "%p_0_0_011_2183 = phi i256 %zext_ln63_20, void %if.then.1, i256 %select_ln7_21, void %rc_add.split" [poseidon.cpp:63]   --->   Operation 723 'phi' 'p_0_0_011_2183' <Predicate = true> <Delay = 0.00>
ST_43 : Operation 724 [1/1] (0.00ns)   --->   "%p_0_0_011_2081 = phi i256 %zext_ln63_19, void %if.then.1, i256 %select_ln7_20, void %rc_add.split" [poseidon.cpp:63]   --->   Operation 724 'phi' 'p_0_0_011_2081' <Predicate = true> <Delay = 0.00>
ST_43 : Operation 725 [1/1] (0.00ns)   --->   "%p_0_0_011_1979 = phi i256 %zext_ln63_18, void %if.then.1, i256 %select_ln7_19, void %rc_add.split" [poseidon.cpp:63]   --->   Operation 725 'phi' 'p_0_0_011_1979' <Predicate = true> <Delay = 0.00>
ST_43 : Operation 726 [1/1] (0.00ns)   --->   "%p_0_0_011_1877 = phi i256 %zext_ln63_17, void %if.then.1, i256 %select_ln7_18, void %rc_add.split" [poseidon.cpp:63]   --->   Operation 726 'phi' 'p_0_0_011_1877' <Predicate = true> <Delay = 0.00>
ST_43 : Operation 727 [1/1] (0.00ns)   --->   "%p_0_0_011_1775 = phi i256 %zext_ln63_16, void %if.then.1, i256 %select_ln7_17, void %rc_add.split" [poseidon.cpp:63]   --->   Operation 727 'phi' 'p_0_0_011_1775' <Predicate = true> <Delay = 0.00>
ST_43 : Operation 728 [1/1] (0.00ns)   --->   "%p_0_0_011_1673 = phi i256 %zext_ln63_15, void %if.then.1, i256 %select_ln7_16, void %rc_add.split" [poseidon.cpp:63]   --->   Operation 728 'phi' 'p_0_0_011_1673' <Predicate = true> <Delay = 0.00>
ST_43 : Operation 729 [1/1] (0.00ns)   --->   "%p_0_0_011_1571 = phi i256 %zext_ln63_14, void %if.then.1, i256 %select_ln7_15, void %rc_add.split" [poseidon.cpp:63]   --->   Operation 729 'phi' 'p_0_0_011_1571' <Predicate = true> <Delay = 0.00>
ST_43 : Operation 730 [1/1] (0.00ns)   --->   "%p_0_0_011_1469 = phi i256 %zext_ln63_13, void %if.then.1, i256 %select_ln7_14, void %rc_add.split" [poseidon.cpp:63]   --->   Operation 730 'phi' 'p_0_0_011_1469' <Predicate = true> <Delay = 0.00>
ST_43 : Operation 731 [1/1] (0.00ns)   --->   "%p_0_0_011_1367 = phi i256 %zext_ln63_12, void %if.then.1, i256 %select_ln7_13, void %rc_add.split" [poseidon.cpp:63]   --->   Operation 731 'phi' 'p_0_0_011_1367' <Predicate = true> <Delay = 0.00>
ST_43 : Operation 732 [1/1] (0.00ns)   --->   "%p_0_0_011_1265 = phi i256 %zext_ln63_11, void %if.then.1, i256 %select_ln7_12, void %rc_add.split" [poseidon.cpp:63]   --->   Operation 732 'phi' 'p_0_0_011_1265' <Predicate = true> <Delay = 0.00>
ST_43 : Operation 733 [1/1] (0.00ns)   --->   "%p_0_0_011_1163 = phi i256 %zext_ln63_10, void %if.then.1, i256 %select_ln7_11, void %rc_add.split" [poseidon.cpp:63]   --->   Operation 733 'phi' 'p_0_0_011_1163' <Predicate = true> <Delay = 0.00>
ST_43 : Operation 734 [1/1] (0.00ns)   --->   "%p_0_0_011_1061 = phi i256 %zext_ln63_9, void %if.then.1, i256 %select_ln7_10, void %rc_add.split" [poseidon.cpp:63]   --->   Operation 734 'phi' 'p_0_0_011_1061' <Predicate = true> <Delay = 0.00>
ST_43 : Operation 735 [1/1] (0.00ns)   --->   "%p_0_0_011_959 = phi i256 %zext_ln63_8, void %if.then.1, i256 %select_ln7_9, void %rc_add.split" [poseidon.cpp:63]   --->   Operation 735 'phi' 'p_0_0_011_959' <Predicate = true> <Delay = 0.00>
ST_43 : Operation 736 [1/1] (0.00ns)   --->   "%p_0_0_011_857 = phi i256 %zext_ln63_7, void %if.then.1, i256 %select_ln7_8, void %rc_add.split" [poseidon.cpp:63]   --->   Operation 736 'phi' 'p_0_0_011_857' <Predicate = true> <Delay = 0.00>
ST_43 : Operation 737 [1/1] (0.00ns)   --->   "%p_0_0_011_755 = phi i256 %zext_ln63_6, void %if.then.1, i256 %select_ln7_7, void %rc_add.split" [poseidon.cpp:63]   --->   Operation 737 'phi' 'p_0_0_011_755' <Predicate = true> <Delay = 0.00>
ST_43 : Operation 738 [1/1] (0.00ns)   --->   "%p_0_0_011_653 = phi i256 %zext_ln63_5, void %if.then.1, i256 %select_ln7_6, void %rc_add.split" [poseidon.cpp:63]   --->   Operation 738 'phi' 'p_0_0_011_653' <Predicate = true> <Delay = 0.00>
ST_43 : Operation 739 [1/1] (0.00ns)   --->   "%p_0_0_011_551 = phi i256 %zext_ln63_4, void %if.then.1, i256 %select_ln7_5, void %rc_add.split" [poseidon.cpp:63]   --->   Operation 739 'phi' 'p_0_0_011_551' <Predicate = true> <Delay = 0.00>
ST_43 : Operation 740 [1/1] (0.00ns)   --->   "%p_0_0_011_449 = phi i256 %zext_ln63_3, void %if.then.1, i256 %select_ln7_4, void %rc_add.split" [poseidon.cpp:63]   --->   Operation 740 'phi' 'p_0_0_011_449' <Predicate = true> <Delay = 0.00>
ST_43 : Operation 741 [1/1] (0.00ns)   --->   "%p_0_0_011_347 = phi i256 %zext_ln63_2, void %if.then.1, i256 %select_ln7_3, void %rc_add.split" [poseidon.cpp:63]   --->   Operation 741 'phi' 'p_0_0_011_347' <Predicate = true> <Delay = 0.00>
ST_43 : Operation 742 [1/1] (0.00ns)   --->   "%p_0_0_011_245 = phi i256 %zext_ln63_1, void %if.then.1, i256 %select_ln7_2, void %rc_add.split" [poseidon.cpp:63]   --->   Operation 742 'phi' 'p_0_0_011_245' <Predicate = true> <Delay = 0.00>
ST_43 : Operation 743 [1/1] (0.00ns)   --->   "%p_0_0_011_143 = phi i256 %zext_ln63, void %if.then.1, i256 %select_ln7_1, void %rc_add.split" [poseidon.cpp:63]   --->   Operation 743 'phi' 'p_0_0_011_143' <Predicate = true> <Delay = 0.00>
ST_43 : Operation 744 [2/2] (3.39ns)   --->   "%call_ln73 = call void @poseidon_top_Pipeline_mds_row, i256 %gmem, i59 %trunc_ln73_1, i255 %ref_tmp28_assign_s, i256 %p_0_0_011_143, i256 %p_0_0_011_245, i256 %p_0_0_011_347, i256 %p_0_0_011_449, i256 %p_0_0_011_551, i256 %p_0_0_011_653, i256 %p_0_0_011_755, i256 %p_0_0_011_857, i256 %p_0_0_011_959, i256 %p_0_0_011_1061, i256 %p_0_0_011_1163, i256 %p_0_0_011_1265, i256 %p_0_0_011_1367, i256 %p_0_0_011_1469, i256 %p_0_0_011_1571, i256 %p_0_0_011_1673, i256 %p_0_0_011_1775, i256 %p_0_0_011_1877, i256 %p_0_0_011_1979, i256 %p_0_0_011_2081, i256 %p_0_0_011_2183, i256 %p_0_0_011_2285, i256 %p_0_0_011_2387, i256 %p_0_0_011_2388, i256 %p_0_0_011_2286, i256 %p_0_0_011_2184, i256 %p_0_0_011_2082, i256 %p_0_0_011_1980, i256 %p_0_0_011_1878, i256 %p_0_0_011_1776, i256 %p_0_0_011_1674, i256 %p_0_0_011_1572, i256 %p_0_0_011_1470, i256 %p_0_0_011_1368, i256 %p_0_0_011_1266, i256 %p_0_0_011_1164, i256 %p_0_0_011_1062, i256 %p_0_0_011_960, i256 %p_0_0_011_858, i256 %p_0_0_011_756, i256 %p_0_0_011_654, i256 %p_0_0_011_552, i256 %p_0_0_011_450, i256 %p_0_0_011_348, i256 %p_0_0_011_246, i256 %p_0_0_011_144, i256 %p_0_0_01942" [poseidon.cpp:73]   --->   Operation 744 'call' 'call_ln73' <Predicate = true> <Delay = 3.39> <CoreType = "Generic">   --->   Core 0 '' <Latency = 0> <II = 1> <Delay = 1.00> <Generic> <Opcode : >

State 44 <SV = 43> <Delay = 0.00>
ST_44 : Operation 745 [1/2] (0.00ns)   --->   "%call_ln73 = call void @poseidon_top_Pipeline_mds_row, i256 %gmem, i59 %trunc_ln73_1, i255 %ref_tmp28_assign_s, i256 %p_0_0_011_143, i256 %p_0_0_011_245, i256 %p_0_0_011_347, i256 %p_0_0_011_449, i256 %p_0_0_011_551, i256 %p_0_0_011_653, i256 %p_0_0_011_755, i256 %p_0_0_011_857, i256 %p_0_0_011_959, i256 %p_0_0_011_1061, i256 %p_0_0_011_1163, i256 %p_0_0_011_1265, i256 %p_0_0_011_1367, i256 %p_0_0_011_1469, i256 %p_0_0_011_1571, i256 %p_0_0_011_1673, i256 %p_0_0_011_1775, i256 %p_0_0_011_1877, i256 %p_0_0_011_1979, i256 %p_0_0_011_2081, i256 %p_0_0_011_2183, i256 %p_0_0_011_2285, i256 %p_0_0_011_2387, i256 %p_0_0_011_2388, i256 %p_0_0_011_2286, i256 %p_0_0_011_2184, i256 %p_0_0_011_2082, i256 %p_0_0_011_1980, i256 %p_0_0_011_1878, i256 %p_0_0_011_1776, i256 %p_0_0_011_1674, i256 %p_0_0_011_1572, i256 %p_0_0_011_1470, i256 %p_0_0_011_1368, i256 %p_0_0_011_1266, i256 %p_0_0_011_1164, i256 %p_0_0_011_1062, i256 %p_0_0_011_960, i256 %p_0_0_011_858, i256 %p_0_0_011_756, i256 %p_0_0_011_654, i256 %p_0_0_011_552, i256 %p_0_0_011_450, i256 %p_0_0_011_348, i256 %p_0_0_011_246, i256 %p_0_0_011_144, i256 %p_0_0_01942" [poseidon.cpp:73]   --->   Operation 745 'call' 'call_ln73' <Predicate = true> <Delay = 0.00> <CoreType = "Generic">   --->   Core 0 '' <Latency = 0> <II = 1> <Delay = 1.00> <Generic> <Opcode : >
ST_44 : Operation 746 [1/1] (0.00ns)   --->   "%br_ln50 = br void %rc_add" [poseidon.cpp:50]   --->   Operation 746 'br' 'br_ln50' <Predicate = true> <Delay = 0.00>

State 45 <SV = 5> <Delay = 0.00>
ST_45 : Operation 747 [1/2] (0.00ns)   --->   "%call_ln0 = call void @poseidon_top_Pipeline_VITIS_LOOP_92_3, i256 %p_0_0_01942_load_1, i256 %p_0_0_011_144_load_1, i256 %p_0_0_011_246_load_1, i256 %p_0_0_011_348_load_1, i256 %p_0_0_011_450_load_1, i256 %p_0_0_011_552_load_1, i256 %p_0_0_011_654_load_1, i256 %p_0_0_011_756_load_1, i256 %p_0_0_011_858_load_1, i256 %p_0_0_011_960_load_1, i256 %p_0_0_011_1062_load_1, i256 %p_0_0_011_1164_load_1, i256 %p_0_0_011_1266_load_1, i256 %p_0_0_011_1368_load_1, i256 %p_0_0_011_1470_load_1, i256 %p_0_0_011_1572_load_1, i256 %p_0_0_011_1674_load_1, i256 %p_0_0_011_1776_load_1, i256 %p_0_0_011_1878_load_1, i256 %p_0_0_011_1980_load_1, i256 %p_0_0_011_2082_load_1, i256 %p_0_0_011_2184_load_1, i256 %p_0_0_011_2286_load_1, i256 %p_0_0_011_2388_load_1, i512 %out_stream"   --->   Operation 747 'call' 'call_ln0' <Predicate = true> <Delay = 0.00> <CoreType = "Generic">   --->   Core 0 '' <Latency = 0> <II = 1> <Delay = 1.00> <Generic> <Opcode : >

State 46 <SV = 6> <Delay = 0.00>
ST_46 : Operation 748 [1/1] (0.00ns)   --->   "%ret_ln100 = ret" [poseidon.cpp:100]   --->   Operation 748 'ret' 'ret_ln100' <Predicate = true> <Delay = 0.00>


============================================================
+ Verbose Summary: Binding
============================================================
STG Binding: 
---------------- STG Properties BEGIN ----------------
- Is combinational: 0
- Is one-state seq: 0
- Is datapath-only: 0
- Is pipelined: 0
- Is top level: 1
Port [ Return ] is wired: 1; IO mode=ap_ctrl_hs:ce=0
Port [ gmem]:  wired=1; compound=1; hidden=0; nouse=0; global=0; static=0; extern=0; dir=0; type=4; pingpong=0; private_global=0; IO mode=m_axi:ce=0
Port [ in_stream]:  wired=1; compound=1; hidden=0; nouse=0; global=0; static=0; extern=0; dir=0; type=0; pingpong=0; private_global=0; IO mode=axis:ce=0
Port [ out_stream]:  wired=1; compound=1; hidden=0; nouse=0; global=0; static=0; extern=0; dir=1; type=0; pingpong=0; private_global=0; IO mode=axis:ce=0
Port [ round_constants]:  wired=1; compound=0; hidden=0; nouse=0; global=0; static=0; extern=0; dir=0; type=0; pingpong=0; private_global=0; IO mode=ap_none:ce=0
Port [ mds_matrix]:  wired=1; compound=0; hidden=0; nouse=0; global=0; static=0; extern=0; dir=0; type=0; pingpong=0; private_global=0; IO mode=ap_none:ce=0
---------------- STG Properties END ------------------

---------------- Datapath Model BEGIN ----------------

<LifeTime>
<method=bitvector/>
r                      (alloca           ) [ 01111111111111111111111111111111111111111111100]
p_0_0_01942            (alloca           ) [ 00111111111111111111111111111111111111111111100]
p_0_0_011_144          (alloca           ) [ 00111111111111111111111111111111111111111111100]
p_0_0_011_246          (alloca           ) [ 00111111111111111111111111111111111111111111100]
p_0_0_011_348          (alloca           ) [ 00111111111111111111111111111111111111111111100]
p_0_0_011_450          (alloca           ) [ 00111111111111111111111111111111111111111111100]
p_0_0_011_552          (alloca           ) [ 00111111111111111111111111111111111111111111100]
p_0_0_011_654          (alloca           ) [ 00111111111111111111111111111111111111111111100]
p_0_0_011_756          (alloca           ) [ 00111111111111111111111111111111111111111111100]
p_0_0_011_858          (alloca           ) [ 00111111111111111111111111111111111111111111100]
p_0_0_011_960          (alloca           ) [ 00111111111111111111111111111111111111111111100]
p_0_0_011_1062         (alloca           ) [ 00111111111111111111111111111111111111111111100]
p_0_0_011_1164         (alloca           ) [ 00111111111111111111111111111111111111111111100]
p_0_0_011_1266         (alloca           ) [ 00111111111111111111111111111111111111111111100]
p_0_0_011_1368         (alloca           ) [ 00111111111111111111111111111111111111111111100]
p_0_0_011_1470         (alloca           ) [ 00111111111111111111111111111111111111111111100]
p_0_0_011_1572         (alloca           ) [ 00111111111111111111111111111111111111111111100]
p_0_0_011_1674         (alloca           ) [ 00111111111111111111111111111111111111111111100]
p_0_0_011_1776         (alloca           ) [ 00111111111111111111111111111111111111111111100]
p_0_0_011_1878         (alloca           ) [ 00111111111111111111111111111111111111111111100]
p_0_0_011_1980         (alloca           ) [ 00111111111111111111111111111111111111111111100]
p_0_0_011_2082         (alloca           ) [ 00111111111111111111111111111111111111111111100]
p_0_0_011_2184         (alloca           ) [ 00111111111111111111111111111111111111111111100]
p_0_0_011_2286         (alloca           ) [ 00111111111111111111111111111111111111111111100]
p_0_0_011_2388         (alloca           ) [ 00111111111111111111111111111111111111111111100]
rc_idx                 (alloca           ) [ 01111111111111111111111111111111111111111111100]
mds_matrix_read        (read             ) [ 00000000000000000000000000000000000000000000000]
round_constants_read   (read             ) [ 00000000000000000000000000000000000000000000000]
trunc_ln               (partselect       ) [ 00111000000000000000000000000000000000000000000]
trunc_ln73_1           (partselect       ) [ 00111111111111111111111111111111111111111111100]
store_ln49             (store            ) [ 00000000000000000000000000000000000000000000000]
store_ln50             (store            ) [ 00000000000000000000000000000000000000000000000]
empty                  (wait             ) [ 00000000000000000000000000000000000000000000000]
call_ln0               (call             ) [ 00000000000000000000000000000000000000000000000]
spectopmodule_ln26     (spectopmodule    ) [ 00000000000000000000000000000000000000000000000]
specinterface_ln0      (specinterface    ) [ 00000000000000000000000000000000000000000000000]
specbitsmap_ln0        (specbitsmap      ) [ 00000000000000000000000000000000000000000000000]
specinterface_ln0      (specinterface    ) [ 00000000000000000000000000000000000000000000000]
specbitsmap_ln0        (specbitsmap      ) [ 00000000000000000000000000000000000000000000000]
specinterface_ln0      (specinterface    ) [ 00000000000000000000000000000000000000000000000]
specbitsmap_ln0        (specbitsmap      ) [ 00000000000000000000000000000000000000000000000]
specinterface_ln0      (specinterface    ) [ 00000000000000000000000000000000000000000000000]
specinterface_ln0      (specinterface    ) [ 00000000000000000000000000000000000000000000000]
specinterface_ln0      (specinterface    ) [ 00000000000000000000000000000000000000000000000]
specinterface_ln0      (specinterface    ) [ 00000000000000000000000000000000000000000000000]
specinterface_ln0      (specinterface    ) [ 00000000000000000000000000000000000000000000000]
empty_23               (wait             ) [ 00000000000000000000000000000000000000000000000]
sext_ln73              (sext             ) [ 00000111111111111111111111111111111111111111100]
add_ln55_8             (add              ) [ 00000111111111111111111111111111111111111111100]
add_ln55_10            (add              ) [ 00000111111111111111111111111111111111111111100]
add_ln55_12            (add              ) [ 00000111111111111111111111111111111111111111100]
add_ln55_14            (add              ) [ 00000111111111111111111111111111111111111111100]
add_ln55_16            (add              ) [ 00000111111111111111111111111111111111111111100]
add_ln55_18            (add              ) [ 00000111111111111111111111111111111111111111100]
add_ln55_20            (add              ) [ 00000111111111111111111111111111111111111111100]
add_ln55_22            (add              ) [ 00000111111111111111111111111111111111111111100]
add_ln55_24            (add              ) [ 00000111111111111111111111111111111111111111100]
add_ln55_26            (add              ) [ 00000111111111111111111111111111111111111111100]
add_ln55_28            (add              ) [ 00000111111111111111111111111111111111111111100]
add_ln55_30            (add              ) [ 00000111111111111111111111111111111111111111100]
add_ln55_32            (add              ) [ 00000111111111111111111111111111111111111111100]
add_ln55_34            (add              ) [ 00000111111111111111111111111111111111111111100]
add_ln55_36            (add              ) [ 00000111111111111111111111111111111111111111100]
add_ln55_38            (add              ) [ 00000111111111111111111111111111111111111111100]
br_ln50                (br               ) [ 00000000000000000000000000000000000000000000000]
r_1                    (load             ) [ 00000000000000000000000000000000000000000000000]
icmp_ln50              (icmp             ) [ 00000111111111111111111111111111111111111111100]
r_2                    (add              ) [ 00000011111111111111111111111111111111111110000]
br_ln50                (br               ) [ 00000000000000000000000000000000000000000000000]
rc_idx_load            (load             ) [ 00000011111111111111111111111111111111111000000]
zext_ln50              (zext             ) [ 00000000000000000000000000000000000000000000000]
add_ln55               (add              ) [ 00000010000000000000000000000000000000000000000]
add_ln55_9             (add              ) [ 00000011111111100000000000000000000000000000000]
add_ln55_11            (add              ) [ 00000011111111110000000000000000000000000000000]
add_ln55_13            (add              ) [ 00000011111111111000000000000000000000000000000]
add_ln55_15            (add              ) [ 00000011111111111100000000000000000000000000000]
add_ln55_17            (add              ) [ 00000011111111111110000000000000000000000000000]
add_ln55_19            (add              ) [ 00000011111111111111000000000000000000000000000]
add_ln55_21            (add              ) [ 00000011111111111111100000000000000000000000000]
add_ln55_23            (add              ) [ 00000011111111111111110000000000000000000000000]
add_ln55_25            (add              ) [ 00000011111111111111111000000000000000000000000]
add_ln55_27            (add              ) [ 00000011111111111111111100000000000000000000000]
add_ln55_29            (add              ) [ 00000011111111111111111110000000000000000000000]
add_ln55_31            (add              ) [ 00000011111111111111111111000000000000000000000]
add_ln55_33            (add              ) [ 00000011111111111111111111100000000000000000000]
add_ln55_35            (add              ) [ 00000011111111111111111111110000000000000000000]
add_ln55_37            (add              ) [ 00000011111111111111111111111000000000000000000]
add_ln55_39            (add              ) [ 00000011111111111111111111111100000000000000000]
tmp                    (partselect       ) [ 00000000000000000000000000000000000000000000000]
icmp                   (icmp             ) [ 00000000000000000000000000000000000000000000000]
tmp_1                  (bitselect        ) [ 00000000000000000000000000000000000000000000000]
or_ln62                (or               ) [ 00000011111111111111111111111111111111111110000]
p_0_0_01942_load_1     (load             ) [ 00000000000000000000000000000000000000000000010]
p_0_0_011_144_load_1   (load             ) [ 00000000000000000000000000000000000000000000010]
p_0_0_011_246_load_1   (load             ) [ 00000000000000000000000000000000000000000000010]
p_0_0_011_348_load_1   (load             ) [ 00000000000000000000000000000000000000000000010]
p_0_0_011_450_load_1   (load             ) [ 00000000000000000000000000000000000000000000010]
p_0_0_011_552_load_1   (load             ) [ 00000000000000000000000000000000000000000000010]
p_0_0_011_654_load_1   (load             ) [ 00000000000000000000000000000000000000000000010]
p_0_0_011_756_load_1   (load             ) [ 00000000000000000000000000000000000000000000010]
p_0_0_011_858_load_1   (load             ) [ 00000000000000000000000000000000000000000000010]
p_0_0_011_960_load_1   (load             ) [ 00000000000000000000000000000000000000000000010]
p_0_0_011_1062_load_1  (load             ) [ 00000000000000000000000000000000000000000000010]
p_0_0_011_1164_load_1  (load             ) [ 00000000000000000000000000000000000000000000010]
p_0_0_011_1266_load_1  (load             ) [ 00000000000000000000000000000000000000000000010]
p_0_0_011_1368_load_1  (load             ) [ 00000000000000000000000000000000000000000000010]
p_0_0_011_1470_load_1  (load             ) [ 00000000000000000000000000000000000000000000010]
p_0_0_011_1572_load_1  (load             ) [ 00000000000000000000000000000000000000000000010]
p_0_0_011_1674_load_1  (load             ) [ 00000000000000000000000000000000000000000000010]
p_0_0_011_1776_load_1  (load             ) [ 00000000000000000000000000000000000000000000010]
p_0_0_011_1878_load_1  (load             ) [ 00000000000000000000000000000000000000000000010]
p_0_0_011_1980_load_1  (load             ) [ 00000000000000000000000000000000000000000000010]
p_0_0_011_2082_load_1  (load             ) [ 00000000000000000000000000000000000000000000010]
p_0_0_011_2184_load_1  (load             ) [ 00000000000000000000000000000000000000000000010]
p_0_0_011_2286_load_1  (load             ) [ 00000000000000000000000000000000000000000000010]
p_0_0_011_2388_load_1  (load             ) [ 00000000000000000000000000000000000000000000010]
empty_24               (wait             ) [ 00000000000000000000000000000000000000000000000]
or_ln55                (or               ) [ 00000000000000000000000000000000000000000000000]
zext_ln55              (zext             ) [ 00000000000000000000000000000000000000000000000]
sext_ln55              (sext             ) [ 00000000000000000000000000000000000000000000000]
gmem_addr              (getelementptr    ) [ 00000001111111100000000000000000000000000000000]
add_ln55_1             (add              ) [ 00000001000000000000000000000000000000000000000]
or_ln55_1              (or               ) [ 00000000000000000000000000000000000000000000000]
zext_ln55_1            (zext             ) [ 00000000000000000000000000000000000000000000000]
sext_ln55_1            (sext             ) [ 00000000000000000000000000000000000000000000000]
gmem_addr_1            (getelementptr    ) [ 00000000111111110000000000000000000000000000000]
add_ln55_2             (add              ) [ 00000000100000000000000000000000000000000000000]
or_ln55_2              (or               ) [ 00000000000000000000000000000000000000000000000]
zext_ln55_2            (zext             ) [ 00000000000000000000000000000000000000000000000]
sext_ln55_2            (sext             ) [ 00000000000000000000000000000000000000000000000]
gmem_addr_2            (getelementptr    ) [ 00000000011111111000000000000000000000000000000]
add_ln55_3             (add              ) [ 00000000010000000000000000000000000000000000000]
or_ln55_3              (or               ) [ 00000000000000000000000000000000000000000000000]
zext_ln55_3            (zext             ) [ 00000000000000000000000000000000000000000000000]
sext_ln55_3            (sext             ) [ 00000000000000000000000000000000000000000000000]
gmem_addr_3            (getelementptr    ) [ 00000000001111111100000000000000000000000000000]
add_ln55_4             (add              ) [ 00000000001000000000000000000000000000000000000]
or_ln55_4              (or               ) [ 00000000000000000000000000000000000000000000000]
zext_ln55_4            (zext             ) [ 00000000000000000000000000000000000000000000000]
sext_ln55_4            (sext             ) [ 00000000000000000000000000000000000000000000000]
gmem_addr_4            (getelementptr    ) [ 00000000000111111110000000000000000000000000000]
add_ln55_5             (add              ) [ 00000000000100000000000000000000000000000000000]
or_ln55_5              (or               ) [ 00000000000000000000000000000000000000000000000]
zext_ln55_5            (zext             ) [ 00000000000000000000000000000000000000000000000]
sext_ln55_5            (sext             ) [ 00000000000000000000000000000000000000000000000]
gmem_addr_5            (getelementptr    ) [ 00000000000011111111000000000000000000000000000]
add_ln55_6             (add              ) [ 00000000000010000000000000000000000000000000000]
or_ln55_6              (or               ) [ 00000000000000000000000000000000000000000000000]
zext_ln55_6            (zext             ) [ 00000000000000000000000000000000000000000000000]
sext_ln55_6            (sext             ) [ 00000000000000000000000000000000000000000000000]
gmem_addr_6            (getelementptr    ) [ 00000000000001111111100000000000000000000000000]
add_ln55_7             (add              ) [ 00000000000001000000000000000000000000000000000]
gmem_load_req          (readreq          ) [ 00000000000000000000000000000000000000000000000]
sext_ln55_7            (sext             ) [ 00000000000000000000000000000000000000000000000]
gmem_addr_7            (getelementptr    ) [ 00000000000000111111110000000000000000000000000]
gmem_addr_read         (read             ) [ 00000000000000011000000000000000000000000000000]
gmem_load_1_req        (readreq          ) [ 00000000000000000000000000000000000000000000000]
sext_ln55_8            (sext             ) [ 00000000000000000000000000000000000000000000000]
gmem_addr_8            (getelementptr    ) [ 00000000000000011111111000000000000000000000000]
p_0_0_01942_load       (load             ) [ 00000000000000001000000000000000000000000000000]
gmem_addr_1_read       (read             ) [ 00000000000000001111111111111111111111110000000]
gmem_load_2_req        (readreq          ) [ 00000000000000000000000000000000000000000000000]
sext_ln55_9            (sext             ) [ 00000000000000000000000000000000000000000000000]
gmem_addr_9            (getelementptr    ) [ 00000000000000001111111100000000000000000000000]
gmem_addr_2_read       (read             ) [ 00000000000000000111111111111111111111110000000]
gmem_load_3_req        (readreq          ) [ 00000000000000000000000000000000000000000000000]
sext_ln55_10           (sext             ) [ 00000000000000000000000000000000000000000000000]
gmem_addr_10           (getelementptr    ) [ 00000000000000000111111110000000000000000000000]
add_ln6                (add              ) [ 00000000000000000100000000000000000000000000000]
gmem_addr_3_read       (read             ) [ 00000000000000000011111111111111111111110000000]
gmem_load_4_req        (readreq          ) [ 00000000000000000000000000000000000000000000000]
sext_ln55_11           (sext             ) [ 00000000000000000000000000000000000000000000000]
gmem_addr_11           (getelementptr    ) [ 00000000000000000011111111000000000000000000000]
icmp_ln7               (icmp             ) [ 00000000000000000000000000000000000000000000000]
add_ln7                (add              ) [ 00000000000000000000000000000000000000000000000]
select_ln7             (select           ) [ 00000000000000000011000000000000000000000000000]
gmem_addr_4_read       (read             ) [ 00000000000000000001111111111111111111110000000]
gmem_load_5_req        (readreq          ) [ 00000000000000000000000000000000000000000000000]
sext_ln55_12           (sext             ) [ 00000000000000000000000000000000000000000000000]
gmem_addr_12           (getelementptr    ) [ 00000000000000000001111111100000000000000000000]
gmem_addr_5_read       (read             ) [ 00000000000000000000111111111111111111110000000]
gmem_load_6_req        (readreq          ) [ 00000000000000000000000000000000000000000000000]
sext_ln55_13           (sext             ) [ 00000000000000000000000000000000000000000000000]
gmem_addr_13           (getelementptr    ) [ 00000000000000000000111111110000000000000000000]
ref_tmp28_assign_s     (call             ) [ 00000000000000000000111111111111111111111111100]
gmem_addr_6_read       (read             ) [ 00000000000000000000011111111111111111110000000]
gmem_load_7_req        (readreq          ) [ 00000000000000000000000000000000000000000000000]
sext_ln55_14           (sext             ) [ 00000000000000000000000000000000000000000000000]
gmem_addr_14           (getelementptr    ) [ 00000000000000000000011111111000000000000000000]
gmem_addr_7_read       (read             ) [ 00000000000000000000001111111111111111110000000]
gmem_load_8_req        (readreq          ) [ 00000000000000000000000000000000000000000000000]
sext_ln55_15           (sext             ) [ 00000000000000000000000000000000000000000000000]
gmem_addr_15           (getelementptr    ) [ 00000000000000000000001111111100000000000000000]
gmem_addr_8_read       (read             ) [ 00000000000000000000000111111111111111110000000]
gmem_load_9_req        (readreq          ) [ 00000000000000000000000000000000000000000000000]
sext_ln55_16           (sext             ) [ 00000000000000000000000000000000000000000000000]
gmem_addr_16           (getelementptr    ) [ 00000000000000000000000111111110000000000000000]
gmem_addr_9_read       (read             ) [ 00000000000000000000000011111111111111110000000]
gmem_load_10_req       (readreq          ) [ 00000000000000000000000000000000000000000000000]
sext_ln55_17           (sext             ) [ 00000000000000000000000000000000000000000000000]
gmem_addr_17           (getelementptr    ) [ 00000000000000000000000011111111000000000000000]
gmem_addr_10_read      (read             ) [ 00000000000000000000000001111111111111110000000]
gmem_load_11_req       (readreq          ) [ 00000000000000000000000000000000000000000000000]
sext_ln55_18           (sext             ) [ 00000000000000000000000000000000000000000000000]
gmem_addr_18           (getelementptr    ) [ 00000000000000000000000001111111100000000000000]
gmem_addr_11_read      (read             ) [ 00000000000000000000000000111111111111110000000]
gmem_load_12_req       (readreq          ) [ 00000000000000000000000000000000000000000000000]
sext_ln55_19           (sext             ) [ 00000000000000000000000000000000000000000000000]
gmem_addr_19           (getelementptr    ) [ 00000000000000000000000000111111110000000000000]
gmem_addr_12_read      (read             ) [ 00000000000000000000000000011111111111110000000]
gmem_load_13_req       (readreq          ) [ 00000000000000000000000000000000000000000000000]
sext_ln55_20           (sext             ) [ 00000000000000000000000000000000000000000000000]
gmem_addr_20           (getelementptr    ) [ 00000000000000000000000000011111111000000000000]
gmem_addr_13_read      (read             ) [ 00000000000000000000000000001111111111110000000]
gmem_load_14_req       (readreq          ) [ 00000000000000000000000000000000000000000000000]
sext_ln55_21           (sext             ) [ 00000000000000000000000000000000000000000000000]
gmem_addr_21           (getelementptr    ) [ 00000000000000000000000000001111111100000000000]
gmem_addr_14_read      (read             ) [ 00000000000000000000000000000111111111110000000]
gmem_load_15_req       (readreq          ) [ 00000000000000000000000000000000000000000000000]
sext_ln55_22           (sext             ) [ 00000000000000000000000000000000000000000000000]
gmem_addr_22           (getelementptr    ) [ 00000000000000000000000000000111111110000000000]
gmem_addr_15_read      (read             ) [ 00000000000000000000000000000011000000000000000]
gmem_load_16_req       (readreq          ) [ 00000000000000000000000000000000000000000000000]
sext_ln55_23           (sext             ) [ 00000000000000000000000000000000000000000000000]
gmem_addr_23           (getelementptr    ) [ 00000000000000000000000000000011111111000000000]
p_0_0_011_1572_load    (load             ) [ 00000000000000000000000000000001000000000000000]
gmem_addr_16_read      (read             ) [ 00000000000000000000000000000001100000000000000]
gmem_load_17_req       (readreq          ) [ 00000000000000000000000000000000000000000000000]
p_0_0_011_1674_load    (load             ) [ 00000000000000000000000000000000100000000000000]
gmem_addr_17_read      (read             ) [ 00000000000000000000000000000000111111110000000]
gmem_load_18_req       (readreq          ) [ 00000000000000000000000000000000000000000000000]
add_ln6_37             (add              ) [ 00000000000000000000000000000000100000000000000]
gmem_addr_18_read      (read             ) [ 00000000000000000000000000000000011111110000000]
gmem_load_19_req       (readreq          ) [ 00000000000000000000000000000000000000000000000]
icmp_ln7_38            (icmp             ) [ 00000000000000000000000000000000000000000000000]
add_ln7_38             (add              ) [ 00000000000000000000000000000000000000000000000]
select_ln7_15          (select           ) [ 00000000000000000000000000000000011111111111000]
add_ln6_38             (add              ) [ 00000000000000000000000000000000010000000000000]
gmem_addr_19_read      (read             ) [ 00000000000000000000000000000000001100000000000]
gmem_load_20_req       (readreq          ) [ 00000000000000000000000000000000000000000000000]
icmp_ln7_39            (icmp             ) [ 00000000000000000000000000000000000000000000000]
add_ln7_39             (add              ) [ 00000000000000000000000000000000000000000000000]
select_ln7_16          (select           ) [ 00000000000000000000000000000000001111111111000]
p_0_0_011_1980_load    (load             ) [ 00000000000000000000000000000000000100000000000]
gmem_addr_20_read      (read             ) [ 00000000000000000000000000000000000110000000000]
gmem_load_21_req       (readreq          ) [ 00000000000000000000000000000000000000000000000]
p_0_0_011_2082_load    (load             ) [ 00000000000000000000000000000000000010000000000]
gmem_addr_21_read      (read             ) [ 00000000000000000000000000000000000011000000000]
gmem_load_22_req       (readreq          ) [ 00000000000000000000000000000000000000000000000]
add_ln6_41             (add              ) [ 00000000000000000000000000000000000010000000000]
p_0_0_011_2184_load    (load             ) [ 00000000000000000000000000000000000001000000000]
gmem_addr_22_read      (read             ) [ 00000000000000000000000000000000000001100000000]
gmem_load_23_req       (readreq          ) [ 00000000000000000000000000000000000000000000000]
icmp_ln7_42            (icmp             ) [ 00000000000000000000000000000000000000000000000]
add_ln7_42             (add              ) [ 00000000000000000000000000000000000000000000000]
select_ln7_19          (select           ) [ 00000000000000000000000000000000000001111111000]
add_ln6_42             (add              ) [ 00000000000000000000000000000000000001000000000]
p_0_0_011_2286_load    (load             ) [ 00000000000000000000000000000000000000100000000]
gmem_addr_23_read      (read             ) [ 00000000000000000000000000000000000000110000000]
icmp_ln7_43            (icmp             ) [ 00000000000000000000000000000000000000000000000]
add_ln7_43             (add              ) [ 00000000000000000000000000000000000000000000000]
select_ln7_20          (select           ) [ 00000000000000000000000000000000000000111111000]
add_ln6_43             (add              ) [ 00000000000000000000000000000000000000100000000]
p_0_0_011_144_load     (load             ) [ 00000000000000000000000000000000000000010000000]
p_0_0_011_246_load     (load             ) [ 00000000000000000000000000000000000000010000000]
p_0_0_011_348_load     (load             ) [ 00000000000000000000000000000000000000010000000]
p_0_0_011_450_load     (load             ) [ 00000000000000000000000000000000000000010000000]
p_0_0_011_552_load     (load             ) [ 00000000000000000000000000000000000000010000000]
p_0_0_011_654_load     (load             ) [ 00000000000000000000000000000000000000010000000]
p_0_0_011_756_load     (load             ) [ 00000000000000000000000000000000000000010000000]
p_0_0_011_858_load     (load             ) [ 00000000000000000000000000000000000000010000000]
p_0_0_011_960_load     (load             ) [ 00000000000000000000000000000000000000010000000]
p_0_0_011_1062_load    (load             ) [ 00000000000000000000000000000000000000010000000]
p_0_0_011_1164_load    (load             ) [ 00000000000000000000000000000000000000010000000]
p_0_0_011_1266_load    (load             ) [ 00000000000000000000000000000000000000010000000]
p_0_0_011_1368_load    (load             ) [ 00000000000000000000000000000000000000010000000]
p_0_0_011_1470_load    (load             ) [ 00000000000000000000000000000000000000010000000]
p_0_0_011_1776_load    (load             ) [ 00000000000000000000000000000000000000010000000]
p_0_0_011_1878_load    (load             ) [ 00000000000000000000000000000000000000010000000]
p_0_0_011_2388_load    (load             ) [ 00000000000000000000000000000000000000010000000]
icmp_ln7_44            (icmp             ) [ 00000000000000000000000000000000000000000000000]
add_ln7_44             (add              ) [ 00000000000000000000000000000000000000000000000]
select_ln7_21          (select           ) [ 00000000000000000000000000000000000000011111000]
add_ln6_44             (add              ) [ 00000000000000000000000000000000000000010000000]
add_ln6_23             (add              ) [ 00000000000000000000000000000000000000001000000]
add_ln6_24             (add              ) [ 00000000000000000000000000000000000000001000000]
add_ln6_25             (add              ) [ 00000000000000000000000000000000000000001000000]
add_ln6_26             (add              ) [ 00000000000000000000000000000000000000001000000]
add_ln6_27             (add              ) [ 00000000000000000000000000000000000000001000000]
add_ln6_28             (add              ) [ 00000000000000000000000000000000000000001000000]
add_ln6_29             (add              ) [ 00000000000000000000000000000000000000001000000]
add_ln6_30             (add              ) [ 00000000000000000000000000000000000000001000000]
add_ln6_31             (add              ) [ 00000000000000000000000000000000000000001000000]
add_ln6_32             (add              ) [ 00000000000000000000000000000000000000001000000]
add_ln6_33             (add              ) [ 00000000000000000000000000000000000000001000000]
add_ln6_34             (add              ) [ 00000000000000000000000000000000000000001000000]
add_ln6_35             (add              ) [ 00000000000000000000000000000000000000001000000]
add_ln6_36             (add              ) [ 00000000000000000000000000000000000000001000000]
add_ln6_39             (add              ) [ 00000000000000000000000000000000000000001000000]
add_ln6_40             (add              ) [ 00000000000000000000000000000000000000001000000]
icmp_ln7_45            (icmp             ) [ 00000000000000000000000000000000000000000000000]
add_ln7_45             (add              ) [ 00000000000000000000000000000000000000000000000]
select_ln7_22          (select           ) [ 00000000000000000000000000000000000000001111000]
add_ln6_45             (add              ) [ 00000000000000000000000000000000000000001000000]
speclooptripcount_ln50 (speclooptripcount) [ 00000000000000000000000000000000000000000000000]
specloopname_ln50      (specloopname     ) [ 00000000000000000000000000000000000000000000000]
icmp_ln7_24            (icmp             ) [ 00000000000000000000000000000000000000000000000]
add_ln7_24             (add              ) [ 00000000000000000000000000000000000000000000000]
select_ln7_1           (select           ) [ 00000111111111111111111111111111111111111111100]
icmp_ln7_25            (icmp             ) [ 00000000000000000000000000000000000000000000000]
add_ln7_25             (add              ) [ 00000000000000000000000000000000000000000000000]
select_ln7_2           (select           ) [ 00000111111111111111111111111111111111111111100]
icmp_ln7_26            (icmp             ) [ 00000000000000000000000000000000000000000000000]
add_ln7_26             (add              ) [ 00000000000000000000000000000000000000000000000]
select_ln7_3           (select           ) [ 00000111111111111111111111111111111111111111100]
icmp_ln7_27            (icmp             ) [ 00000000000000000000000000000000000000000000000]
add_ln7_27             (add              ) [ 00000000000000000000000000000000000000000000000]
select_ln7_4           (select           ) [ 00000111111111111111111111111111111111111111100]
icmp_ln7_28            (icmp             ) [ 00000000000000000000000000000000000000000000000]
add_ln7_28             (add              ) [ 00000000000000000000000000000000000000000000000]
select_ln7_5           (select           ) [ 00000111111111111111111111111111111111111111100]
icmp_ln7_29            (icmp             ) [ 00000000000000000000000000000000000000000000000]
add_ln7_29             (add              ) [ 00000000000000000000000000000000000000000000000]
select_ln7_6           (select           ) [ 00000111111111111111111111111111111111111111100]
icmp_ln7_30            (icmp             ) [ 00000000000000000000000000000000000000000000000]
add_ln7_30             (add              ) [ 00000000000000000000000000000000000000000000000]
select_ln7_7           (select           ) [ 00000111111111111111111111111111111111111111100]
icmp_ln7_31            (icmp             ) [ 00000000000000000000000000000000000000000000000]
add_ln7_31             (add              ) [ 00000000000000000000000000000000000000000000000]
select_ln7_8           (select           ) [ 00000111111111111111111111111111111111111111100]
icmp_ln7_32            (icmp             ) [ 00000000000000000000000000000000000000000000000]
add_ln7_32             (add              ) [ 00000000000000000000000000000000000000000000000]
select_ln7_9           (select           ) [ 00000111111111111111111111111111111111111111100]
icmp_ln7_33            (icmp             ) [ 00000000000000000000000000000000000000000000000]
add_ln7_33             (add              ) [ 00000000000000000000000000000000000000000000000]
select_ln7_10          (select           ) [ 00000111111111111111111111111111111111111111100]
icmp_ln7_34            (icmp             ) [ 00000000000000000000000000000000000000000000000]
add_ln7_34             (add              ) [ 00000000000000000000000000000000000000000000000]
select_ln7_11          (select           ) [ 00000111111111111111111111111111111111111111100]
icmp_ln7_35            (icmp             ) [ 00000000000000000000000000000000000000000000000]
add_ln7_35             (add              ) [ 00000000000000000000000000000000000000000000000]
select_ln7_12          (select           ) [ 00000111111111111111111111111111111111111111100]
icmp_ln7_36            (icmp             ) [ 00000000000000000000000000000000000000000000000]
add_ln7_36             (add              ) [ 00000000000000000000000000000000000000000000000]
select_ln7_13          (select           ) [ 00000111111111111111111111111111111111111111100]
icmp_ln7_37            (icmp             ) [ 00000000000000000000000000000000000000000000000]
add_ln7_37             (add              ) [ 00000000000000000000000000000000000000000000000]
select_ln7_14          (select           ) [ 00000111111111111111111111111111111111111111100]
icmp_ln7_40            (icmp             ) [ 00000000000000000000000000000000000000000000000]
add_ln7_40             (add              ) [ 00000000000000000000000000000000000000000000000]
select_ln7_17          (select           ) [ 00000111111111111111111111111111111111111111100]
icmp_ln7_41            (icmp             ) [ 00000000000000000000000000000000000000000000000]
add_ln7_41             (add              ) [ 00000000000000000000000000000000000000000000000]
select_ln7_18          (select           ) [ 00000111111111111111111111111111111111111111100]
add_ln55_40            (add              ) [ 00000000000000000000000000000000000000000110000]
icmp_ln7_46            (icmp             ) [ 00000000000000000000000000000000000000000000000]
add_ln7_46             (add              ) [ 00000000000000000000000000000000000000000000000]
select_ln7_23          (select           ) [ 00000111111111111111111111111111111111111111100]
br_ln62                (br               ) [ 00000111111111111111111111111111111111111111100]
ref_tmp28_assign_1     (call             ) [ 00000000000000000000000000000000000000000000000]
zext_ln63              (zext             ) [ 00000111111111111111111111111111111111111111100]
ref_tmp28_assign_2     (call             ) [ 00000000000000000000000000000000000000000000000]
zext_ln63_1            (zext             ) [ 00000111111111111111111111111111111111111111100]
ref_tmp28_assign_3     (call             ) [ 00000000000000000000000000000000000000000000000]
zext_ln63_2            (zext             ) [ 00000111111111111111111111111111111111111111100]
ref_tmp28_assign_4     (call             ) [ 00000000000000000000000000000000000000000000000]
zext_ln63_3            (zext             ) [ 00000111111111111111111111111111111111111111100]
ref_tmp28_assign_5     (call             ) [ 00000000000000000000000000000000000000000000000]
zext_ln63_4            (zext             ) [ 00000111111111111111111111111111111111111111100]
ref_tmp28_assign_6     (call             ) [ 00000000000000000000000000000000000000000000000]
zext_ln63_5            (zext             ) [ 00000111111111111111111111111111111111111111100]
ref_tmp28_assign_7     (call             ) [ 00000000000000000000000000000000000000000000000]
zext_ln63_6            (zext             ) [ 00000111111111111111111111111111111111111111100]
ref_tmp28_assign_8     (call             ) [ 00000000000000000000000000000000000000000000000]
zext_ln63_7            (zext             ) [ 00000111111111111111111111111111111111111111100]
ref_tmp28_assign_9     (call             ) [ 00000000000000000000000000000000000000000000000]
zext_ln63_8            (zext             ) [ 00000111111111111111111111111111111111111111100]
ref_tmp28_assign_10    (call             ) [ 00000000000000000000000000000000000000000000000]
zext_ln63_9            (zext             ) [ 00000111111111111111111111111111111111111111100]
ref_tmp28_assign_11    (call             ) [ 00000000000000000000000000000000000000000000000]
zext_ln63_10           (zext             ) [ 00000111111111111111111111111111111111111111100]
ref_tmp28_assign_12    (call             ) [ 00000000000000000000000000000000000000000000000]
zext_ln63_11           (zext             ) [ 00000111111111111111111111111111111111111111100]
ref_tmp28_assign_13    (call             ) [ 00000000000000000000000000000000000000000000000]
zext_ln63_12           (zext             ) [ 00000111111111111111111111111111111111111111100]
ref_tmp28_assign_14    (call             ) [ 00000000000000000000000000000000000000000000000]
zext_ln63_13           (zext             ) [ 00000111111111111111111111111111111111111111100]
ref_tmp28_assign_15    (call             ) [ 00000000000000000000000000000000000000000000000]
zext_ln63_14           (zext             ) [ 00000111111111111111111111111111111111111111100]
ref_tmp28_assign_16    (call             ) [ 00000000000000000000000000000000000000000000000]
zext_ln63_15           (zext             ) [ 00000111111111111111111111111111111111111111100]
ref_tmp28_assign_17    (call             ) [ 00000000000000000000000000000000000000000000000]
zext_ln63_16           (zext             ) [ 00000111111111111111111111111111111111111111100]
ref_tmp28_assign_18    (call             ) [ 00000000000000000000000000000000000000000000000]
zext_ln63_17           (zext             ) [ 00000111111111111111111111111111111111111111100]
ref_tmp28_assign_19    (call             ) [ 00000000000000000000000000000000000000000000000]
zext_ln63_18           (zext             ) [ 00000111111111111111111111111111111111111111100]
ref_tmp28_assign_20    (call             ) [ 00000000000000000000000000000000000000000000000]
zext_ln63_19           (zext             ) [ 00000111111111111111111111111111111111111111100]
ref_tmp28_assign_21    (call             ) [ 00000000000000000000000000000000000000000000000]
zext_ln63_20           (zext             ) [ 00000111111111111111111111111111111111111111100]
ref_tmp28_assign_22    (call             ) [ 00000000000000000000000000000000000000000000000]
zext_ln63_21           (zext             ) [ 00000111111111111111111111111111111111111111100]
ref_tmp28_assign_23    (call             ) [ 00000000000000000000000000000000000000000000000]
zext_ln64              (zext             ) [ 00000111111111111111111111111111111111111111100]
br_ln64                (br               ) [ 00000111111111111111111111111111111111111111100]
store_ln49             (store            ) [ 00000000000000000000000000000000000000000000000]
store_ln50             (store            ) [ 00000000000000000000000000000000000000000000000]
p_0_0_011_2387         (phi              ) [ 00000000000000000000000000000000000000000001100]
p_0_0_011_2285         (phi              ) [ 00000000000000000000000000000000000000000001100]
p_0_0_011_2183         (phi              ) [ 00000000000000000000000000000000000000000001100]
p_0_0_011_2081         (phi              ) [ 00000000000000000000000000000000000000000001100]
p_0_0_011_1979         (phi              ) [ 00000000000000000000000000000000000000000001100]
p_0_0_011_1877         (phi              ) [ 00000000000000000000000000000000000000000001100]
p_0_0_011_1775         (phi              ) [ 00000000000000000000000000000000000000000001100]
p_0_0_011_1673         (phi              ) [ 00000000000000000000000000000000000000000001100]
p_0_0_011_1571         (phi              ) [ 00000000000000000000000000000000000000000001100]
p_0_0_011_1469         (phi              ) [ 00000000000000000000000000000000000000000001100]
p_0_0_011_1367         (phi              ) [ 00000000000000000000000000000000000000000001100]
p_0_0_011_1265         (phi              ) [ 00000000000000000000000000000000000000000001100]
p_0_0_011_1163         (phi              ) [ 00000000000000000000000000000000000000000001100]
p_0_0_011_1061         (phi              ) [ 00000000000000000000000000000000000000000001100]
p_0_0_011_959          (phi              ) [ 00000000000000000000000000000000000000000001100]
p_0_0_011_857          (phi              ) [ 00000000000000000000000000000000000000000001100]
p_0_0_011_755          (phi              ) [ 00000000000000000000000000000000000000000001100]
p_0_0_011_653          (phi              ) [ 00000000000000000000000000000000000000000001100]
p_0_0_011_551          (phi              ) [ 00000000000000000000000000000000000000000001100]
p_0_0_011_449          (phi              ) [ 00000000000000000000000000000000000000000001100]
p_0_0_011_347          (phi              ) [ 00000000000000000000000000000000000000000001100]
p_0_0_011_245          (phi              ) [ 00000000000000000000000000000000000000000001100]
p_0_0_011_143          (phi              ) [ 00000000000000000000000000000000000000000001100]
call_ln73              (call             ) [ 00000000000000000000000000000000000000000000000]
br_ln50                (br               ) [ 00000000000000000000000000000000000000000000000]
call_ln0               (call             ) [ 00000000000000000000000000000000000000000000000]
ret_ln100              (ret              ) [ 00000000000000000000000000000000000000000000000]
</LifeTime>

<model>

<comp_list>
<comp id="0" class="1000" name="gmem">
<pin_list>
<pin id="1" dir="1" index="0" bw="1" slack="0"/>
</pin_list>
<bind>
<StgValue><ssdm name="gmem"/></StgValue>
</bind>
</comp>

<comp id="2" class="1000" name="in_stream">
<pin_list>
<pin id="3" dir="1" index="0" bw="1" slack="0"/>
</pin_list>
<bind>
<StgValue><ssdm name="in_stream"/></StgValue>
</bind>
</comp>

<comp id="4" class="1000" name="out_stream">
<pin_list>
<pin id="5" dir="1" index="0" bw="1" slack="0"/>
</pin_list>
<bind>
<StgValue><ssdm name="out_stream"/></StgValue>
</bind>
</comp>

<comp id="6" class="1000" name="round_constants">
<pin_list>
<pin id="7" dir="1" index="0" bw="1" slack="0"/>
</pin_list>
<bind>
<StgValue><ssdm name="round_constants"/></StgValue>
</bind>
</comp>

<comp id="8" class="1000" name="mds_matrix">
<pin_list>
<pin id="9" dir="1" index="0" bw="1" slack="0"/>
</pin_list>
<bind>
<StgValue><ssdm name="mds_matrix"/></StgValue>
</bind>
</comp>

<comp id="10" class="1001" name="const_10">
<pin_list>
<pin id="11" dir="1" index="0" bw="1" slack="0"/>
</pin_list>
<bind>
<StgValue><ssdm name=""/></StgValue>
</bind>
</comp>

<comp id="12" class="1001" name="const_12">
<pin_list>
<pin id="13" dir="1" index="0" bw="1" slack="0"/>
</pin_list>
<bind>
<StgValue><ssdm name="_ssdm_op_Read.s_axilite.i64"/></StgValue>
</bind>
</comp>

<comp id="14" class="1001" name="const_14">
<pin_list>
<pin id="15" dir="1" index="0" bw="1" slack="0"/>
</pin_list>
<bind>
<StgValue><ssdm name="_ssdm_op_PartSelect.i59.i64.i32.i32"/></StgValue>
</bind>
</comp>

<comp id="16" class="1001" name="const_16">
<pin_list>
<pin id="17" dir="1" index="0" bw="1" slack="0"/>
</pin_list>
<bind>
<StgValue><ssdm name=""/></StgValue>
</bind>
</comp>

<comp id="18" class="1001" name="const_18">
<pin_list>
<pin id="19" dir="1" index="0" bw="1" slack="0"/>
</pin_list>
<bind>
<StgValue><ssdm name=""/></StgValue>
</bind>
</comp>

<comp id="20" class="1001" name="const_20">
<pin_list>
<pin id="21" dir="1" index="0" bw="1" slack="0"/>
</pin_list>
<bind>
<StgValue><ssdm name=""/></StgValue>
</bind>
</comp>

<comp id="22" class="1001" name="const_22">
<pin_list>
<pin id="23" dir="1" index="0" bw="1" slack="0"/>
</pin_list>
<bind>
<StgValue><ssdm name=""/></StgValue>
</bind>
</comp>

<comp id="24" class="1001" name="const_24">
<pin_list>
<pin id="25" dir="1" index="0" bw="1" slack="2147483647"/>
</pin_list>
<bind>
<StgValue><ssdm name="_ssdm_op_Wait"/></StgValue>
</bind>
</comp>

<comp id="26" class="1001" name="const_26">
<pin_list>
<pin id="27" dir="1" index="0" bw="1" slack="0"/>
</pin_list>
<bind>
<StgValue><ssdm name="poseidon_top_Pipeline_VITIS_LOOP_42_1"/></StgValue>
</bind>
</comp>

<comp id="28" class="1001" name="const_28">
<pin_list>
<pin id="29" dir="1" index="0" bw="1" slack="2147483647"/>
</pin_list>
<bind>
<StgValue><ssdm name="_ssdm_op_SpecTopModule"/></StgValue>
</bind>
</comp>

<comp id="30" class="1001" name="const_30">
<pin_list>
<pin id="31" dir="1" index="0" bw="1" slack="2147483647"/>
</pin_list>
<bind>
<StgValue><ssdm name="empty_15"/></StgValue>
</bind>
</comp>

<comp id="32" class="1001" name="const_32">
<pin_list>
<pin id="33" dir="1" index="0" bw="1" slack="2147483647"/>
</pin_list>
<bind>
<StgValue><ssdm name="_ssdm_op_SpecInterface"/></StgValue>
</bind>
</comp>

<comp id="34" class="1001" name="const_34">
<pin_list>
<pin id="35" dir="1" index="0" bw="1" slack="2147483647"/>
</pin_list>
<bind>
<StgValue><ssdm name="empty_2"/></StgValue>
</bind>
</comp>

<comp id="36" class="1001" name="const_36">
<pin_list>
<pin id="37" dir="1" index="0" bw="1" slack="2147483647"/>
</pin_list>
<bind>
<StgValue><ssdm name=""/></StgValue>
</bind>
</comp>

<comp id="38" class="1001" name="const_38">
<pin_list>
<pin id="39" dir="1" index="0" bw="1" slack="2147483647"/>
</pin_list>
<bind>
<StgValue><ssdm name="empty_3"/></StgValue>
</bind>
</comp>

<comp id="40" class="1001" name="const_40">
<pin_list>
<pin id="41" dir="1" index="0" bw="1" slack="2147483647"/>
</pin_list>
<bind>
<StgValue><ssdm name="empty_4"/></StgValue>
</bind>
</comp>

<comp id="42" class="1001" name="const_42">
<pin_list>
<pin id="43" dir="1" index="0" bw="1" slack="2147483647"/>
</pin_list>
<bind>
<StgValue><ssdm name="empty_5"/></StgValue>
</bind>
</comp>

<comp id="44" class="1001" name="const_44">
<pin_list>
<pin id="45" dir="1" index="0" bw="1" slack="2147483647"/>
</pin_list>
<bind>
<StgValue><ssdm name=""/></StgValue>
</bind>
</comp>

<comp id="46" class="1001" name="const_46">
<pin_list>
<pin id="47" dir="1" index="0" bw="1" slack="2147483647"/>
</pin_list>
<bind>
<StgValue><ssdm name=""/></StgValue>
</bind>
</comp>

<comp id="48" class="1001" name="const_48">
<pin_list>
<pin id="49" dir="1" index="0" bw="1" slack="2147483647"/>
</pin_list>
<bind>
<StgValue><ssdm name="_ssdm_op_SpecBitsMap"/></StgValue>
</bind>
</comp>

<comp id="50" class="1001" name="const_50">
<pin_list>
<pin id="51" dir="1" index="0" bw="1" slack="2147483647"/>
</pin_list>
<bind>
<StgValue><ssdm name="empty_6"/></StgValue>
</bind>
</comp>

<comp id="52" class="1001" name="const_52">
<pin_list>
<pin id="53" dir="1" index="0" bw="1" slack="2147483647"/>
</pin_list>
<bind>
<StgValue><ssdm name="empty"/></StgValue>
</bind>
</comp>

<comp id="54" class="1001" name="const_54">
<pin_list>
<pin id="55" dir="1" index="0" bw="1" slack="2147483647"/>
</pin_list>
<bind>
<StgValue><ssdm name="empty_1"/></StgValue>
</bind>
</comp>

<comp id="56" class="1001" name="const_56">
<pin_list>
<pin id="57" dir="1" index="0" bw="1" slack="2147483647"/>
</pin_list>
<bind>
<StgValue><ssdm name="empty_8"/></StgValue>
</bind>
</comp>

<comp id="58" class="1001" name="const_58">
<pin_list>
<pin id="59" dir="1" index="0" bw="1" slack="2147483647"/>
</pin_list>
<bind>
<StgValue><ssdm name="empty_11"/></StgValue>
</bind>
</comp>

<comp id="60" class="1001" name="const_60">
<pin_list>
<pin id="61" dir="1" index="0" bw="1" slack="2147483647"/>
</pin_list>
<bind>
<StgValue><ssdm name="empty_12"/></StgValue>
</bind>
</comp>

<comp id="62" class="1001" name="const_62">
<pin_list>
<pin id="63" dir="1" index="0" bw="1" slack="2147483647"/>
</pin_list>
<bind>
<StgValue><ssdm name="empty_13"/></StgValue>
</bind>
</comp>

<comp id="64" class="1001" name="const_64">
<pin_list>
<pin id="65" dir="1" index="0" bw="1" slack="2147483647"/>
</pin_list>
<bind>
<StgValue><ssdm name="empty_14"/></StgValue>
</bind>
</comp>

<comp id="66" class="1001" name="const_66">
<pin_list>
<pin id="67" dir="1" index="0" bw="1" slack="0"/>
</pin_list>
<bind>
<StgValue><ssdm name=""/></StgValue>
</bind>
</comp>

<comp id="68" class="1001" name="const_68">
<pin_list>
<pin id="69" dir="1" index="0" bw="1" slack="0"/>
</pin_list>
<bind>
<StgValue><ssdm name=""/></StgValue>
</bind>
</comp>

<comp id="70" class="1001" name="const_70">
<pin_list>
<pin id="71" dir="1" index="0" bw="1" slack="0"/>
</pin_list>
<bind>
<StgValue><ssdm name=""/></StgValue>
</bind>
</comp>

<comp id="72" class="1001" name="const_72">
<pin_list>
<pin id="73" dir="1" index="0" bw="1" slack="0"/>
</pin_list>
<bind>
<StgValue><ssdm name=""/></StgValue>
</bind>
</comp>

<comp id="74" class="1001" name="const_74">
<pin_list>
<pin id="75" dir="1" index="0" bw="1" slack="0"/>
</pin_list>
<bind>
<StgValue><ssdm name=""/></StgValue>
</bind>
</comp>

<comp id="76" class="1001" name="const_76">
<pin_list>
<pin id="77" dir="1" index="0" bw="1" slack="0"/>
</pin_list>
<bind>
<StgValue><ssdm name=""/></StgValue>
</bind>
</comp>

<comp id="78" class="1001" name="const_78">
<pin_list>
<pin id="79" dir="1" index="0" bw="1" slack="0"/>
</pin_list>
<bind>
<StgValue><ssdm name=""/></StgValue>
</bind>
</comp>

<comp id="80" class="1001" name="const_80">
<pin_list>
<pin id="81" dir="1" index="0" bw="1" slack="0"/>
</pin_list>
<bind>
<StgValue><ssdm name=""/></StgValue>
</bind>
</comp>

<comp id="82" class="1001" name="const_82">
<pin_list>
<pin id="83" dir="1" index="0" bw="1" slack="0"/>
</pin_list>
<bind>
<StgValue><ssdm name=""/></StgValue>
</bind>
</comp>

<comp id="84" class="1001" name="const_84">
<pin_list>
<pin id="85" dir="1" index="0" bw="1" slack="0"/>
</pin_list>
<bind>
<StgValue><ssdm name=""/></StgValue>
</bind>
</comp>

<comp id="86" class="1001" name="const_86">
<pin_list>
<pin id="87" dir="1" index="0" bw="1" slack="0"/>
</pin_list>
<bind>
<StgValue><ssdm name=""/></StgValue>
</bind>
</comp>

<comp id="88" class="1001" name="const_88">
<pin_list>
<pin id="89" dir="1" index="0" bw="1" slack="0"/>
</pin_list>
<bind>
<StgValue><ssdm name=""/></StgValue>
</bind>
</comp>

<comp id="90" class="1001" name="const_90">
<pin_list>
<pin id="91" dir="1" index="0" bw="1" slack="0"/>
</pin_list>
<bind>
<StgValue><ssdm name=""/></StgValue>
</bind>
</comp>

<comp id="92" class="1001" name="const_92">
<pin_list>
<pin id="93" dir="1" index="0" bw="1" slack="0"/>
</pin_list>
<bind>
<StgValue><ssdm name=""/></StgValue>
</bind>
</comp>

<comp id="94" class="1001" name="const_94">
<pin_list>
<pin id="95" dir="1" index="0" bw="1" slack="0"/>
</pin_list>
<bind>
<StgValue><ssdm name=""/></StgValue>
</bind>
</comp>

<comp id="96" class="1001" name="const_96">
<pin_list>
<pin id="97" dir="1" index="0" bw="1" slack="0"/>
</pin_list>
<bind>
<StgValue><ssdm name=""/></StgValue>
</bind>
</comp>

<comp id="98" class="1001" name="const_98">
<pin_list>
<pin id="99" dir="1" index="0" bw="1" slack="0"/>
</pin_list>
<bind>
<StgValue><ssdm name=""/></StgValue>
</bind>
</comp>

<comp id="100" class="1001" name="const_100">
<pin_list>
<pin id="101" dir="1" index="0" bw="1" slack="0"/>
</pin_list>
<bind>
<StgValue><ssdm name=""/></StgValue>
</bind>
</comp>

<comp id="102" class="1001" name="const_102">
<pin_list>
<pin id="103" dir="1" index="0" bw="1" slack="0"/>
</pin_list>
<bind>
<StgValue><ssdm name="_ssdm_op_PartSelect.i5.i7.i32.i32"/></StgValue>
</bind>
</comp>

<comp id="104" class="1001" name="const_104">
<pin_list>
<pin id="105" dir="1" index="0" bw="1" slack="0"/>
</pin_list>
<bind>
<StgValue><ssdm name=""/></StgValue>
</bind>
</comp>

<comp id="106" class="1001" name="const_106">
<pin_list>
<pin id="107" dir="1" index="0" bw="1" slack="0"/>
</pin_list>
<bind>
<StgValue><ssdm name=""/></StgValue>
</bind>
</comp>

<comp id="108" class="1001" name="const_108">
<pin_list>
<pin id="109" dir="1" index="0" bw="1" slack="0"/>
</pin_list>
<bind>
<StgValue><ssdm name=""/></StgValue>
</bind>
</comp>

<comp id="110" class="1001" name="const_110">
<pin_list>
<pin id="111" dir="1" index="0" bw="1" slack="0"/>
</pin_list>
<bind>
<StgValue><ssdm name="_ssdm_op_BitSelect.i1.i7.i32"/></StgValue>
</bind>
</comp>

<comp id="112" class="1001" name="const_112">
<pin_list>
<pin id="113" dir="1" index="0" bw="1" slack="0"/>
</pin_list>
<bind>
<StgValue><ssdm name="poseidon_top_Pipeline_VITIS_LOOP_92_3"/></StgValue>
</bind>
</comp>

<comp id="114" class="1001" name="const_114">
<pin_list>
<pin id="115" dir="1" index="0" bw="1" slack="0"/>
</pin_list>
<bind>
<StgValue><ssdm name=""/></StgValue>
</bind>
</comp>

<comp id="116" class="1001" name="const_116">
<pin_list>
<pin id="117" dir="1" index="0" bw="1" slack="0"/>
</pin_list>
<bind>
<StgValue><ssdm name="_ssdm_op_ReadReq.m_axi.i256P1A"/></StgValue>
</bind>
</comp>

<comp id="118" class="1001" name="const_118">
<pin_list>
<pin id="119" dir="1" index="0" bw="1" slack="0"/>
</pin_list>
<bind>
<StgValue><ssdm name=""/></StgValue>
</bind>
</comp>

<comp id="120" class="1001" name="const_120">
<pin_list>
<pin id="121" dir="1" index="0" bw="1" slack="0"/>
</pin_list>
<bind>
<StgValue><ssdm name=""/></StgValue>
</bind>
</comp>

<comp id="122" class="1001" name="const_122">
<pin_list>
<pin id="123" dir="1" index="0" bw="1" slack="0"/>
</pin_list>
<bind>
<StgValue><ssdm name=""/></StgValue>
</bind>
</comp>

<comp id="124" class="1001" name="const_124">
<pin_list>
<pin id="125" dir="1" index="0" bw="1" slack="0"/>
</pin_list>
<bind>
<StgValue><ssdm name=""/></StgValue>
</bind>
</comp>

<comp id="126" class="1001" name="const_126">
<pin_list>
<pin id="127" dir="1" index="0" bw="1" slack="0"/>
</pin_list>
<bind>
<StgValue><ssdm name=""/></StgValue>
</bind>
</comp>

<comp id="128" class="1001" name="const_128">
<pin_list>
<pin id="129" dir="1" index="0" bw="1" slack="0"/>
</pin_list>
<bind>
<StgValue><ssdm name=""/></StgValue>
</bind>
</comp>

<comp id="130" class="1001" name="const_130">
<pin_list>
<pin id="131" dir="1" index="0" bw="1" slack="0"/>
</pin_list>
<bind>
<StgValue><ssdm name="_ssdm_op_Read.m_axi.i256P1A"/></StgValue>
</bind>
</comp>

<comp id="132" class="1001" name="const_132">
<pin_list>
<pin id="133" dir="1" index="0" bw="1" slack="0"/>
</pin_list>
<bind>
<StgValue><ssdm name=""/></StgValue>
</bind>
</comp>

<comp id="134" class="1001" name="const_134">
<pin_list>
<pin id="135" dir="1" index="0" bw="1" slack="0"/>
</pin_list>
<bind>
<StgValue><ssdm name=""/></StgValue>
</bind>
</comp>

<comp id="136" class="1001" name="const_136">
<pin_list>
<pin id="137" dir="1" index="0" bw="1" slack="0"/>
</pin_list>
<bind>
<StgValue><ssdm name="sbox_quintic"/></StgValue>
</bind>
</comp>

<comp id="138" class="1001" name="const_138">
<pin_list>
<pin id="139" dir="1" index="0" bw="1" slack="2147483647"/>
</pin_list>
<bind>
<StgValue><ssdm name="_ssdm_op_SpecLoopTripCount"/></StgValue>
</bind>
</comp>

<comp id="140" class="1001" name="const_140">
<pin_list>
<pin id="141" dir="1" index="0" bw="1" slack="2147483647"/>
</pin_list>
<bind>
<StgValue><ssdm name=""/></StgValue>
</bind>
</comp>

<comp id="142" class="1001" name="const_142">
<pin_list>
<pin id="143" dir="1" index="0" bw="1" slack="2147483647"/>
</pin_list>
<bind>
<StgValue><ssdm name="_ssdm_op_SpecLoopName"/></StgValue>
</bind>
</comp>

<comp id="144" class="1001" name="const_144">
<pin_list>
<pin id="145" dir="1" index="0" bw="1" slack="2147483647"/>
</pin_list>
<bind>
<StgValue><ssdm name="empty_0"/></StgValue>
</bind>
</comp>

<comp id="146" class="1001" name="const_146">
<pin_list>
<pin id="147" dir="1" index="0" bw="1" slack="0"/>
</pin_list>
<bind>
<StgValue><ssdm name=""/></StgValue>
</bind>
</comp>

<comp id="148" class="1001" name="const_148">
<pin_list>
<pin id="149" dir="1" index="0" bw="1" slack="0"/>
</pin_list>
<bind>
<StgValue><ssdm name="poseidon_top_Pipeline_mds_row"/></StgValue>
</bind>
</comp>

<comp id="150" class="1004" name="r_fu_150">
<pin_list>
<pin id="151" dir="0" index="0" bw="1" slack="0"/>
<pin id="152" dir="1" index="1" bw="7" slack="0"/>
</pin_list>
<bind>
<opcode="alloca(26) " fcode="alloca"/>
<opset="r/1 "/>
</bind>
</comp>

<comp id="154" class="1004" name="p_0_0_01942_fu_154">
<pin_list>
<pin id="155" dir="0" index="0" bw="1" slack="0"/>
<pin id="156" dir="1" index="1" bw="256" slack="1"/>
</pin_list>
<bind>
<opcode="alloca(26) " fcode="alloca"/>
<opset="p_0_0_01942/1 "/>
</bind>
</comp>

<comp id="158" class="1004" name="p_0_0_011_144_fu_158">
<pin_list>
<pin id="159" dir="0" index="0" bw="1" slack="0"/>
<pin id="160" dir="1" index="1" bw="256" slack="1"/>
</pin_list>
<bind>
<opcode="alloca(26) " fcode="alloca"/>
<opset="p_0_0_011_144/1 "/>
</bind>
</comp>

<comp id="162" class="1004" name="p_0_0_011_246_fu_162">
<pin_list>
<pin id="163" dir="0" index="0" bw="1" slack="0"/>
<pin id="164" dir="1" index="1" bw="256" slack="1"/>
</pin_list>
<bind>
<opcode="alloca(26) " fcode="alloca"/>
<opset="p_0_0_011_246/1 "/>
</bind>
</comp>

<comp id="166" class="1004" name="p_0_0_011_348_fu_166">
<pin_list>
<pin id="167" dir="0" index="0" bw="1" slack="0"/>
<pin id="168" dir="1" index="1" bw="256" slack="1"/>
</pin_list>
<bind>
<opcode="alloca(26) " fcode="alloca"/>
<opset="p_0_0_011_348/1 "/>
</bind>
</comp>

<comp id="170" class="1004" name="p_0_0_011_450_fu_170">
<pin_list>
<pin id="171" dir="0" index="0" bw="1" slack="0"/>
<pin id="172" dir="1" index="1" bw="256" slack="1"/>
</pin_list>
<bind>
<opcode="alloca(26) " fcode="alloca"/>
<opset="p_0_0_011_450/1 "/>
</bind>
</comp>

<comp id="174" class="1004" name="p_0_0_011_552_fu_174">
<pin_list>
<pin id="175" dir="0" index="0" bw="1" slack="0"/>
<pin id="176" dir="1" index="1" bw="256" slack="1"/>
</pin_list>
<bind>
<opcode="alloca(26) " fcode="alloca"/>
<opset="p_0_0_011_552/1 "/>
</bind>
</comp>

<comp id="178" class="1004" name="p_0_0_011_654_fu_178">
<pin_list>
<pin id="179" dir="0" index="0" bw="1" slack="0"/>
<pin id="180" dir="1" index="1" bw="256" slack="1"/>
</pin_list>
<bind>
<opcode="alloca(26) " fcode="alloca"/>
<opset="p_0_0_011_654/1 "/>
</bind>
</comp>

<comp id="182" class="1004" name="p_0_0_011_756_fu_182">
<pin_list>
<pin id="183" dir="0" index="0" bw="1" slack="0"/>
<pin id="184" dir="1" index="1" bw="256" slack="1"/>
</pin_list>
<bind>
<opcode="alloca(26) " fcode="alloca"/>
<opset="p_0_0_011_756/1 "/>
</bind>
</comp>

<comp id="186" class="1004" name="p_0_0_011_858_fu_186">
<pin_list>
<pin id="187" dir="0" index="0" bw="1" slack="0"/>
<pin id="188" dir="1" index="1" bw="256" slack="1"/>
</pin_list>
<bind>
<opcode="alloca(26) " fcode="alloca"/>
<opset="p_0_0_011_858/1 "/>
</bind>
</comp>

<comp id="190" class="1004" name="p_0_0_011_960_fu_190">
<pin_list>
<pin id="191" dir="0" index="0" bw="1" slack="0"/>
<pin id="192" dir="1" index="1" bw="256" slack="1"/>
</pin_list>
<bind>
<opcode="alloca(26) " fcode="alloca"/>
<opset="p_0_0_011_960/1 "/>
</bind>
</comp>

<comp id="194" class="1004" name="p_0_0_011_1062_fu_194">
<pin_list>
<pin id="195" dir="0" index="0" bw="1" slack="0"/>
<pin id="196" dir="1" index="1" bw="256" slack="1"/>
</pin_list>
<bind>
<opcode="alloca(26) " fcode="alloca"/>
<opset="p_0_0_011_1062/1 "/>
</bind>
</comp>

<comp id="198" class="1004" name="p_0_0_011_1164_fu_198">
<pin_list>
<pin id="199" dir="0" index="0" bw="1" slack="0"/>
<pin id="200" dir="1" index="1" bw="256" slack="1"/>
</pin_list>
<bind>
<opcode="alloca(26) " fcode="alloca"/>
<opset="p_0_0_011_1164/1 "/>
</bind>
</comp>

<comp id="202" class="1004" name="p_0_0_011_1266_fu_202">
<pin_list>
<pin id="203" dir="0" index="0" bw="1" slack="0"/>
<pin id="204" dir="1" index="1" bw="256" slack="1"/>
</pin_list>
<bind>
<opcode="alloca(26) " fcode="alloca"/>
<opset="p_0_0_011_1266/1 "/>
</bind>
</comp>

<comp id="206" class="1004" name="p_0_0_011_1368_fu_206">
<pin_list>
<pin id="207" dir="0" index="0" bw="1" slack="0"/>
<pin id="208" dir="1" index="1" bw="256" slack="1"/>
</pin_list>
<bind>
<opcode="alloca(26) " fcode="alloca"/>
<opset="p_0_0_011_1368/1 "/>
</bind>
</comp>

<comp id="210" class="1004" name="p_0_0_011_1470_fu_210">
<pin_list>
<pin id="211" dir="0" index="0" bw="1" slack="0"/>
<pin id="212" dir="1" index="1" bw="256" slack="1"/>
</pin_list>
<bind>
<opcode="alloca(26) " fcode="alloca"/>
<opset="p_0_0_011_1470/1 "/>
</bind>
</comp>

<comp id="214" class="1004" name="p_0_0_011_1572_fu_214">
<pin_list>
<pin id="215" dir="0" index="0" bw="1" slack="0"/>
<pin id="216" dir="1" index="1" bw="256" slack="1"/>
</pin_list>
<bind>
<opcode="alloca(26) " fcode="alloca"/>
<opset="p_0_0_011_1572/1 "/>
</bind>
</comp>

<comp id="218" class="1004" name="p_0_0_011_1674_fu_218">
<pin_list>
<pin id="219" dir="0" index="0" bw="1" slack="0"/>
<pin id="220" dir="1" index="1" bw="256" slack="1"/>
</pin_list>
<bind>
<opcode="alloca(26) " fcode="alloca"/>
<opset="p_0_0_011_1674/1 "/>
</bind>
</comp>

<comp id="222" class="1004" name="p_0_0_011_1776_fu_222">
<pin_list>
<pin id="223" dir="0" index="0" bw="1" slack="0"/>
<pin id="224" dir="1" index="1" bw="256" slack="1"/>
</pin_list>
<bind>
<opcode="alloca(26) " fcode="alloca"/>
<opset="p_0_0_011_1776/1 "/>
</bind>
</comp>

<comp id="226" class="1004" name="p_0_0_011_1878_fu_226">
<pin_list>
<pin id="227" dir="0" index="0" bw="1" slack="0"/>
<pin id="228" dir="1" index="1" bw="256" slack="1"/>
</pin_list>
<bind>
<opcode="alloca(26) " fcode="alloca"/>
<opset="p_0_0_011_1878/1 "/>
</bind>
</comp>

<comp id="230" class="1004" name="p_0_0_011_1980_fu_230">
<pin_list>
<pin id="231" dir="0" index="0" bw="1" slack="0"/>
<pin id="232" dir="1" index="1" bw="256" slack="1"/>
</pin_list>
<bind>
<opcode="alloca(26) " fcode="alloca"/>
<opset="p_0_0_011_1980/1 "/>
</bind>
</comp>

<comp id="234" class="1004" name="p_0_0_011_2082_fu_234">
<pin_list>
<pin id="235" dir="0" index="0" bw="1" slack="0"/>
<pin id="236" dir="1" index="1" bw="256" slack="1"/>
</pin_list>
<bind>
<opcode="alloca(26) " fcode="alloca"/>
<opset="p_0_0_011_2082/1 "/>
</bind>
</comp>

<comp id="238" class="1004" name="p_0_0_011_2184_fu_238">
<pin_list>
<pin id="239" dir="0" index="0" bw="1" slack="0"/>
<pin id="240" dir="1" index="1" bw="256" slack="1"/>
</pin_list>
<bind>
<opcode="alloca(26) " fcode="alloca"/>
<opset="p_0_0_011_2184/1 "/>
</bind>
</comp>

<comp id="242" class="1004" name="p_0_0_011_2286_fu_242">
<pin_list>
<pin id="243" dir="0" index="0" bw="1" slack="0"/>
<pin id="244" dir="1" index="1" bw="256" slack="1"/>
</pin_list>
<bind>
<opcode="alloca(26) " fcode="alloca"/>
<opset="p_0_0_011_2286/1 "/>
</bind>
</comp>

<comp id="246" class="1004" name="p_0_0_011_2388_fu_246">
<pin_list>
<pin id="247" dir="0" index="0" bw="1" slack="0"/>
<pin id="248" dir="1" index="1" bw="256" slack="1"/>
</pin_list>
<bind>
<opcode="alloca(26) " fcode="alloca"/>
<opset="p_0_0_011_2388/1 "/>
</bind>
</comp>

<comp id="250" class="1004" name="rc_idx_fu_250">
<pin_list>
<pin id="251" dir="0" index="0" bw="1" slack="0"/>
<pin id="252" dir="1" index="1" bw="11" slack="0"/>
</pin_list>
<bind>
<opcode="alloca(26) " fcode="alloca"/>
<opset="rc_idx/1 "/>
</bind>
</comp>

<comp id="254" class="1004" name="mds_matrix_read_read_fu_254">
<pin_list>
<pin id="255" dir="0" index="0" bw="64" slack="0"/>
<pin id="256" dir="0" index="1" bw="64" slack="0"/>
<pin id="257" dir="1" index="2" bw="64" slack="0"/>
</pin_list>
<bind>
<opcode="read(1150) " fcode="read"/>
<opset="mds_matrix_read/1 "/>
</bind>
</comp>

<comp id="260" class="1004" name="round_constants_read_read_fu_260">
<pin_list>
<pin id="261" dir="0" index="0" bw="64" slack="0"/>
<pin id="262" dir="0" index="1" bw="64" slack="0"/>
<pin id="263" dir="1" index="2" bw="64" slack="0"/>
</pin_list>
<bind>
<opcode="read(1150) " fcode="read"/>
<opset="round_constants_read/1 "/>
</bind>
</comp>

<comp id="266" class="1004" name="grp_readreq_fu_266">
<pin_list>
<pin id="267" dir="0" index="0" bw="1" slack="0"/>
<pin id="268" dir="0" index="1" bw="256" slack="0"/>
<pin id="269" dir="0" index="2" bw="1" slack="0"/>
<pin id="270" dir="1" index="3" bw="1" slack="2147483647"/>
</pin_list>
<bind>
<opcode="readreq(1154) " fcode="readreq"/>
<opset="gmem_load_req/6 "/>
</bind>
</comp>

<comp id="273" class="1004" name="grp_readreq_fu_273">
<pin_list>
<pin id="274" dir="0" index="0" bw="1" slack="0"/>
<pin id="275" dir="0" index="1" bw="256" slack="0"/>
<pin id="276" dir="0" index="2" bw="1" slack="0"/>
<pin id="277" dir="1" index="3" bw="1" slack="2147483647"/>
</pin_list>
<bind>
<opcode="readreq(1154) " fcode="readreq"/>
<opset="gmem_load_1_req/7 "/>
</bind>
</comp>

<comp id="280" class="1004" name="grp_readreq_fu_280">
<pin_list>
<pin id="281" dir="0" index="0" bw="1" slack="0"/>
<pin id="282" dir="0" index="1" bw="256" slack="0"/>
<pin id="283" dir="0" index="2" bw="1" slack="0"/>
<pin id="284" dir="1" index="3" bw="1" slack="2147483647"/>
</pin_list>
<bind>
<opcode="readreq(1154) " fcode="readreq"/>
<opset="gmem_load_2_req/8 "/>
</bind>
</comp>

<comp id="287" class="1004" name="grp_readreq_fu_287">
<pin_list>
<pin id="288" dir="0" index="0" bw="1" slack="0"/>
<pin id="289" dir="0" index="1" bw="256" slack="0"/>
<pin id="290" dir="0" index="2" bw="1" slack="0"/>
<pin id="291" dir="1" index="3" bw="1" slack="2147483647"/>
</pin_list>
<bind>
<opcode="readreq(1154) " fcode="readreq"/>
<opset="gmem_load_3_req/9 "/>
</bind>
</comp>

<comp id="294" class="1004" name="grp_readreq_fu_294">
<pin_list>
<pin id="295" dir="0" index="0" bw="1" slack="0"/>
<pin id="296" dir="0" index="1" bw="256" slack="0"/>
<pin id="297" dir="0" index="2" bw="1" slack="0"/>
<pin id="298" dir="1" index="3" bw="1" slack="2147483647"/>
</pin_list>
<bind>
<opcode="readreq(1154) " fcode="readreq"/>
<opset="gmem_load_4_req/10 "/>
</bind>
</comp>

<comp id="301" class="1004" name="grp_readreq_fu_301">
<pin_list>
<pin id="302" dir="0" index="0" bw="1" slack="0"/>
<pin id="303" dir="0" index="1" bw="256" slack="0"/>
<pin id="304" dir="0" index="2" bw="1" slack="0"/>
<pin id="305" dir="1" index="3" bw="1" slack="2147483647"/>
</pin_list>
<bind>
<opcode="readreq(1154) " fcode="readreq"/>
<opset="gmem_load_5_req/11 "/>
</bind>
</comp>

<comp id="308" class="1004" name="grp_readreq_fu_308">
<pin_list>
<pin id="309" dir="0" index="0" bw="1" slack="0"/>
<pin id="310" dir="0" index="1" bw="256" slack="0"/>
<pin id="311" dir="0" index="2" bw="1" slack="0"/>
<pin id="312" dir="1" index="3" bw="1" slack="2147483647"/>
</pin_list>
<bind>
<opcode="readreq(1154) " fcode="readreq"/>
<opset="gmem_load_6_req/12 "/>
</bind>
</comp>

<comp id="315" class="1004" name="grp_readreq_fu_315">
<pin_list>
<pin id="316" dir="0" index="0" bw="1" slack="0"/>
<pin id="317" dir="0" index="1" bw="256" slack="0"/>
<pin id="318" dir="0" index="2" bw="1" slack="0"/>
<pin id="319" dir="1" index="3" bw="1" slack="2147483647"/>
</pin_list>
<bind>
<opcode="readreq(1154) " fcode="readreq"/>
<opset="gmem_load_7_req/13 "/>
</bind>
</comp>

<comp id="322" class="1004" name="gmem_addr_read_read_fu_322">
<pin_list>
<pin id="323" dir="0" index="0" bw="256" slack="0"/>
<pin id="324" dir="0" index="1" bw="256" slack="8"/>
<pin id="325" dir="1" index="2" bw="256" slack="1"/>
</pin_list>
<bind>
<opcode="read(1150) " fcode="read"/>
<opset="gmem_addr_read/14 "/>
</bind>
</comp>

<comp id="327" class="1004" name="grp_readreq_fu_327">
<pin_list>
<pin id="328" dir="0" index="0" bw="1" slack="0"/>
<pin id="329" dir="0" index="1" bw="256" slack="0"/>
<pin id="330" dir="0" index="2" bw="1" slack="0"/>
<pin id="331" dir="1" index="3" bw="1" slack="2147483647"/>
</pin_list>
<bind>
<opcode="readreq(1154) " fcode="readreq"/>
<opset="gmem_load_8_req/14 "/>
</bind>
</comp>

<comp id="334" class="1004" name="gmem_addr_1_read_read_fu_334">
<pin_list>
<pin id="335" dir="0" index="0" bw="256" slack="0"/>
<pin id="336" dir="0" index="1" bw="256" slack="8"/>
<pin id="337" dir="1" index="2" bw="256" slack="23"/>
</pin_list>
<bind>
<opcode="read(1150) " fcode="read"/>
<opset="gmem_addr_1_read/15 "/>
</bind>
</comp>

<comp id="339" class="1004" name="grp_readreq_fu_339">
<pin_list>
<pin id="340" dir="0" index="0" bw="1" slack="0"/>
<pin id="341" dir="0" index="1" bw="256" slack="0"/>
<pin id="342" dir="0" index="2" bw="1" slack="0"/>
<pin id="343" dir="1" index="3" bw="1" slack="2147483647"/>
</pin_list>
<bind>
<opcode="readreq(1154) " fcode="readreq"/>
<opset="gmem_load_9_req/15 "/>
</bind>
</comp>

<comp id="346" class="1004" name="gmem_addr_2_read_read_fu_346">
<pin_list>
<pin id="347" dir="0" index="0" bw="256" slack="0"/>
<pin id="348" dir="0" index="1" bw="256" slack="8"/>
<pin id="349" dir="1" index="2" bw="256" slack="22"/>
</pin_list>
<bind>
<opcode="read(1150) " fcode="read"/>
<opset="gmem_addr_2_read/16 "/>
</bind>
</comp>

<comp id="351" class="1004" name="grp_readreq_fu_351">
<pin_list>
<pin id="352" dir="0" index="0" bw="1" slack="0"/>
<pin id="353" dir="0" index="1" bw="256" slack="0"/>
<pin id="354" dir="0" index="2" bw="1" slack="0"/>
<pin id="355" dir="1" index="3" bw="1" slack="2147483647"/>
</pin_list>
<bind>
<opcode="readreq(1154) " fcode="readreq"/>
<opset="gmem_load_10_req/16 "/>
</bind>
</comp>

<comp id="358" class="1004" name="gmem_addr_3_read_read_fu_358">
<pin_list>
<pin id="359" dir="0" index="0" bw="256" slack="0"/>
<pin id="360" dir="0" index="1" bw="256" slack="8"/>
<pin id="361" dir="1" index="2" bw="256" slack="21"/>
</pin_list>
<bind>
<opcode="read(1150) " fcode="read"/>
<opset="gmem_addr_3_read/17 "/>
</bind>
</comp>

<comp id="363" class="1004" name="grp_readreq_fu_363">
<pin_list>
<pin id="364" dir="0" index="0" bw="1" slack="0"/>
<pin id="365" dir="0" index="1" bw="256" slack="0"/>
<pin id="366" dir="0" index="2" bw="1" slack="0"/>
<pin id="367" dir="1" index="3" bw="1" slack="2147483647"/>
</pin_list>
<bind>
<opcode="readreq(1154) " fcode="readreq"/>
<opset="gmem_load_11_req/17 "/>
</bind>
</comp>

<comp id="370" class="1004" name="gmem_addr_4_read_read_fu_370">
<pin_list>
<pin id="371" dir="0" index="0" bw="256" slack="0"/>
<pin id="372" dir="0" index="1" bw="256" slack="8"/>
<pin id="373" dir="1" index="2" bw="256" slack="20"/>
</pin_list>
<bind>
<opcode="read(1150) " fcode="read"/>
<opset="gmem_addr_4_read/18 "/>
</bind>
</comp>

<comp id="375" class="1004" name="grp_readreq_fu_375">
<pin_list>
<pin id="376" dir="0" index="0" bw="1" slack="0"/>
<pin id="377" dir="0" index="1" bw="256" slack="0"/>
<pin id="378" dir="0" index="2" bw="1" slack="0"/>
<pin id="379" dir="1" index="3" bw="1" slack="2147483647"/>
</pin_list>
<bind>
<opcode="readreq(1154) " fcode="readreq"/>
<opset="gmem_load_12_req/18 "/>
</bind>
</comp>

<comp id="382" class="1004" name="gmem_addr_5_read_read_fu_382">
<pin_list>
<pin id="383" dir="0" index="0" bw="256" slack="0"/>
<pin id="384" dir="0" index="1" bw="256" slack="8"/>
<pin id="385" dir="1" index="2" bw="256" slack="19"/>
</pin_list>
<bind>
<opcode="read(1150) " fcode="read"/>
<opset="gmem_addr_5_read/19 "/>
</bind>
</comp>

<comp id="387" class="1004" name="grp_readreq_fu_387">
<pin_list>
<pin id="388" dir="0" index="0" bw="1" slack="0"/>
<pin id="389" dir="0" index="1" bw="256" slack="0"/>
<pin id="390" dir="0" index="2" bw="1" slack="0"/>
<pin id="391" dir="1" index="3" bw="1" slack="2147483647"/>
</pin_list>
<bind>
<opcode="readreq(1154) " fcode="readreq"/>
<opset="gmem_load_13_req/19 "/>
</bind>
</comp>

<comp id="394" class="1004" name="gmem_addr_6_read_read_fu_394">
<pin_list>
<pin id="395" dir="0" index="0" bw="256" slack="0"/>
<pin id="396" dir="0" index="1" bw="256" slack="8"/>
<pin id="397" dir="1" index="2" bw="256" slack="18"/>
</pin_list>
<bind>
<opcode="read(1150) " fcode="read"/>
<opset="gmem_addr_6_read/20 "/>
</bind>
</comp>

<comp id="399" class="1004" name="grp_readreq_fu_399">
<pin_list>
<pin id="400" dir="0" index="0" bw="1" slack="0"/>
<pin id="401" dir="0" index="1" bw="256" slack="0"/>
<pin id="402" dir="0" index="2" bw="1" slack="0"/>
<pin id="403" dir="1" index="3" bw="1" slack="2147483647"/>
</pin_list>
<bind>
<opcode="readreq(1154) " fcode="readreq"/>
<opset="gmem_load_14_req/20 "/>
</bind>
</comp>

<comp id="406" class="1004" name="gmem_addr_7_read_read_fu_406">
<pin_list>
<pin id="407" dir="0" index="0" bw="256" slack="0"/>
<pin id="408" dir="0" index="1" bw="256" slack="8"/>
<pin id="409" dir="1" index="2" bw="256" slack="17"/>
</pin_list>
<bind>
<opcode="read(1150) " fcode="read"/>
<opset="gmem_addr_7_read/21 "/>
</bind>
</comp>

<comp id="411" class="1004" name="grp_readreq_fu_411">
<pin_list>
<pin id="412" dir="0" index="0" bw="1" slack="0"/>
<pin id="413" dir="0" index="1" bw="256" slack="0"/>
<pin id="414" dir="0" index="2" bw="1" slack="0"/>
<pin id="415" dir="1" index="3" bw="1" slack="2147483647"/>
</pin_list>
<bind>
<opcode="readreq(1154) " fcode="readreq"/>
<opset="gmem_load_15_req/21 "/>
</bind>
</comp>

<comp id="418" class="1004" name="gmem_addr_8_read_read_fu_418">
<pin_list>
<pin id="419" dir="0" index="0" bw="256" slack="0"/>
<pin id="420" dir="0" index="1" bw="256" slack="8"/>
<pin id="421" dir="1" index="2" bw="256" slack="16"/>
</pin_list>
<bind>
<opcode="read(1150) " fcode="read"/>
<opset="gmem_addr_8_read/22 "/>
</bind>
</comp>

<comp id="423" class="1004" name="grp_readreq_fu_423">
<pin_list>
<pin id="424" dir="0" index="0" bw="1" slack="0"/>
<pin id="425" dir="0" index="1" bw="256" slack="0"/>
<pin id="426" dir="0" index="2" bw="1" slack="0"/>
<pin id="427" dir="1" index="3" bw="1" slack="2147483647"/>
</pin_list>
<bind>
<opcode="readreq(1154) " fcode="readreq"/>
<opset="gmem_load_16_req/22 "/>
</bind>
</comp>

<comp id="430" class="1004" name="gmem_addr_9_read_read_fu_430">
<pin_list>
<pin id="431" dir="0" index="0" bw="256" slack="0"/>
<pin id="432" dir="0" index="1" bw="256" slack="8"/>
<pin id="433" dir="1" index="2" bw="256" slack="15"/>
</pin_list>
<bind>
<opcode="read(1150) " fcode="read"/>
<opset="gmem_addr_9_read/23 "/>
</bind>
</comp>

<comp id="435" class="1004" name="grp_readreq_fu_435">
<pin_list>
<pin id="436" dir="0" index="0" bw="1" slack="0"/>
<pin id="437" dir="0" index="1" bw="256" slack="0"/>
<pin id="438" dir="0" index="2" bw="1" slack="0"/>
<pin id="439" dir="1" index="3" bw="1" slack="2147483647"/>
</pin_list>
<bind>
<opcode="readreq(1154) " fcode="readreq"/>
<opset="gmem_load_17_req/23 "/>
</bind>
</comp>

<comp id="442" class="1004" name="gmem_addr_10_read_read_fu_442">
<pin_list>
<pin id="443" dir="0" index="0" bw="256" slack="0"/>
<pin id="444" dir="0" index="1" bw="256" slack="8"/>
<pin id="445" dir="1" index="2" bw="256" slack="14"/>
</pin_list>
<bind>
<opcode="read(1150) " fcode="read"/>
<opset="gmem_addr_10_read/24 "/>
</bind>
</comp>

<comp id="447" class="1004" name="grp_readreq_fu_447">
<pin_list>
<pin id="448" dir="0" index="0" bw="1" slack="0"/>
<pin id="449" dir="0" index="1" bw="256" slack="0"/>
<pin id="450" dir="0" index="2" bw="1" slack="0"/>
<pin id="451" dir="1" index="3" bw="1" slack="2147483647"/>
</pin_list>
<bind>
<opcode="readreq(1154) " fcode="readreq"/>
<opset="gmem_load_18_req/24 "/>
</bind>
</comp>

<comp id="454" class="1004" name="gmem_addr_11_read_read_fu_454">
<pin_list>
<pin id="455" dir="0" index="0" bw="256" slack="0"/>
<pin id="456" dir="0" index="1" bw="256" slack="8"/>
<pin id="457" dir="1" index="2" bw="256" slack="13"/>
</pin_list>
<bind>
<opcode="read(1150) " fcode="read"/>
<opset="gmem_addr_11_read/25 "/>
</bind>
</comp>

<comp id="459" class="1004" name="grp_readreq_fu_459">
<pin_list>
<pin id="460" dir="0" index="0" bw="1" slack="0"/>
<pin id="461" dir="0" index="1" bw="256" slack="0"/>
<pin id="462" dir="0" index="2" bw="1" slack="0"/>
<pin id="463" dir="1" index="3" bw="1" slack="2147483647"/>
</pin_list>
<bind>
<opcode="readreq(1154) " fcode="readreq"/>
<opset="gmem_load_19_req/25 "/>
</bind>
</comp>

<comp id="466" class="1004" name="gmem_addr_12_read_read_fu_466">
<pin_list>
<pin id="467" dir="0" index="0" bw="256" slack="0"/>
<pin id="468" dir="0" index="1" bw="256" slack="8"/>
<pin id="469" dir="1" index="2" bw="256" slack="12"/>
</pin_list>
<bind>
<opcode="read(1150) " fcode="read"/>
<opset="gmem_addr_12_read/26 "/>
</bind>
</comp>

<comp id="471" class="1004" name="grp_readreq_fu_471">
<pin_list>
<pin id="472" dir="0" index="0" bw="1" slack="0"/>
<pin id="473" dir="0" index="1" bw="256" slack="0"/>
<pin id="474" dir="0" index="2" bw="1" slack="0"/>
<pin id="475" dir="1" index="3" bw="1" slack="2147483647"/>
</pin_list>
<bind>
<opcode="readreq(1154) " fcode="readreq"/>
<opset="gmem_load_20_req/26 "/>
</bind>
</comp>

<comp id="478" class="1004" name="gmem_addr_13_read_read_fu_478">
<pin_list>
<pin id="479" dir="0" index="0" bw="256" slack="0"/>
<pin id="480" dir="0" index="1" bw="256" slack="8"/>
<pin id="481" dir="1" index="2" bw="256" slack="11"/>
</pin_list>
<bind>
<opcode="read(1150) " fcode="read"/>
<opset="gmem_addr_13_read/27 "/>
</bind>
</comp>

<comp id="483" class="1004" name="grp_readreq_fu_483">
<pin_list>
<pin id="484" dir="0" index="0" bw="1" slack="0"/>
<pin id="485" dir="0" index="1" bw="256" slack="0"/>
<pin id="486" dir="0" index="2" bw="1" slack="0"/>
<pin id="487" dir="1" index="3" bw="1" slack="2147483647"/>
</pin_list>
<bind>
<opcode="readreq(1154) " fcode="readreq"/>
<opset="gmem_load_21_req/27 "/>
</bind>
</comp>

<comp id="490" class="1004" name="gmem_addr_14_read_read_fu_490">
<pin_list>
<pin id="491" dir="0" index="0" bw="256" slack="0"/>
<pin id="492" dir="0" index="1" bw="256" slack="8"/>
<pin id="493" dir="1" index="2" bw="256" slack="10"/>
</pin_list>
<bind>
<opcode="read(1150) " fcode="read"/>
<opset="gmem_addr_14_read/28 "/>
</bind>
</comp>

<comp id="495" class="1004" name="grp_readreq_fu_495">
<pin_list>
<pin id="496" dir="0" index="0" bw="1" slack="0"/>
<pin id="497" dir="0" index="1" bw="256" slack="0"/>
<pin id="498" dir="0" index="2" bw="1" slack="0"/>
<pin id="499" dir="1" index="3" bw="1" slack="2147483647"/>
</pin_list>
<bind>
<opcode="readreq(1154) " fcode="readreq"/>
<opset="gmem_load_22_req/28 "/>
</bind>
</comp>

<comp id="502" class="1004" name="gmem_addr_15_read_read_fu_502">
<pin_list>
<pin id="503" dir="0" index="0" bw="256" slack="0"/>
<pin id="504" dir="0" index="1" bw="256" slack="8"/>
<pin id="505" dir="1" index="2" bw="256" slack="1"/>
</pin_list>
<bind>
<opcode="read(1150) " fcode="read"/>
<opset="gmem_addr_15_read/29 "/>
</bind>
</comp>

<comp id="507" class="1004" name="grp_readreq_fu_507">
<pin_list>
<pin id="508" dir="0" index="0" bw="1" slack="0"/>
<pin id="509" dir="0" index="1" bw="256" slack="0"/>
<pin id="510" dir="0" index="2" bw="1" slack="0"/>
<pin id="511" dir="1" index="3" bw="1" slack="2147483647"/>
</pin_list>
<bind>
<opcode="readreq(1154) " fcode="readreq"/>
<opset="gmem_load_23_req/29 "/>
</bind>
</comp>

<comp id="514" class="1004" name="gmem_addr_16_read_read_fu_514">
<pin_list>
<pin id="515" dir="0" index="0" bw="256" slack="0"/>
<pin id="516" dir="0" index="1" bw="256" slack="8"/>
<pin id="517" dir="1" index="2" bw="256" slack="1"/>
</pin_list>
<bind>
<opcode="read(1150) " fcode="read"/>
<opset="gmem_addr_16_read/30 "/>
</bind>
</comp>

<comp id="519" class="1004" name="gmem_addr_17_read_read_fu_519">
<pin_list>
<pin id="520" dir="0" index="0" bw="256" slack="0"/>
<pin id="521" dir="0" index="1" bw="256" slack="8"/>
<pin id="522" dir="1" index="2" bw="256" slack="7"/>
</pin_list>
<bind>
<opcode="read(1150) " fcode="read"/>
<opset="gmem_addr_17_read/31 "/>
</bind>
</comp>

<comp id="524" class="1004" name="gmem_addr_18_read_read_fu_524">
<pin_list>
<pin id="525" dir="0" index="0" bw="256" slack="0"/>
<pin id="526" dir="0" index="1" bw="256" slack="8"/>
<pin id="527" dir="1" index="2" bw="256" slack="6"/>
</pin_list>
<bind>
<opcode="read(1150) " fcode="read"/>
<opset="gmem_addr_18_read/32 "/>
</bind>
</comp>

<comp id="529" class="1004" name="gmem_addr_19_read_read_fu_529">
<pin_list>
<pin id="530" dir="0" index="0" bw="256" slack="0"/>
<pin id="531" dir="0" index="1" bw="256" slack="8"/>
<pin id="532" dir="1" index="2" bw="256" slack="1"/>
</pin_list>
<bind>
<opcode="read(1150) " fcode="read"/>
<opset="gmem_addr_19_read/33 "/>
</bind>
</comp>

<comp id="534" class="1004" name="gmem_addr_20_read_read_fu_534">
<pin_list>
<pin id="535" dir="0" index="0" bw="256" slack="0"/>
<pin id="536" dir="0" index="1" bw="256" slack="8"/>
<pin id="537" dir="1" index="2" bw="256" slack="1"/>
</pin_list>
<bind>
<opcode="read(1150) " fcode="read"/>
<opset="gmem_addr_20_read/34 "/>
</bind>
</comp>

<comp id="539" class="1004" name="gmem_addr_21_read_read_fu_539">
<pin_list>
<pin id="540" dir="0" index="0" bw="256" slack="0"/>
<pin id="541" dir="0" index="1" bw="256" slack="8"/>
<pin id="542" dir="1" index="2" bw="256" slack="1"/>
</pin_list>
<bind>
<opcode="read(1150) " fcode="read"/>
<opset="gmem_addr_21_read/35 "/>
</bind>
</comp>

<comp id="544" class="1004" name="gmem_addr_22_read_read_fu_544">
<pin_list>
<pin id="545" dir="0" index="0" bw="256" slack="0"/>
<pin id="546" dir="0" index="1" bw="256" slack="8"/>
<pin id="547" dir="1" index="2" bw="256" slack="1"/>
</pin_list>
<bind>
<opcode="read(1150) " fcode="read"/>
<opset="gmem_addr_22_read/36 "/>
</bind>
</comp>

<comp id="549" class="1004" name="gmem_addr_23_read_read_fu_549">
<pin_list>
<pin id="550" dir="0" index="0" bw="256" slack="0"/>
<pin id="551" dir="0" index="1" bw="256" slack="8"/>
<pin id="552" dir="1" index="2" bw="256" slack="1"/>
</pin_list>
<bind>
<opcode="read(1150) " fcode="read"/>
<opset="gmem_addr_23_read/37 "/>
</bind>
</comp>

<comp id="554" class="1005" name="p_0_0_011_2387_reg_554">
<pin_list>
<pin id="555" dir="0" index="0" bw="256" slack="1"/>
<pin id="556" dir="1" index="1" bw="256" slack="2147483647"/>
</pin_list>
<bind>
<opset="p_0_0_011_2387 (phireg) "/>
</bind>
</comp>

<comp id="557" class="1004" name="p_0_0_011_2387_phi_fu_557">
<pin_list>
<pin id="558" dir="0" index="0" bw="255" slack="1"/>
<pin id="559" dir="0" index="1" bw="0" slack="2147483647"/>
<pin id="560" dir="0" index="2" bw="256" slack="3"/>
<pin id="561" dir="0" index="3" bw="0" slack="2147483647"/>
<pin id="562" dir="1" index="4" bw="256" slack="0"/>
</pin_list>
<bind>
<opcode="phi(47) " fcode="phi"/>
<opset="p_0_0_011_2387/43 "/>
</bind>
</comp>

<comp id="564" class="1005" name="p_0_0_011_2285_reg_564">
<pin_list>
<pin id="565" dir="0" index="0" bw="256" slack="1"/>
<pin id="566" dir="1" index="1" bw="256" slack="2147483647"/>
</pin_list>
<bind>
<opset="p_0_0_011_2285 (phireg) "/>
</bind>
</comp>

<comp id="567" class="1004" name="p_0_0_011_2285_phi_fu_567">
<pin_list>
<pin id="568" dir="0" index="0" bw="255" slack="1"/>
<pin id="569" dir="0" index="1" bw="0" slack="2147483647"/>
<pin id="570" dir="0" index="2" bw="256" slack="4"/>
<pin id="571" dir="0" index="3" bw="0" slack="2147483647"/>
<pin id="572" dir="1" index="4" bw="256" slack="0"/>
</pin_list>
<bind>
<opcode="phi(47) " fcode="phi"/>
<opset="p_0_0_011_2285/43 "/>
</bind>
</comp>

<comp id="574" class="1005" name="p_0_0_011_2183_reg_574">
<pin_list>
<pin id="575" dir="0" index="0" bw="256" slack="1"/>
<pin id="576" dir="1" index="1" bw="256" slack="2147483647"/>
</pin_list>
<bind>
<opset="p_0_0_011_2183 (phireg) "/>
</bind>
</comp>

<comp id="577" class="1004" name="p_0_0_011_2183_phi_fu_577">
<pin_list>
<pin id="578" dir="0" index="0" bw="255" slack="1"/>
<pin id="579" dir="0" index="1" bw="0" slack="2147483647"/>
<pin id="580" dir="0" index="2" bw="256" slack="5"/>
<pin id="581" dir="0" index="3" bw="0" slack="2147483647"/>
<pin id="582" dir="1" index="4" bw="256" slack="0"/>
</pin_list>
<bind>
<opcode="phi(47) " fcode="phi"/>
<opset="p_0_0_011_2183/43 "/>
</bind>
</comp>

<comp id="584" class="1005" name="p_0_0_011_2081_reg_584">
<pin_list>
<pin id="585" dir="0" index="0" bw="256" slack="1"/>
<pin id="586" dir="1" index="1" bw="256" slack="2147483647"/>
</pin_list>
<bind>
<opset="p_0_0_011_2081 (phireg) "/>
</bind>
</comp>

<comp id="587" class="1004" name="p_0_0_011_2081_phi_fu_587">
<pin_list>
<pin id="588" dir="0" index="0" bw="255" slack="1"/>
<pin id="589" dir="0" index="1" bw="0" slack="2147483647"/>
<pin id="590" dir="0" index="2" bw="256" slack="6"/>
<pin id="591" dir="0" index="3" bw="0" slack="2147483647"/>
<pin id="592" dir="1" index="4" bw="256" slack="0"/>
</pin_list>
<bind>
<opcode="phi(47) " fcode="phi"/>
<opset="p_0_0_011_2081/43 "/>
</bind>
</comp>

<comp id="594" class="1005" name="p_0_0_011_1979_reg_594">
<pin_list>
<pin id="595" dir="0" index="0" bw="256" slack="1"/>
<pin id="596" dir="1" index="1" bw="256" slack="2147483647"/>
</pin_list>
<bind>
<opset="p_0_0_011_1979 (phireg) "/>
</bind>
</comp>

<comp id="597" class="1004" name="p_0_0_011_1979_phi_fu_597">
<pin_list>
<pin id="598" dir="0" index="0" bw="255" slack="1"/>
<pin id="599" dir="0" index="1" bw="0" slack="2147483647"/>
<pin id="600" dir="0" index="2" bw="256" slack="7"/>
<pin id="601" dir="0" index="3" bw="0" slack="2147483647"/>
<pin id="602" dir="1" index="4" bw="256" slack="0"/>
</pin_list>
<bind>
<opcode="phi(47) " fcode="phi"/>
<opset="p_0_0_011_1979/43 "/>
</bind>
</comp>

<comp id="604" class="1005" name="p_0_0_011_1877_reg_604">
<pin_list>
<pin id="605" dir="0" index="0" bw="256" slack="1"/>
<pin id="606" dir="1" index="1" bw="256" slack="2147483647"/>
</pin_list>
<bind>
<opset="p_0_0_011_1877 (phireg) "/>
</bind>
</comp>

<comp id="607" class="1004" name="p_0_0_011_1877_phi_fu_607">
<pin_list>
<pin id="608" dir="0" index="0" bw="255" slack="1"/>
<pin id="609" dir="0" index="1" bw="0" slack="2147483647"/>
<pin id="610" dir="0" index="2" bw="256" slack="3"/>
<pin id="611" dir="0" index="3" bw="0" slack="2147483647"/>
<pin id="612" dir="1" index="4" bw="256" slack="0"/>
</pin_list>
<bind>
<opcode="phi(47) " fcode="phi"/>
<opset="p_0_0_011_1877/43 "/>
</bind>
</comp>

<comp id="614" class="1005" name="p_0_0_011_1775_reg_614">
<pin_list>
<pin id="615" dir="0" index="0" bw="256" slack="1"/>
<pin id="616" dir="1" index="1" bw="256" slack="2147483647"/>
</pin_list>
<bind>
<opset="p_0_0_011_1775 (phireg) "/>
</bind>
</comp>

<comp id="617" class="1004" name="p_0_0_011_1775_phi_fu_617">
<pin_list>
<pin id="618" dir="0" index="0" bw="255" slack="1"/>
<pin id="619" dir="0" index="1" bw="0" slack="2147483647"/>
<pin id="620" dir="0" index="2" bw="256" slack="3"/>
<pin id="621" dir="0" index="3" bw="0" slack="2147483647"/>
<pin id="622" dir="1" index="4" bw="256" slack="0"/>
</pin_list>
<bind>
<opcode="phi(47) " fcode="phi"/>
<opset="p_0_0_011_1775/43 "/>
</bind>
</comp>

<comp id="624" class="1005" name="p_0_0_011_1673_reg_624">
<pin_list>
<pin id="625" dir="0" index="0" bw="256" slack="1"/>
<pin id="626" dir="1" index="1" bw="256" slack="2147483647"/>
</pin_list>
<bind>
<opset="p_0_0_011_1673 (phireg) "/>
</bind>
</comp>

<comp id="627" class="1004" name="p_0_0_011_1673_phi_fu_627">
<pin_list>
<pin id="628" dir="0" index="0" bw="255" slack="1"/>
<pin id="629" dir="0" index="1" bw="0" slack="2147483647"/>
<pin id="630" dir="0" index="2" bw="256" slack="10"/>
<pin id="631" dir="0" index="3" bw="0" slack="2147483647"/>
<pin id="632" dir="1" index="4" bw="256" slack="0"/>
</pin_list>
<bind>
<opcode="phi(47) " fcode="phi"/>
<opset="p_0_0_011_1673/43 "/>
</bind>
</comp>

<comp id="634" class="1005" name="p_0_0_011_1571_reg_634">
<pin_list>
<pin id="635" dir="0" index="0" bw="256" slack="1"/>
<pin id="636" dir="1" index="1" bw="256" slack="2147483647"/>
</pin_list>
<bind>
<opset="p_0_0_011_1571 (phireg) "/>
</bind>
</comp>

<comp id="637" class="1004" name="p_0_0_011_1571_phi_fu_637">
<pin_list>
<pin id="638" dir="0" index="0" bw="255" slack="1"/>
<pin id="639" dir="0" index="1" bw="0" slack="2147483647"/>
<pin id="640" dir="0" index="2" bw="256" slack="11"/>
<pin id="641" dir="0" index="3" bw="0" slack="2147483647"/>
<pin id="642" dir="1" index="4" bw="256" slack="0"/>
</pin_list>
<bind>
<opcode="phi(47) " fcode="phi"/>
<opset="p_0_0_011_1571/43 "/>
</bind>
</comp>

<comp id="644" class="1005" name="p_0_0_011_1469_reg_644">
<pin_list>
<pin id="645" dir="0" index="0" bw="256" slack="1"/>
<pin id="646" dir="1" index="1" bw="256" slack="2147483647"/>
</pin_list>
<bind>
<opset="p_0_0_011_1469 (phireg) "/>
</bind>
</comp>

<comp id="647" class="1004" name="p_0_0_011_1469_phi_fu_647">
<pin_list>
<pin id="648" dir="0" index="0" bw="255" slack="1"/>
<pin id="649" dir="0" index="1" bw="0" slack="2147483647"/>
<pin id="650" dir="0" index="2" bw="256" slack="3"/>
<pin id="651" dir="0" index="3" bw="0" slack="2147483647"/>
<pin id="652" dir="1" index="4" bw="256" slack="0"/>
</pin_list>
<bind>
<opcode="phi(47) " fcode="phi"/>
<opset="p_0_0_011_1469/43 "/>
</bind>
</comp>

<comp id="654" class="1005" name="p_0_0_011_1367_reg_654">
<pin_list>
<pin id="655" dir="0" index="0" bw="256" slack="1"/>
<pin id="656" dir="1" index="1" bw="256" slack="2147483647"/>
</pin_list>
<bind>
<opset="p_0_0_011_1367 (phireg) "/>
</bind>
</comp>

<comp id="657" class="1004" name="p_0_0_011_1367_phi_fu_657">
<pin_list>
<pin id="658" dir="0" index="0" bw="255" slack="1"/>
<pin id="659" dir="0" index="1" bw="0" slack="2147483647"/>
<pin id="660" dir="0" index="2" bw="256" slack="3"/>
<pin id="661" dir="0" index="3" bw="0" slack="2147483647"/>
<pin id="662" dir="1" index="4" bw="256" slack="0"/>
</pin_list>
<bind>
<opcode="phi(47) " fcode="phi"/>
<opset="p_0_0_011_1367/43 "/>
</bind>
</comp>

<comp id="664" class="1005" name="p_0_0_011_1265_reg_664">
<pin_list>
<pin id="665" dir="0" index="0" bw="256" slack="1"/>
<pin id="666" dir="1" index="1" bw="256" slack="2147483647"/>
</pin_list>
<bind>
<opset="p_0_0_011_1265 (phireg) "/>
</bind>
</comp>

<comp id="667" class="1004" name="p_0_0_011_1265_phi_fu_667">
<pin_list>
<pin id="668" dir="0" index="0" bw="255" slack="1"/>
<pin id="669" dir="0" index="1" bw="0" slack="2147483647"/>
<pin id="670" dir="0" index="2" bw="256" slack="3"/>
<pin id="671" dir="0" index="3" bw="0" slack="2147483647"/>
<pin id="672" dir="1" index="4" bw="256" slack="0"/>
</pin_list>
<bind>
<opcode="phi(47) " fcode="phi"/>
<opset="p_0_0_011_1265/43 "/>
</bind>
</comp>

<comp id="674" class="1005" name="p_0_0_011_1163_reg_674">
<pin_list>
<pin id="675" dir="0" index="0" bw="256" slack="1"/>
<pin id="676" dir="1" index="1" bw="256" slack="2147483647"/>
</pin_list>
<bind>
<opset="p_0_0_011_1163 (phireg) "/>
</bind>
</comp>

<comp id="677" class="1004" name="p_0_0_011_1163_phi_fu_677">
<pin_list>
<pin id="678" dir="0" index="0" bw="255" slack="1"/>
<pin id="679" dir="0" index="1" bw="0" slack="2147483647"/>
<pin id="680" dir="0" index="2" bw="256" slack="3"/>
<pin id="681" dir="0" index="3" bw="0" slack="2147483647"/>
<pin id="682" dir="1" index="4" bw="256" slack="0"/>
</pin_list>
<bind>
<opcode="phi(47) " fcode="phi"/>
<opset="p_0_0_011_1163/43 "/>
</bind>
</comp>

<comp id="684" class="1005" name="p_0_0_011_1061_reg_684">
<pin_list>
<pin id="685" dir="0" index="0" bw="256" slack="1"/>
<pin id="686" dir="1" index="1" bw="256" slack="2147483647"/>
</pin_list>
<bind>
<opset="p_0_0_011_1061 (phireg) "/>
</bind>
</comp>

<comp id="687" class="1004" name="p_0_0_011_1061_phi_fu_687">
<pin_list>
<pin id="688" dir="0" index="0" bw="255" slack="1"/>
<pin id="689" dir="0" index="1" bw="0" slack="2147483647"/>
<pin id="690" dir="0" index="2" bw="256" slack="3"/>
<pin id="691" dir="0" index="3" bw="0" slack="2147483647"/>
<pin id="692" dir="1" index="4" bw="256" slack="0"/>
</pin_list>
<bind>
<opcode="phi(47) " fcode="phi"/>
<opset="p_0_0_011_1061/43 "/>
</bind>
</comp>

<comp id="694" class="1005" name="p_0_0_011_959_reg_694">
<pin_list>
<pin id="695" dir="0" index="0" bw="256" slack="1"/>
<pin id="696" dir="1" index="1" bw="256" slack="2147483647"/>
</pin_list>
<bind>
<opset="p_0_0_011_959 (phireg) "/>
</bind>
</comp>

<comp id="697" class="1004" name="p_0_0_011_959_phi_fu_697">
<pin_list>
<pin id="698" dir="0" index="0" bw="255" slack="1"/>
<pin id="699" dir="0" index="1" bw="0" slack="2147483647"/>
<pin id="700" dir="0" index="2" bw="256" slack="3"/>
<pin id="701" dir="0" index="3" bw="0" slack="2147483647"/>
<pin id="702" dir="1" index="4" bw="256" slack="0"/>
</pin_list>
<bind>
<opcode="phi(47) " fcode="phi"/>
<opset="p_0_0_011_959/43 "/>
</bind>
</comp>

<comp id="704" class="1005" name="p_0_0_011_857_reg_704">
<pin_list>
<pin id="705" dir="0" index="0" bw="256" slack="1"/>
<pin id="706" dir="1" index="1" bw="256" slack="2147483647"/>
</pin_list>
<bind>
<opset="p_0_0_011_857 (phireg) "/>
</bind>
</comp>

<comp id="707" class="1004" name="p_0_0_011_857_phi_fu_707">
<pin_list>
<pin id="708" dir="0" index="0" bw="255" slack="1"/>
<pin id="709" dir="0" index="1" bw="0" slack="2147483647"/>
<pin id="710" dir="0" index="2" bw="256" slack="3"/>
<pin id="711" dir="0" index="3" bw="0" slack="2147483647"/>
<pin id="712" dir="1" index="4" bw="256" slack="0"/>
</pin_list>
<bind>
<opcode="phi(47) " fcode="phi"/>
<opset="p_0_0_011_857/43 "/>
</bind>
</comp>

<comp id="714" class="1005" name="p_0_0_011_755_reg_714">
<pin_list>
<pin id="715" dir="0" index="0" bw="256" slack="1"/>
<pin id="716" dir="1" index="1" bw="256" slack="2147483647"/>
</pin_list>
<bind>
<opset="p_0_0_011_755 (phireg) "/>
</bind>
</comp>

<comp id="717" class="1004" name="p_0_0_011_755_phi_fu_717">
<pin_list>
<pin id="718" dir="0" index="0" bw="255" slack="1"/>
<pin id="719" dir="0" index="1" bw="0" slack="2147483647"/>
<pin id="720" dir="0" index="2" bw="256" slack="3"/>
<pin id="721" dir="0" index="3" bw="0" slack="2147483647"/>
<pin id="722" dir="1" index="4" bw="256" slack="0"/>
</pin_list>
<bind>
<opcode="phi(47) " fcode="phi"/>
<opset="p_0_0_011_755/43 "/>
</bind>
</comp>

<comp id="724" class="1005" name="p_0_0_011_653_reg_724">
<pin_list>
<pin id="725" dir="0" index="0" bw="256" slack="1"/>
<pin id="726" dir="1" index="1" bw="256" slack="2147483647"/>
</pin_list>
<bind>
<opset="p_0_0_011_653 (phireg) "/>
</bind>
</comp>

<comp id="727" class="1004" name="p_0_0_011_653_phi_fu_727">
<pin_list>
<pin id="728" dir="0" index="0" bw="255" slack="1"/>
<pin id="729" dir="0" index="1" bw="0" slack="2147483647"/>
<pin id="730" dir="0" index="2" bw="256" slack="3"/>
<pin id="731" dir="0" index="3" bw="0" slack="2147483647"/>
<pin id="732" dir="1" index="4" bw="256" slack="0"/>
</pin_list>
<bind>
<opcode="phi(47) " fcode="phi"/>
<opset="p_0_0_011_653/43 "/>
</bind>
</comp>

<comp id="734" class="1005" name="p_0_0_011_551_reg_734">
<pin_list>
<pin id="735" dir="0" index="0" bw="256" slack="1"/>
<pin id="736" dir="1" index="1" bw="256" slack="2147483647"/>
</pin_list>
<bind>
<opset="p_0_0_011_551 (phireg) "/>
</bind>
</comp>

<comp id="737" class="1004" name="p_0_0_011_551_phi_fu_737">
<pin_list>
<pin id="738" dir="0" index="0" bw="255" slack="1"/>
<pin id="739" dir="0" index="1" bw="0" slack="2147483647"/>
<pin id="740" dir="0" index="2" bw="256" slack="3"/>
<pin id="741" dir="0" index="3" bw="0" slack="2147483647"/>
<pin id="742" dir="1" index="4" bw="256" slack="0"/>
</pin_list>
<bind>
<opcode="phi(47) " fcode="phi"/>
<opset="p_0_0_011_551/43 "/>
</bind>
</comp>

<comp id="744" class="1005" name="p_0_0_011_449_reg_744">
<pin_list>
<pin id="745" dir="0" index="0" bw="256" slack="1"/>
<pin id="746" dir="1" index="1" bw="256" slack="2147483647"/>
</pin_list>
<bind>
<opset="p_0_0_011_449 (phireg) "/>
</bind>
</comp>

<comp id="747" class="1004" name="p_0_0_011_449_phi_fu_747">
<pin_list>
<pin id="748" dir="0" index="0" bw="255" slack="1"/>
<pin id="749" dir="0" index="1" bw="0" slack="2147483647"/>
<pin id="750" dir="0" index="2" bw="256" slack="3"/>
<pin id="751" dir="0" index="3" bw="0" slack="2147483647"/>
<pin id="752" dir="1" index="4" bw="256" slack="0"/>
</pin_list>
<bind>
<opcode="phi(47) " fcode="phi"/>
<opset="p_0_0_011_449/43 "/>
</bind>
</comp>

<comp id="754" class="1005" name="p_0_0_011_347_reg_754">
<pin_list>
<pin id="755" dir="0" index="0" bw="256" slack="1"/>
<pin id="756" dir="1" index="1" bw="256" slack="2147483647"/>
</pin_list>
<bind>
<opset="p_0_0_011_347 (phireg) "/>
</bind>
</comp>

<comp id="757" class="1004" name="p_0_0_011_347_phi_fu_757">
<pin_list>
<pin id="758" dir="0" index="0" bw="255" slack="1"/>
<pin id="759" dir="0" index="1" bw="0" slack="2147483647"/>
<pin id="760" dir="0" index="2" bw="256" slack="3"/>
<pin id="761" dir="0" index="3" bw="0" slack="2147483647"/>
<pin id="762" dir="1" index="4" bw="256" slack="0"/>
</pin_list>
<bind>
<opcode="phi(47) " fcode="phi"/>
<opset="p_0_0_011_347/43 "/>
</bind>
</comp>

<comp id="764" class="1005" name="p_0_0_011_245_reg_764">
<pin_list>
<pin id="765" dir="0" index="0" bw="256" slack="1"/>
<pin id="766" dir="1" index="1" bw="256" slack="2147483647"/>
</pin_list>
<bind>
<opset="p_0_0_011_245 (phireg) "/>
</bind>
</comp>

<comp id="767" class="1004" name="p_0_0_011_245_phi_fu_767">
<pin_list>
<pin id="768" dir="0" index="0" bw="255" slack="1"/>
<pin id="769" dir="0" index="1" bw="0" slack="2147483647"/>
<pin id="770" dir="0" index="2" bw="256" slack="3"/>
<pin id="771" dir="0" index="3" bw="0" slack="2147483647"/>
<pin id="772" dir="1" index="4" bw="256" slack="0"/>
</pin_list>
<bind>
<opcode="phi(47) " fcode="phi"/>
<opset="p_0_0_011_245/43 "/>
</bind>
</comp>

<comp id="774" class="1005" name="p_0_0_011_143_reg_774">
<pin_list>
<pin id="775" dir="0" index="0" bw="256" slack="1"/>
<pin id="776" dir="1" index="1" bw="256" slack="2147483647"/>
</pin_list>
<bind>
<opset="p_0_0_011_143 (phireg) "/>
</bind>
</comp>

<comp id="777" class="1004" name="p_0_0_011_143_phi_fu_777">
<pin_list>
<pin id="778" dir="0" index="0" bw="255" slack="1"/>
<pin id="779" dir="0" index="1" bw="0" slack="2147483647"/>
<pin id="780" dir="0" index="2" bw="256" slack="3"/>
<pin id="781" dir="0" index="3" bw="0" slack="2147483647"/>
<pin id="782" dir="1" index="4" bw="256" slack="0"/>
</pin_list>
<bind>
<opcode="phi(47) " fcode="phi"/>
<opset="p_0_0_011_143/43 "/>
</bind>
</comp>

<comp id="784" class="1004" name="grp_poseidon_top_Pipeline_VITIS_LOOP_42_1_fu_784">
<pin_list>
<pin id="785" dir="0" index="0" bw="0" slack="0"/>
<pin id="786" dir="0" index="1" bw="512" slack="0"/>
<pin id="787" dir="0" index="2" bw="256" slack="1"/>
<pin id="788" dir="0" index="3" bw="256" slack="1"/>
<pin id="789" dir="0" index="4" bw="256" slack="1"/>
<pin id="790" dir="0" index="5" bw="256" slack="1"/>
<pin id="791" dir="0" index="6" bw="256" slack="1"/>
<pin id="792" dir="0" index="7" bw="256" slack="1"/>
<pin id="793" dir="0" index="8" bw="256" slack="1"/>
<pin id="794" dir="0" index="9" bw="256" slack="1"/>
<pin id="795" dir="0" index="10" bw="256" slack="1"/>
<pin id="796" dir="0" index="11" bw="256" slack="1"/>
<pin id="797" dir="0" index="12" bw="256" slack="1"/>
<pin id="798" dir="0" index="13" bw="256" slack="1"/>
<pin id="799" dir="0" index="14" bw="256" slack="1"/>
<pin id="800" dir="0" index="15" bw="256" slack="1"/>
<pin id="801" dir="0" index="16" bw="256" slack="1"/>
<pin id="802" dir="0" index="17" bw="256" slack="1"/>
<pin id="803" dir="0" index="18" bw="256" slack="1"/>
<pin id="804" dir="0" index="19" bw="256" slack="1"/>
<pin id="805" dir="0" index="20" bw="256" slack="1"/>
<pin id="806" dir="0" index="21" bw="256" slack="1"/>
<pin id="807" dir="0" index="22" bw="256" slack="1"/>
<pin id="808" dir="0" index="23" bw="256" slack="1"/>
<pin id="809" dir="0" index="24" bw="256" slack="1"/>
<pin id="810" dir="0" index="25" bw="256" slack="1"/>
<pin id="811" dir="1" index="26" bw="0" slack="2147483647"/>
</pin_list>
<bind>
<opcode="call(48) " fcode="call"/>
<opset="call_ln0/2 "/>
</bind>
</comp>

<comp id="814" class="1004" name="grp_poseidon_top_Pipeline_VITIS_LOOP_92_3_fu_814">
<pin_list>
<pin id="815" dir="0" index="0" bw="0" slack="0"/>
<pin id="816" dir="0" index="1" bw="256" slack="0"/>
<pin id="817" dir="0" index="2" bw="256" slack="0"/>
<pin id="818" dir="0" index="3" bw="256" slack="0"/>
<pin id="819" dir="0" index="4" bw="256" slack="0"/>
<pin id="820" dir="0" index="5" bw="256" slack="0"/>
<pin id="821" dir="0" index="6" bw="256" slack="0"/>
<pin id="822" dir="0" index="7" bw="256" slack="0"/>
<pin id="823" dir="0" index="8" bw="256" slack="0"/>
<pin id="824" dir="0" index="9" bw="256" slack="0"/>
<pin id="825" dir="0" index="10" bw="256" slack="0"/>
<pin id="826" dir="0" index="11" bw="256" slack="0"/>
<pin id="827" dir="0" index="12" bw="256" slack="0"/>
<pin id="828" dir="0" index="13" bw="256" slack="0"/>
<pin id="829" dir="0" index="14" bw="256" slack="0"/>
<pin id="830" dir="0" index="15" bw="256" slack="0"/>
<pin id="831" dir="0" index="16" bw="256" slack="0"/>
<pin id="832" dir="0" index="17" bw="256" slack="0"/>
<pin id="833" dir="0" index="18" bw="256" slack="0"/>
<pin id="834" dir="0" index="19" bw="256" slack="0"/>
<pin id="835" dir="0" index="20" bw="256" slack="0"/>
<pin id="836" dir="0" index="21" bw="256" slack="0"/>
<pin id="837" dir="0" index="22" bw="256" slack="0"/>
<pin id="838" dir="0" index="23" bw="256" slack="0"/>
<pin id="839" dir="0" index="24" bw="256" slack="0"/>
<pin id="840" dir="0" index="25" bw="512" slack="0"/>
<pin id="841" dir="1" index="26" bw="0" slack="2147483647"/>
</pin_list>
<bind>
<opcode="call(48) " fcode="call"/>
<opset="call_ln0/5 "/>
</bind>
</comp>

<comp id="844" class="1004" name="grp_sbox_quintic_fu_844">
<pin_list>
<pin id="845" dir="0" index="0" bw="255" slack="0"/>
<pin id="846" dir="0" index="1" bw="256" slack="1"/>
<pin id="847" dir="1" index="2" bw="255" slack="0"/>
</pin_list>
<bind>
<opcode="call(48) " fcode="call"/>
<opset="ref_tmp28_assign_s/18 ref_tmp28_assign_1/41 "/>
</bind>
</comp>

<comp id="849" class="1004" name="grp_sbox_quintic_fu_849">
<pin_list>
<pin id="850" dir="0" index="0" bw="255" slack="0"/>
<pin id="851" dir="0" index="1" bw="256" slack="1"/>
<pin id="852" dir="1" index="2" bw="255" slack="0"/>
</pin_list>
<bind>
<opcode="call(48) " fcode="call"/>
<opset="ref_tmp28_assign_2/41 "/>
</bind>
</comp>

<comp id="854" class="1004" name="grp_sbox_quintic_fu_854">
<pin_list>
<pin id="855" dir="0" index="0" bw="255" slack="0"/>
<pin id="856" dir="0" index="1" bw="256" slack="1"/>
<pin id="857" dir="1" index="2" bw="255" slack="0"/>
</pin_list>
<bind>
<opcode="call(48) " fcode="call"/>
<opset="ref_tmp28_assign_3/41 "/>
</bind>
</comp>

<comp id="859" class="1004" name="grp_sbox_quintic_fu_859">
<pin_list>
<pin id="860" dir="0" index="0" bw="255" slack="0"/>
<pin id="861" dir="0" index="1" bw="256" slack="1"/>
<pin id="862" dir="1" index="2" bw="255" slack="0"/>
</pin_list>
<bind>
<opcode="call(48) " fcode="call"/>
<opset="ref_tmp28_assign_4/41 "/>
</bind>
</comp>

<comp id="864" class="1004" name="grp_sbox_quintic_fu_864">
<pin_list>
<pin id="865" dir="0" index="0" bw="255" slack="0"/>
<pin id="866" dir="0" index="1" bw="256" slack="1"/>
<pin id="867" dir="1" index="2" bw="255" slack="0"/>
</pin_list>
<bind>
<opcode="call(48) " fcode="call"/>
<opset="ref_tmp28_assign_5/41 "/>
</bind>
</comp>

<comp id="869" class="1004" name="grp_sbox_quintic_fu_869">
<pin_list>
<pin id="870" dir="0" index="0" bw="255" slack="0"/>
<pin id="871" dir="0" index="1" bw="256" slack="1"/>
<pin id="872" dir="1" index="2" bw="255" slack="0"/>
</pin_list>
<bind>
<opcode="call(48) " fcode="call"/>
<opset="ref_tmp28_assign_6/41 "/>
</bind>
</comp>

<comp id="874" class="1004" name="grp_sbox_quintic_fu_874">
<pin_list>
<pin id="875" dir="0" index="0" bw="255" slack="0"/>
<pin id="876" dir="0" index="1" bw="256" slack="1"/>
<pin id="877" dir="1" index="2" bw="255" slack="0"/>
</pin_list>
<bind>
<opcode="call(48) " fcode="call"/>
<opset="ref_tmp28_assign_7/41 "/>
</bind>
</comp>

<comp id="879" class="1004" name="grp_sbox_quintic_fu_879">
<pin_list>
<pin id="880" dir="0" index="0" bw="255" slack="0"/>
<pin id="881" dir="0" index="1" bw="256" slack="1"/>
<pin id="882" dir="1" index="2" bw="255" slack="0"/>
</pin_list>
<bind>
<opcode="call(48) " fcode="call"/>
<opset="ref_tmp28_assign_8/41 "/>
</bind>
</comp>

<comp id="884" class="1004" name="grp_sbox_quintic_fu_884">
<pin_list>
<pin id="885" dir="0" index="0" bw="255" slack="0"/>
<pin id="886" dir="0" index="1" bw="256" slack="1"/>
<pin id="887" dir="1" index="2" bw="255" slack="0"/>
</pin_list>
<bind>
<opcode="call(48) " fcode="call"/>
<opset="ref_tmp28_assign_9/41 "/>
</bind>
</comp>

<comp id="889" class="1004" name="grp_sbox_quintic_fu_889">
<pin_list>
<pin id="890" dir="0" index="0" bw="255" slack="0"/>
<pin id="891" dir="0" index="1" bw="256" slack="1"/>
<pin id="892" dir="1" index="2" bw="255" slack="0"/>
</pin_list>
<bind>
<opcode="call(48) " fcode="call"/>
<opset="ref_tmp28_assign_10/41 "/>
</bind>
</comp>

<comp id="894" class="1004" name="grp_sbox_quintic_fu_894">
<pin_list>
<pin id="895" dir="0" index="0" bw="255" slack="0"/>
<pin id="896" dir="0" index="1" bw="256" slack="1"/>
<pin id="897" dir="1" index="2" bw="255" slack="0"/>
</pin_list>
<bind>
<opcode="call(48) " fcode="call"/>
<opset="ref_tmp28_assign_11/41 "/>
</bind>
</comp>

<comp id="899" class="1004" name="grp_sbox_quintic_fu_899">
<pin_list>
<pin id="900" dir="0" index="0" bw="255" slack="0"/>
<pin id="901" dir="0" index="1" bw="256" slack="1"/>
<pin id="902" dir="1" index="2" bw="255" slack="0"/>
</pin_list>
<bind>
<opcode="call(48) " fcode="call"/>
<opset="ref_tmp28_assign_12/41 "/>
</bind>
</comp>

<comp id="904" class="1004" name="grp_sbox_quintic_fu_904">
<pin_list>
<pin id="905" dir="0" index="0" bw="255" slack="0"/>
<pin id="906" dir="0" index="1" bw="256" slack="1"/>
<pin id="907" dir="1" index="2" bw="255" slack="0"/>
</pin_list>
<bind>
<opcode="call(48) " fcode="call"/>
<opset="ref_tmp28_assign_13/41 "/>
</bind>
</comp>

<comp id="909" class="1004" name="grp_sbox_quintic_fu_909">
<pin_list>
<pin id="910" dir="0" index="0" bw="255" slack="0"/>
<pin id="911" dir="0" index="1" bw="256" slack="1"/>
<pin id="912" dir="1" index="2" bw="255" slack="0"/>
</pin_list>
<bind>
<opcode="call(48) " fcode="call"/>
<opset="ref_tmp28_assign_14/41 "/>
</bind>
</comp>

<comp id="914" class="1004" name="grp_sbox_quintic_fu_914">
<pin_list>
<pin id="915" dir="0" index="0" bw="255" slack="0"/>
<pin id="916" dir="0" index="1" bw="256" slack="9"/>
<pin id="917" dir="1" index="2" bw="255" slack="0"/>
</pin_list>
<bind>
<opcode="call(48) " fcode="call"/>
<opset="ref_tmp28_assign_15/41 "/>
</bind>
</comp>

<comp id="919" class="1004" name="grp_sbox_quintic_fu_919">
<pin_list>
<pin id="920" dir="0" index="0" bw="255" slack="0"/>
<pin id="921" dir="0" index="1" bw="256" slack="8"/>
<pin id="922" dir="1" index="2" bw="255" slack="0"/>
</pin_list>
<bind>
<opcode="call(48) " fcode="call"/>
<opset="ref_tmp28_assign_16/41 "/>
</bind>
</comp>

<comp id="924" class="1004" name="grp_sbox_quintic_fu_924">
<pin_list>
<pin id="925" dir="0" index="0" bw="255" slack="0"/>
<pin id="926" dir="0" index="1" bw="256" slack="1"/>
<pin id="927" dir="1" index="2" bw="255" slack="0"/>
</pin_list>
<bind>
<opcode="call(48) " fcode="call"/>
<opset="ref_tmp28_assign_17/41 "/>
</bind>
</comp>

<comp id="929" class="1004" name="grp_sbox_quintic_fu_929">
<pin_list>
<pin id="930" dir="0" index="0" bw="255" slack="0"/>
<pin id="931" dir="0" index="1" bw="256" slack="1"/>
<pin id="932" dir="1" index="2" bw="255" slack="0"/>
</pin_list>
<bind>
<opcode="call(48) " fcode="call"/>
<opset="ref_tmp28_assign_18/41 "/>
</bind>
</comp>

<comp id="934" class="1004" name="grp_sbox_quintic_fu_934">
<pin_list>
<pin id="935" dir="0" index="0" bw="255" slack="0"/>
<pin id="936" dir="0" index="1" bw="256" slack="5"/>
<pin id="937" dir="1" index="2" bw="255" slack="0"/>
</pin_list>
<bind>
<opcode="call(48) " fcode="call"/>
<opset="ref_tmp28_assign_19/41 "/>
</bind>
</comp>

<comp id="939" class="1004" name="grp_sbox_quintic_fu_939">
<pin_list>
<pin id="940" dir="0" index="0" bw="255" slack="0"/>
<pin id="941" dir="0" index="1" bw="256" slack="4"/>
<pin id="942" dir="1" index="2" bw="255" slack="0"/>
</pin_list>
<bind>
<opcode="call(48) " fcode="call"/>
<opset="ref_tmp28_assign_20/41 "/>
</bind>
</comp>

<comp id="944" class="1004" name="grp_sbox_quintic_fu_944">
<pin_list>
<pin id="945" dir="0" index="0" bw="255" slack="0"/>
<pin id="946" dir="0" index="1" bw="256" slack="3"/>
<pin id="947" dir="1" index="2" bw="255" slack="0"/>
</pin_list>
<bind>
<opcode="call(48) " fcode="call"/>
<opset="ref_tmp28_assign_21/41 "/>
</bind>
</comp>

<comp id="949" class="1004" name="grp_sbox_quintic_fu_949">
<pin_list>
<pin id="950" dir="0" index="0" bw="255" slack="0"/>
<pin id="951" dir="0" index="1" bw="256" slack="2"/>
<pin id="952" dir="1" index="2" bw="255" slack="0"/>
</pin_list>
<bind>
<opcode="call(48) " fcode="call"/>
<opset="ref_tmp28_assign_22/41 "/>
</bind>
</comp>

<comp id="954" class="1004" name="grp_sbox_quintic_fu_954">
<pin_list>
<pin id="955" dir="0" index="0" bw="255" slack="0"/>
<pin id="956" dir="0" index="1" bw="256" slack="1"/>
<pin id="957" dir="1" index="2" bw="255" slack="0"/>
</pin_list>
<bind>
<opcode="call(48) " fcode="call"/>
<opset="ref_tmp28_assign_23/41 "/>
</bind>
</comp>

<comp id="959" class="1004" name="grp_poseidon_top_Pipeline_mds_row_fu_959">
<pin_list>
<pin id="960" dir="0" index="0" bw="0" slack="0"/>
<pin id="961" dir="0" index="1" bw="256" slack="0"/>
<pin id="962" dir="0" index="2" bw="59" slack="42"/>
<pin id="963" dir="0" index="3" bw="255" slack="24"/>
<pin id="964" dir="0" index="4" bw="256" slack="0"/>
<pin id="965" dir="0" index="5" bw="256" slack="0"/>
<pin id="966" dir="0" index="6" bw="256" slack="0"/>
<pin id="967" dir="0" index="7" bw="256" slack="0"/>
<pin id="968" dir="0" index="8" bw="256" slack="0"/>
<pin id="969" dir="0" index="9" bw="256" slack="0"/>
<pin id="970" dir="0" index="10" bw="256" slack="0"/>
<pin id="971" dir="0" index="11" bw="256" slack="0"/>
<pin id="972" dir="0" index="12" bw="256" slack="0"/>
<pin id="973" dir="0" index="13" bw="256" slack="0"/>
<pin id="974" dir="0" index="14" bw="256" slack="0"/>
<pin id="975" dir="0" index="15" bw="256" slack="0"/>
<pin id="976" dir="0" index="16" bw="256" slack="0"/>
<pin id="977" dir="0" index="17" bw="256" slack="0"/>
<pin id="978" dir="0" index="18" bw="256" slack="0"/>
<pin id="979" dir="0" index="19" bw="256" slack="0"/>
<pin id="980" dir="0" index="20" bw="256" slack="0"/>
<pin id="981" dir="0" index="21" bw="256" slack="0"/>
<pin id="982" dir="0" index="22" bw="256" slack="0"/>
<pin id="983" dir="0" index="23" bw="256" slack="0"/>
<pin id="984" dir="0" index="24" bw="256" slack="0"/>
<pin id="985" dir="0" index="25" bw="256" slack="0"/>
<pin id="986" dir="0" index="26" bw="256" slack="0"/>
<pin id="987" dir="0" index="27" bw="256" slack="42"/>
<pin id="988" dir="0" index="28" bw="256" slack="42"/>
<pin id="989" dir="0" index="29" bw="256" slack="42"/>
<pin id="990" dir="0" index="30" bw="256" slack="42"/>
<pin id="991" dir="0" index="31" bw="256" slack="42"/>
<pin id="992" dir="0" index="32" bw="256" slack="42"/>
<pin id="993" dir="0" index="33" bw="256" slack="42"/>
<pin id="994" dir="0" index="34" bw="256" slack="42"/>
<pin id="995" dir="0" index="35" bw="256" slack="42"/>
<pin id="996" dir="0" index="36" bw="256" slack="42"/>
<pin id="997" dir="0" index="37" bw="256" slack="42"/>
<pin id="998" dir="0" index="38" bw="256" slack="42"/>
<pin id="999" dir="0" index="39" bw="256" slack="42"/>
<pin id="1000" dir="0" index="40" bw="256" slack="42"/>
<pin id="1001" dir="0" index="41" bw="256" slack="42"/>
<pin id="1002" dir="0" index="42" bw="256" slack="42"/>
<pin id="1003" dir="0" index="43" bw="256" slack="42"/>
<pin id="1004" dir="0" index="44" bw="256" slack="42"/>
<pin id="1005" dir="0" index="45" bw="256" slack="42"/>
<pin id="1006" dir="0" index="46" bw="256" slack="42"/>
<pin id="1007" dir="0" index="47" bw="256" slack="42"/>
<pin id="1008" dir="0" index="48" bw="256" slack="42"/>
<pin id="1009" dir="0" index="49" bw="256" slack="42"/>
<pin id="1010" dir="0" index="50" bw="256" slack="42"/>
<pin id="1011" dir="1" index="51" bw="0" slack="2147483647"/>
</pin_list>
<bind>
<opcode="call(48) " fcode="call"/>
<opset="call_ln73/43 "/>
</bind>
</comp>

<comp id="1037" class="1004" name="grp_load_fu_1037">
<pin_list>
<pin id="1038" dir="0" index="0" bw="256" slack="4"/>
<pin id="1039" dir="1" index="1" bw="256" slack="0"/>
</pin_list>
<bind>
<opcode="load(27) " fcode="load"/>
<opset="p_0_0_01942_load_1/5 p_0_0_01942_load/15 "/>
</bind>
</comp>

<comp id="1041" class="1004" name="grp_load_fu_1041">
<pin_list>
<pin id="1042" dir="0" index="0" bw="256" slack="4"/>
<pin id="1043" dir="1" index="1" bw="256" slack="0"/>
</pin_list>
<bind>
<opcode="load(27) " fcode="load"/>
<opset="p_0_0_011_144_load_1/5 p_0_0_011_144_load/38 "/>
</bind>
</comp>

<comp id="1045" class="1004" name="grp_load_fu_1045">
<pin_list>
<pin id="1046" dir="0" index="0" bw="256" slack="4"/>
<pin id="1047" dir="1" index="1" bw="256" slack="0"/>
</pin_list>
<bind>
<opcode="load(27) " fcode="load"/>
<opset="p_0_0_011_246_load_1/5 p_0_0_011_246_load/38 "/>
</bind>
</comp>

<comp id="1049" class="1004" name="grp_load_fu_1049">
<pin_list>
<pin id="1050" dir="0" index="0" bw="256" slack="4"/>
<pin id="1051" dir="1" index="1" bw="256" slack="0"/>
</pin_list>
<bind>
<opcode="load(27) " fcode="load"/>
<opset="p_0_0_011_348_load_1/5 p_0_0_011_348_load/38 "/>
</bind>
</comp>

<comp id="1053" class="1004" name="grp_load_fu_1053">
<pin_list>
<pin id="1054" dir="0" index="0" bw="256" slack="4"/>
<pin id="1055" dir="1" index="1" bw="256" slack="0"/>
</pin_list>
<bind>
<opcode="load(27) " fcode="load"/>
<opset="p_0_0_011_450_load_1/5 p_0_0_011_450_load/38 "/>
</bind>
</comp>

<comp id="1057" class="1004" name="grp_load_fu_1057">
<pin_list>
<pin id="1058" dir="0" index="0" bw="256" slack="4"/>
<pin id="1059" dir="1" index="1" bw="256" slack="0"/>
</pin_list>
<bind>
<opcode="load(27) " fcode="load"/>
<opset="p_0_0_011_552_load_1/5 p_0_0_011_552_load/38 "/>
</bind>
</comp>

<comp id="1061" class="1004" name="grp_load_fu_1061">
<pin_list>
<pin id="1062" dir="0" index="0" bw="256" slack="4"/>
<pin id="1063" dir="1" index="1" bw="256" slack="0"/>
</pin_list>
<bind>
<opcode="load(27) " fcode="load"/>
<opset="p_0_0_011_654_load_1/5 p_0_0_011_654_load/38 "/>
</bind>
</comp>

<comp id="1065" class="1004" name="grp_load_fu_1065">
<pin_list>
<pin id="1066" dir="0" index="0" bw="256" slack="4"/>
<pin id="1067" dir="1" index="1" bw="256" slack="0"/>
</pin_list>
<bind>
<opcode="load(27) " fcode="load"/>
<opset="p_0_0_011_756_load_1/5 p_0_0_011_756_load/38 "/>
</bind>
</comp>

<comp id="1069" class="1004" name="grp_load_fu_1069">
<pin_list>
<pin id="1070" dir="0" index="0" bw="256" slack="4"/>
<pin id="1071" dir="1" index="1" bw="256" slack="0"/>
</pin_list>
<bind>
<opcode="load(27) " fcode="load"/>
<opset="p_0_0_011_858_load_1/5 p_0_0_011_858_load/38 "/>
</bind>
</comp>

<comp id="1073" class="1004" name="grp_load_fu_1073">
<pin_list>
<pin id="1074" dir="0" index="0" bw="256" slack="4"/>
<pin id="1075" dir="1" index="1" bw="256" slack="0"/>
</pin_list>
<bind>
<opcode="load(27) " fcode="load"/>
<opset="p_0_0_011_960_load_1/5 p_0_0_011_960_load/38 "/>
</bind>
</comp>

<comp id="1077" class="1004" name="grp_load_fu_1077">
<pin_list>
<pin id="1078" dir="0" index="0" bw="256" slack="4"/>
<pin id="1079" dir="1" index="1" bw="256" slack="0"/>
</pin_list>
<bind>
<opcode="load(27) " fcode="load"/>
<opset="p_0_0_011_1062_load_1/5 p_0_0_011_1062_load/38 "/>
</bind>
</comp>

<comp id="1081" class="1004" name="grp_load_fu_1081">
<pin_list>
<pin id="1082" dir="0" index="0" bw="256" slack="4"/>
<pin id="1083" dir="1" index="1" bw="256" slack="0"/>
</pin_list>
<bind>
<opcode="load(27) " fcode="load"/>
<opset="p_0_0_011_1164_load_1/5 p_0_0_011_1164_load/38 "/>
</bind>
</comp>

<comp id="1085" class="1004" name="grp_load_fu_1085">
<pin_list>
<pin id="1086" dir="0" index="0" bw="256" slack="4"/>
<pin id="1087" dir="1" index="1" bw="256" slack="0"/>
</pin_list>
<bind>
<opcode="load(27) " fcode="load"/>
<opset="p_0_0_011_1266_load_1/5 p_0_0_011_1266_load/38 "/>
</bind>
</comp>

<comp id="1089" class="1004" name="grp_load_fu_1089">
<pin_list>
<pin id="1090" dir="0" index="0" bw="256" slack="4"/>
<pin id="1091" dir="1" index="1" bw="256" slack="0"/>
</pin_list>
<bind>
<opcode="load(27) " fcode="load"/>
<opset="p_0_0_011_1368_load_1/5 p_0_0_011_1368_load/38 "/>
</bind>
</comp>

<comp id="1093" class="1004" name="grp_load_fu_1093">
<pin_list>
<pin id="1094" dir="0" index="0" bw="256" slack="4"/>
<pin id="1095" dir="1" index="1" bw="256" slack="0"/>
</pin_list>
<bind>
<opcode="load(27) " fcode="load"/>
<opset="p_0_0_011_1470_load_1/5 p_0_0_011_1470_load/38 "/>
</bind>
</comp>

<comp id="1097" class="1004" name="grp_load_fu_1097">
<pin_list>
<pin id="1098" dir="0" index="0" bw="256" slack="4"/>
<pin id="1099" dir="1" index="1" bw="256" slack="0"/>
</pin_list>
<bind>
<opcode="load(27) " fcode="load"/>
<opset="p_0_0_011_1572_load_1/5 p_0_0_011_1572_load/30 "/>
</bind>
</comp>

<comp id="1101" class="1004" name="grp_load_fu_1101">
<pin_list>
<pin id="1102" dir="0" index="0" bw="256" slack="4"/>
<pin id="1103" dir="1" index="1" bw="256" slack="0"/>
</pin_list>
<bind>
<opcode="load(27) " fcode="load"/>
<opset="p_0_0_011_1674_load_1/5 p_0_0_011_1674_load/31 "/>
</bind>
</comp>

<comp id="1105" class="1004" name="grp_load_fu_1105">
<pin_list>
<pin id="1106" dir="0" index="0" bw="256" slack="4"/>
<pin id="1107" dir="1" index="1" bw="256" slack="0"/>
</pin_list>
<bind>
<opcode="load(27) " fcode="load"/>
<opset="p_0_0_011_1776_load_1/5 p_0_0_011_1776_load/38 "/>
</bind>
</comp>

<comp id="1109" class="1004" name="grp_load_fu_1109">
<pin_list>
<pin id="1110" dir="0" index="0" bw="256" slack="4"/>
<pin id="1111" dir="1" index="1" bw="256" slack="0"/>
</pin_list>
<bind>
<opcode="load(27) " fcode="load"/>
<opset="p_0_0_011_1878_load_1/5 p_0_0_011_1878_load/38 "/>
</bind>
</comp>

<comp id="1113" class="1004" name="grp_load_fu_1113">
<pin_list>
<pin id="1114" dir="0" index="0" bw="256" slack="4"/>
<pin id="1115" dir="1" index="1" bw="256" slack="0"/>
</pin_list>
<bind>
<opcode="load(27) " fcode="load"/>
<opset="p_0_0_011_1980_load_1/5 p_0_0_011_1980_load/34 "/>
</bind>
</comp>

<comp id="1117" class="1004" name="grp_load_fu_1117">
<pin_list>
<pin id="1118" dir="0" index="0" bw="256" slack="4"/>
<pin id="1119" dir="1" index="1" bw="256" slack="0"/>
</pin_list>
<bind>
<opcode="load(27) " fcode="load"/>
<opset="p_0_0_011_2082_load_1/5 p_0_0_011_2082_load/35 "/>
</bind>
</comp>

<comp id="1121" class="1004" name="grp_load_fu_1121">
<pin_list>
<pin id="1122" dir="0" index="0" bw="256" slack="4"/>
<pin id="1123" dir="1" index="1" bw="256" slack="0"/>
</pin_list>
<bind>
<opcode="load(27) " fcode="load"/>
<opset="p_0_0_011_2184_load_1/5 p_0_0_011_2184_load/36 "/>
</bind>
</comp>

<comp id="1125" class="1004" name="grp_load_fu_1125">
<pin_list>
<pin id="1126" dir="0" index="0" bw="256" slack="4"/>
<pin id="1127" dir="1" index="1" bw="256" slack="0"/>
</pin_list>
<bind>
<opcode="load(27) " fcode="load"/>
<opset="p_0_0_011_2286_load_1/5 p_0_0_011_2286_load/37 "/>
</bind>
</comp>

<comp id="1129" class="1004" name="grp_load_fu_1129">
<pin_list>
<pin id="1130" dir="0" index="0" bw="256" slack="4"/>
<pin id="1131" dir="1" index="1" bw="256" slack="0"/>
</pin_list>
<bind>
<opcode="load(27) " fcode="load"/>
<opset="p_0_0_011_2388_load_1/5 p_0_0_011_2388_load/38 "/>
</bind>
</comp>

<comp id="1133" class="1005" name="reg_1133">
<pin_list>
<pin id="1134" dir="0" index="0" bw="256" slack="1"/>
<pin id="1135" dir="1" index="1" bw="256" slack="1"/>
</pin_list>
<bind>
<opset="p_0_0_01942_load_1 p_0_0_01942_load "/>
</bind>
</comp>

<comp id="1138" class="1005" name="reg_1138">
<pin_list>
<pin id="1139" dir="0" index="0" bw="256" slack="1"/>
<pin id="1140" dir="1" index="1" bw="256" slack="1"/>
</pin_list>
<bind>
<opset="p_0_0_011_144_load_1 p_0_0_011_144_load "/>
</bind>
</comp>

<comp id="1143" class="1005" name="reg_1143">
<pin_list>
<pin id="1144" dir="0" index="0" bw="256" slack="1"/>
<pin id="1145" dir="1" index="1" bw="256" slack="1"/>
</pin_list>
<bind>
<opset="p_0_0_011_246_load_1 p_0_0_011_246_load "/>
</bind>
</comp>

<comp id="1148" class="1005" name="reg_1148">
<pin_list>
<pin id="1149" dir="0" index="0" bw="256" slack="1"/>
<pin id="1150" dir="1" index="1" bw="256" slack="1"/>
</pin_list>
<bind>
<opset="p_0_0_011_348_load_1 p_0_0_011_348_load "/>
</bind>
</comp>

<comp id="1153" class="1005" name="reg_1153">
<pin_list>
<pin id="1154" dir="0" index="0" bw="256" slack="1"/>
<pin id="1155" dir="1" index="1" bw="256" slack="1"/>
</pin_list>
<bind>
<opset="p_0_0_011_450_load_1 p_0_0_011_450_load "/>
</bind>
</comp>

<comp id="1158" class="1005" name="reg_1158">
<pin_list>
<pin id="1159" dir="0" index="0" bw="256" slack="1"/>
<pin id="1160" dir="1" index="1" bw="256" slack="1"/>
</pin_list>
<bind>
<opset="p_0_0_011_552_load_1 p_0_0_011_552_load "/>
</bind>
</comp>

<comp id="1163" class="1005" name="reg_1163">
<pin_list>
<pin id="1164" dir="0" index="0" bw="256" slack="1"/>
<pin id="1165" dir="1" index="1" bw="256" slack="1"/>
</pin_list>
<bind>
<opset="p_0_0_011_654_load_1 p_0_0_011_654_load "/>
</bind>
</comp>

<comp id="1168" class="1005" name="reg_1168">
<pin_list>
<pin id="1169" dir="0" index="0" bw="256" slack="1"/>
<pin id="1170" dir="1" index="1" bw="256" slack="1"/>
</pin_list>
<bind>
<opset="p_0_0_011_756_load_1 p_0_0_011_756_load "/>
</bind>
</comp>

<comp id="1173" class="1005" name="reg_1173">
<pin_list>
<pin id="1174" dir="0" index="0" bw="256" slack="1"/>
<pin id="1175" dir="1" index="1" bw="256" slack="1"/>
</pin_list>
<bind>
<opset="p_0_0_011_858_load_1 p_0_0_011_858_load "/>
</bind>
</comp>

<comp id="1178" class="1005" name="reg_1178">
<pin_list>
<pin id="1179" dir="0" index="0" bw="256" slack="1"/>
<pin id="1180" dir="1" index="1" bw="256" slack="1"/>
</pin_list>
<bind>
<opset="p_0_0_011_960_load_1 p_0_0_011_960_load "/>
</bind>
</comp>

<comp id="1183" class="1005" name="reg_1183">
<pin_list>
<pin id="1184" dir="0" index="0" bw="256" slack="1"/>
<pin id="1185" dir="1" index="1" bw="256" slack="1"/>
</pin_list>
<bind>
<opset="p_0_0_011_1062_load_1 p_0_0_011_1062_load "/>
</bind>
</comp>

<comp id="1188" class="1005" name="reg_1188">
<pin_list>
<pin id="1189" dir="0" index="0" bw="256" slack="1"/>
<pin id="1190" dir="1" index="1" bw="256" slack="1"/>
</pin_list>
<bind>
<opset="p_0_0_011_1164_load_1 p_0_0_011_1164_load "/>
</bind>
</comp>

<comp id="1193" class="1005" name="reg_1193">
<pin_list>
<pin id="1194" dir="0" index="0" bw="256" slack="1"/>
<pin id="1195" dir="1" index="1" bw="256" slack="1"/>
</pin_list>
<bind>
<opset="p_0_0_011_1266_load_1 p_0_0_011_1266_load "/>
</bind>
</comp>

<comp id="1198" class="1005" name="reg_1198">
<pin_list>
<pin id="1199" dir="0" index="0" bw="256" slack="1"/>
<pin id="1200" dir="1" index="1" bw="256" slack="1"/>
</pin_list>
<bind>
<opset="p_0_0_011_1368_load_1 p_0_0_011_1368_load "/>
</bind>
</comp>

<comp id="1203" class="1005" name="reg_1203">
<pin_list>
<pin id="1204" dir="0" index="0" bw="256" slack="1"/>
<pin id="1205" dir="1" index="1" bw="256" slack="1"/>
</pin_list>
<bind>
<opset="p_0_0_011_1470_load_1 p_0_0_011_1470_load "/>
</bind>
</comp>

<comp id="1208" class="1005" name="reg_1208">
<pin_list>
<pin id="1209" dir="0" index="0" bw="256" slack="1"/>
<pin id="1210" dir="1" index="1" bw="256" slack="1"/>
</pin_list>
<bind>
<opset="p_0_0_011_1572_load_1 p_0_0_011_1572_load "/>
</bind>
</comp>

<comp id="1213" class="1005" name="reg_1213">
<pin_list>
<pin id="1214" dir="0" index="0" bw="256" slack="1"/>
<pin id="1215" dir="1" index="1" bw="256" slack="1"/>
</pin_list>
<bind>
<opset="p_0_0_011_1674_load_1 p_0_0_011_1674_load "/>
</bind>
</comp>

<comp id="1218" class="1005" name="reg_1218">
<pin_list>
<pin id="1219" dir="0" index="0" bw="256" slack="1"/>
<pin id="1220" dir="1" index="1" bw="256" slack="1"/>
</pin_list>
<bind>
<opset="p_0_0_011_1776_load_1 p_0_0_011_1776_load "/>
</bind>
</comp>

<comp id="1223" class="1005" name="reg_1223">
<pin_list>
<pin id="1224" dir="0" index="0" bw="256" slack="1"/>
<pin id="1225" dir="1" index="1" bw="256" slack="1"/>
</pin_list>
<bind>
<opset="p_0_0_011_1878_load_1 p_0_0_011_1878_load "/>
</bind>
</comp>

<comp id="1228" class="1005" name="reg_1228">
<pin_list>
<pin id="1229" dir="0" index="0" bw="256" slack="1"/>
<pin id="1230" dir="1" index="1" bw="256" slack="1"/>
</pin_list>
<bind>
<opset="p_0_0_011_1980_load_1 p_0_0_011_1980_load "/>
</bind>
</comp>

<comp id="1233" class="1005" name="reg_1233">
<pin_list>
<pin id="1234" dir="0" index="0" bw="256" slack="1"/>
<pin id="1235" dir="1" index="1" bw="256" slack="1"/>
</pin_list>
<bind>
<opset="p_0_0_011_2082_load_1 p_0_0_011_2082_load "/>
</bind>
</comp>

<comp id="1238" class="1005" name="reg_1238">
<pin_list>
<pin id="1239" dir="0" index="0" bw="256" slack="1"/>
<pin id="1240" dir="1" index="1" bw="256" slack="1"/>
</pin_list>
<bind>
<opset="p_0_0_011_2184_load_1 p_0_0_011_2184_load "/>
</bind>
</comp>

<comp id="1243" class="1005" name="reg_1243">
<pin_list>
<pin id="1244" dir="0" index="0" bw="256" slack="1"/>
<pin id="1245" dir="1" index="1" bw="256" slack="1"/>
</pin_list>
<bind>
<opset="p_0_0_011_2286_load_1 p_0_0_011_2286_load "/>
</bind>
</comp>

<comp id="1248" class="1005" name="reg_1248">
<pin_list>
<pin id="1249" dir="0" index="0" bw="256" slack="1"/>
<pin id="1250" dir="1" index="1" bw="256" slack="1"/>
</pin_list>
<bind>
<opset="p_0_0_011_2388_load_1 p_0_0_011_2388_load "/>
</bind>
</comp>

<comp id="1253" class="1004" name="trunc_ln_fu_1253">
<pin_list>
<pin id="1254" dir="0" index="0" bw="59" slack="0"/>
<pin id="1255" dir="0" index="1" bw="64" slack="0"/>
<pin id="1256" dir="0" index="2" bw="4" slack="0"/>
<pin id="1257" dir="0" index="3" bw="7" slack="0"/>
<pin id="1258" dir="1" index="4" bw="59" slack="3"/>
</pin_list>
<bind>
<opcode="partselect(1002) " fcode="partselect"/>
<opset="trunc_ln/1 "/>
</bind>
</comp>

<comp id="1263" class="1004" name="trunc_ln73_1_fu_1263">
<pin_list>
<pin id="1264" dir="0" index="0" bw="59" slack="0"/>
<pin id="1265" dir="0" index="1" bw="64" slack="0"/>
<pin id="1266" dir="0" index="2" bw="4" slack="0"/>
<pin id="1267" dir="0" index="3" bw="7" slack="0"/>
<pin id="1268" dir="1" index="4" bw="59" slack="42"/>
</pin_list>
<bind>
<opcode="partselect(1002) " fcode="partselect"/>
<opset="trunc_ln73_1/1 "/>
</bind>
</comp>

<comp id="1273" class="1004" name="store_ln49_store_fu_1273">
<pin_list>
<pin id="1274" dir="0" index="0" bw="1" slack="0"/>
<pin id="1275" dir="0" index="1" bw="11" slack="0"/>
<pin id="1276" dir="1" index="2" bw="0" slack="2147483647"/>
</pin_list>
<bind>
<opcode="store(28) " fcode="store"/>
<opset="store_ln49/1 "/>
</bind>
</comp>

<comp id="1278" class="1004" name="store_ln50_store_fu_1278">
<pin_list>
<pin id="1279" dir="0" index="0" bw="1" slack="0"/>
<pin id="1280" dir="0" index="1" bw="7" slack="0"/>
<pin id="1281" dir="1" index="2" bw="0" slack="2147483647"/>
</pin_list>
<bind>
<opcode="store(28) " fcode="store"/>
<opset="store_ln50/1 "/>
</bind>
</comp>

<comp id="1283" class="1004" name="sext_ln73_fu_1283">
<pin_list>
<pin id="1284" dir="0" index="0" bw="59" slack="3"/>
<pin id="1285" dir="1" index="1" bw="60" slack="0"/>
</pin_list>
<bind>
<opcode="sext(35) " fcode="sext"/>
<opset="sext_ln73/4 "/>
</bind>
</comp>

<comp id="1286" class="1004" name="add_ln55_8_fu_1286">
<pin_list>
<pin id="1287" dir="0" index="0" bw="59" slack="0"/>
<pin id="1288" dir="0" index="1" bw="5" slack="0"/>
<pin id="1289" dir="1" index="2" bw="60" slack="1"/>
</pin_list>
<bind>
<opcode="add(8) " fcode="add"/>
<opset="add_ln55_8/4 "/>
</bind>
</comp>

<comp id="1292" class="1004" name="add_ln55_10_fu_1292">
<pin_list>
<pin id="1293" dir="0" index="0" bw="59" slack="0"/>
<pin id="1294" dir="0" index="1" bw="5" slack="0"/>
<pin id="1295" dir="1" index="2" bw="60" slack="1"/>
</pin_list>
<bind>
<opcode="add(8) " fcode="add"/>
<opset="add_ln55_10/4 "/>
</bind>
</comp>

<comp id="1298" class="1004" name="add_ln55_12_fu_1298">
<pin_list>
<pin id="1299" dir="0" index="0" bw="59" slack="0"/>
<pin id="1300" dir="0" index="1" bw="5" slack="0"/>
<pin id="1301" dir="1" index="2" bw="60" slack="1"/>
</pin_list>
<bind>
<opcode="add(8) " fcode="add"/>
<opset="add_ln55_12/4 "/>
</bind>
</comp>

<comp id="1304" class="1004" name="add_ln55_14_fu_1304">
<pin_list>
<pin id="1305" dir="0" index="0" bw="59" slack="0"/>
<pin id="1306" dir="0" index="1" bw="5" slack="0"/>
<pin id="1307" dir="1" index="2" bw="60" slack="1"/>
</pin_list>
<bind>
<opcode="add(8) " fcode="add"/>
<opset="add_ln55_14/4 "/>
</bind>
</comp>

<comp id="1310" class="1004" name="add_ln55_16_fu_1310">
<pin_list>
<pin id="1311" dir="0" index="0" bw="59" slack="0"/>
<pin id="1312" dir="0" index="1" bw="5" slack="0"/>
<pin id="1313" dir="1" index="2" bw="60" slack="1"/>
</pin_list>
<bind>
<opcode="add(8) " fcode="add"/>
<opset="add_ln55_16/4 "/>
</bind>
</comp>

<comp id="1316" class="1004" name="add_ln55_18_fu_1316">
<pin_list>
<pin id="1317" dir="0" index="0" bw="59" slack="0"/>
<pin id="1318" dir="0" index="1" bw="5" slack="0"/>
<pin id="1319" dir="1" index="2" bw="60" slack="1"/>
</pin_list>
<bind>
<opcode="add(8) " fcode="add"/>
<opset="add_ln55_18/4 "/>
</bind>
</comp>

<comp id="1322" class="1004" name="add_ln55_20_fu_1322">
<pin_list>
<pin id="1323" dir="0" index="0" bw="59" slack="0"/>
<pin id="1324" dir="0" index="1" bw="5" slack="0"/>
<pin id="1325" dir="1" index="2" bw="60" slack="1"/>
</pin_list>
<bind>
<opcode="add(8) " fcode="add"/>
<opset="add_ln55_20/4 "/>
</bind>
</comp>

<comp id="1328" class="1004" name="add_ln55_22_fu_1328">
<pin_list>
<pin id="1329" dir="0" index="0" bw="59" slack="0"/>
<pin id="1330" dir="0" index="1" bw="5" slack="0"/>
<pin id="1331" dir="1" index="2" bw="60" slack="1"/>
</pin_list>
<bind>
<opcode="add(8) " fcode="add"/>
<opset="add_ln55_22/4 "/>
</bind>
</comp>

<comp id="1334" class="1004" name="add_ln55_24_fu_1334">
<pin_list>
<pin id="1335" dir="0" index="0" bw="59" slack="0"/>
<pin id="1336" dir="0" index="1" bw="6" slack="0"/>
<pin id="1337" dir="1" index="2" bw="60" slack="1"/>
</pin_list>
<bind>
<opcode="add(8) " fcode="add"/>
<opset="add_ln55_24/4 "/>
</bind>
</comp>

<comp id="1340" class="1004" name="add_ln55_26_fu_1340">
<pin_list>
<pin id="1341" dir="0" index="0" bw="59" slack="0"/>
<pin id="1342" dir="0" index="1" bw="6" slack="0"/>
<pin id="1343" dir="1" index="2" bw="60" slack="1"/>
</pin_list>
<bind>
<opcode="add(8) " fcode="add"/>
<opset="add_ln55_26/4 "/>
</bind>
</comp>

<comp id="1346" class="1004" name="add_ln55_28_fu_1346">
<pin_list>
<pin id="1347" dir="0" index="0" bw="59" slack="0"/>
<pin id="1348" dir="0" index="1" bw="6" slack="0"/>
<pin id="1349" dir="1" index="2" bw="60" slack="1"/>
</pin_list>
<bind>
<opcode="add(8) " fcode="add"/>
<opset="add_ln55_28/4 "/>
</bind>
</comp>

<comp id="1352" class="1004" name="add_ln55_30_fu_1352">
<pin_list>
<pin id="1353" dir="0" index="0" bw="59" slack="0"/>
<pin id="1354" dir="0" index="1" bw="6" slack="0"/>
<pin id="1355" dir="1" index="2" bw="60" slack="1"/>
</pin_list>
<bind>
<opcode="add(8) " fcode="add"/>
<opset="add_ln55_30/4 "/>
</bind>
</comp>

<comp id="1358" class="1004" name="add_ln55_32_fu_1358">
<pin_list>
<pin id="1359" dir="0" index="0" bw="59" slack="0"/>
<pin id="1360" dir="0" index="1" bw="6" slack="0"/>
<pin id="1361" dir="1" index="2" bw="60" slack="1"/>
</pin_list>
<bind>
<opcode="add(8) " fcode="add"/>
<opset="add_ln55_32/4 "/>
</bind>
</comp>

<comp id="1364" class="1004" name="add_ln55_34_fu_1364">
<pin_list>
<pin id="1365" dir="0" index="0" bw="59" slack="0"/>
<pin id="1366" dir="0" index="1" bw="6" slack="0"/>
<pin id="1367" dir="1" index="2" bw="60" slack="1"/>
</pin_list>
<bind>
<opcode="add(8) " fcode="add"/>
<opset="add_ln55_34/4 "/>
</bind>
</comp>

<comp id="1370" class="1004" name="add_ln55_36_fu_1370">
<pin_list>
<pin id="1371" dir="0" index="0" bw="59" slack="0"/>
<pin id="1372" dir="0" index="1" bw="6" slack="0"/>
<pin id="1373" dir="1" index="2" bw="60" slack="1"/>
</pin_list>
<bind>
<opcode="add(8) " fcode="add"/>
<opset="add_ln55_36/4 "/>
</bind>
</comp>

<comp id="1376" class="1004" name="add_ln55_38_fu_1376">
<pin_list>
<pin id="1377" dir="0" index="0" bw="59" slack="0"/>
<pin id="1378" dir="0" index="1" bw="6" slack="0"/>
<pin id="1379" dir="1" index="2" bw="60" slack="1"/>
</pin_list>
<bind>
<opcode="add(8) " fcode="add"/>
<opset="add_ln55_38/4 "/>
</bind>
</comp>

<comp id="1382" class="1004" name="r_1_load_fu_1382">
<pin_list>
<pin id="1383" dir="0" index="0" bw="7" slack="4"/>
<pin id="1384" dir="1" index="1" bw="7" slack="0"/>
</pin_list>
<bind>
<opcode="load(27) " fcode="load"/>
<opset="r_1/5 "/>
</bind>
</comp>

<comp id="1385" class="1004" name="icmp_ln50_fu_1385">
<pin_list>
<pin id="1386" dir="0" index="0" bw="7" slack="0"/>
<pin id="1387" dir="0" index="1" bw="7" slack="0"/>
<pin id="1388" dir="1" index="2" bw="1" slack="2147483647"/>
</pin_list>
<bind>
<opcode="icmp(45) " fcode="icmp"/>
<opset="icmp_ln50/5 "/>
</bind>
</comp>

<comp id="1391" class="1004" name="r_2_fu_1391">
<pin_list>
<pin id="1392" dir="0" index="0" bw="7" slack="0"/>
<pin id="1393" dir="0" index="1" bw="1" slack="0"/>
<pin id="1394" dir="1" index="2" bw="7" slack="37"/>
</pin_list>
<bind>
<opcode="add(8) " fcode="add"/>
<opset="r_2/5 "/>
</bind>
</comp>

<comp id="1397" class="1004" name="rc_idx_load_load_fu_1397">
<pin_list>
<pin id="1398" dir="0" index="0" bw="11" slack="4"/>
<pin id="1399" dir="1" index="1" bw="11" slack="0"/>
</pin_list>
<bind>
<opcode="load(27) " fcode="load"/>
<opset="rc_idx_load/5 "/>
</bind>
</comp>

<comp id="1400" class="1004" name="zext_ln50_fu_1400">
<pin_list>
<pin id="1401" dir="0" index="0" bw="11" slack="0"/>
<pin id="1402" dir="1" index="1" bw="60" slack="0"/>
</pin_list>
<bind>
<opcode="zext(34) " fcode="zext"/>
<opset="zext_ln50/5 "/>
</bind>
</comp>

<comp id="1404" class="1004" name="add_ln55_fu_1404">
<pin_list>
<pin id="1405" dir="0" index="0" bw="11" slack="0"/>
<pin id="1406" dir="0" index="1" bw="59" slack="1"/>
<pin id="1407" dir="1" index="2" bw="60" slack="1"/>
</pin_list>
<bind>
<opcode="add(8) " fcode="add"/>
<opset="add_ln55/5 "/>
</bind>
</comp>

<comp id="1409" class="1004" name="add_ln55_9_fu_1409">
<pin_list>
<pin id="1410" dir="0" index="0" bw="60" slack="1"/>
<pin id="1411" dir="0" index="1" bw="11" slack="0"/>
<pin id="1412" dir="1" index="2" bw="60" slack="9"/>
</pin_list>
<bind>
<opcode="add(8) " fcode="add"/>
<opset="add_ln55_9/5 "/>
</bind>
</comp>

<comp id="1414" class="1004" name="add_ln55_11_fu_1414">
<pin_list>
<pin id="1415" dir="0" index="0" bw="60" slack="1"/>
<pin id="1416" dir="0" index="1" bw="11" slack="0"/>
<pin id="1417" dir="1" index="2" bw="60" slack="10"/>
</pin_list>
<bind>
<opcode="add(8) " fcode="add"/>
<opset="add_ln55_11/5 "/>
</bind>
</comp>

<comp id="1419" class="1004" name="add_ln55_13_fu_1419">
<pin_list>
<pin id="1420" dir="0" index="0" bw="60" slack="1"/>
<pin id="1421" dir="0" index="1" bw="11" slack="0"/>
<pin id="1422" dir="1" index="2" bw="60" slack="11"/>
</pin_list>
<bind>
<opcode="add(8) " fcode="add"/>
<opset="add_ln55_13/5 "/>
</bind>
</comp>

<comp id="1424" class="1004" name="add_ln55_15_fu_1424">
<pin_list>
<pin id="1425" dir="0" index="0" bw="60" slack="1"/>
<pin id="1426" dir="0" index="1" bw="11" slack="0"/>
<pin id="1427" dir="1" index="2" bw="60" slack="12"/>
</pin_list>
<bind>
<opcode="add(8) " fcode="add"/>
<opset="add_ln55_15/5 "/>
</bind>
</comp>

<comp id="1429" class="1004" name="add_ln55_17_fu_1429">
<pin_list>
<pin id="1430" dir="0" index="0" bw="60" slack="1"/>
<pin id="1431" dir="0" index="1" bw="11" slack="0"/>
<pin id="1432" dir="1" index="2" bw="60" slack="13"/>
</pin_list>
<bind>
<opcode="add(8) " fcode="add"/>
<opset="add_ln55_17/5 "/>
</bind>
</comp>

<comp id="1434" class="1004" name="add_ln55_19_fu_1434">
<pin_list>
<pin id="1435" dir="0" index="0" bw="60" slack="1"/>
<pin id="1436" dir="0" index="1" bw="11" slack="0"/>
<pin id="1437" dir="1" index="2" bw="60" slack="14"/>
</pin_list>
<bind>
<opcode="add(8) " fcode="add"/>
<opset="add_ln55_19/5 "/>
</bind>
</comp>

<comp id="1439" class="1004" name="add_ln55_21_fu_1439">
<pin_list>
<pin id="1440" dir="0" index="0" bw="60" slack="1"/>
<pin id="1441" dir="0" index="1" bw="11" slack="0"/>
<pin id="1442" dir="1" index="2" bw="60" slack="15"/>
</pin_list>
<bind>
<opcode="add(8) " fcode="add"/>
<opset="add_ln55_21/5 "/>
</bind>
</comp>

<comp id="1444" class="1004" name="add_ln55_23_fu_1444">
<pin_list>
<pin id="1445" dir="0" index="0" bw="60" slack="1"/>
<pin id="1446" dir="0" index="1" bw="11" slack="0"/>
<pin id="1447" dir="1" index="2" bw="60" slack="16"/>
</pin_list>
<bind>
<opcode="add(8) " fcode="add"/>
<opset="add_ln55_23/5 "/>
</bind>
</comp>

<comp id="1449" class="1004" name="add_ln55_25_fu_1449">
<pin_list>
<pin id="1450" dir="0" index="0" bw="60" slack="1"/>
<pin id="1451" dir="0" index="1" bw="11" slack="0"/>
<pin id="1452" dir="1" index="2" bw="60" slack="17"/>
</pin_list>
<bind>
<opcode="add(8) " fcode="add"/>
<opset="add_ln55_25/5 "/>
</bind>
</comp>

<comp id="1454" class="1004" name="add_ln55_27_fu_1454">
<pin_list>
<pin id="1455" dir="0" index="0" bw="60" slack="1"/>
<pin id="1456" dir="0" index="1" bw="11" slack="0"/>
<pin id="1457" dir="1" index="2" bw="60" slack="18"/>
</pin_list>
<bind>
<opcode="add(8) " fcode="add"/>
<opset="add_ln55_27/5 "/>
</bind>
</comp>

<comp id="1459" class="1004" name="add_ln55_29_fu_1459">
<pin_list>
<pin id="1460" dir="0" index="0" bw="60" slack="1"/>
<pin id="1461" dir="0" index="1" bw="11" slack="0"/>
<pin id="1462" dir="1" index="2" bw="60" slack="19"/>
</pin_list>
<bind>
<opcode="add(8) " fcode="add"/>
<opset="add_ln55_29/5 "/>
</bind>
</comp>

<comp id="1464" class="1004" name="add_ln55_31_fu_1464">
<pin_list>
<pin id="1465" dir="0" index="0" bw="60" slack="1"/>
<pin id="1466" dir="0" index="1" bw="11" slack="0"/>
<pin id="1467" dir="1" index="2" bw="60" slack="20"/>
</pin_list>
<bind>
<opcode="add(8) " fcode="add"/>
<opset="add_ln55_31/5 "/>
</bind>
</comp>

<comp id="1469" class="1004" name="add_ln55_33_fu_1469">
<pin_list>
<pin id="1470" dir="0" index="0" bw="60" slack="1"/>
<pin id="1471" dir="0" index="1" bw="11" slack="0"/>
<pin id="1472" dir="1" index="2" bw="60" slack="21"/>
</pin_list>
<bind>
<opcode="add(8) " fcode="add"/>
<opset="add_ln55_33/5 "/>
</bind>
</comp>

<comp id="1474" class="1004" name="add_ln55_35_fu_1474">
<pin_list>
<pin id="1475" dir="0" index="0" bw="60" slack="1"/>
<pin id="1476" dir="0" index="1" bw="11" slack="0"/>
<pin id="1477" dir="1" index="2" bw="60" slack="22"/>
</pin_list>
<bind>
<opcode="add(8) " fcode="add"/>
<opset="add_ln55_35/5 "/>
</bind>
</comp>

<comp id="1479" class="1004" name="add_ln55_37_fu_1479">
<pin_list>
<pin id="1480" dir="0" index="0" bw="60" slack="1"/>
<pin id="1481" dir="0" index="1" bw="11" slack="0"/>
<pin id="1482" dir="1" index="2" bw="60" slack="23"/>
</pin_list>
<bind>
<opcode="add(8) " fcode="add"/>
<opset="add_ln55_37/5 "/>
</bind>
</comp>

<comp id="1484" class="1004" name="add_ln55_39_fu_1484">
<pin_list>
<pin id="1485" dir="0" index="0" bw="60" slack="1"/>
<pin id="1486" dir="0" index="1" bw="11" slack="0"/>
<pin id="1487" dir="1" index="2" bw="60" slack="24"/>
</pin_list>
<bind>
<opcode="add(8) " fcode="add"/>
<opset="add_ln55_39/5 "/>
</bind>
</comp>

<comp id="1489" class="1004" name="tmp_fu_1489">
<pin_list>
<pin id="1490" dir="0" index="0" bw="5" slack="0"/>
<pin id="1491" dir="0" index="1" bw="7" slack="0"/>
<pin id="1492" dir="0" index="2" bw="3" slack="0"/>
<pin id="1493" dir="0" index="3" bw="4" slack="0"/>
<pin id="1494" dir="1" index="4" bw="5" slack="0"/>
</pin_list>
<bind>
<opcode="partselect(1002) " fcode="partselect"/>
<opset="tmp/5 "/>
</bind>
</comp>

<comp id="1499" class="1004" name="icmp_fu_1499">
<pin_list>
<pin id="1500" dir="0" index="0" bw="5" slack="0"/>
<pin id="1501" dir="0" index="1" bw="5" slack="0"/>
<pin id="1502" dir="1" index="2" bw="1" slack="0"/>
</pin_list>
<bind>
<opcode="icmp(45) " fcode="icmp"/>
<opset="icmp/5 "/>
</bind>
</comp>

<comp id="1505" class="1004" name="tmp_1_fu_1505">
<pin_list>
<pin id="1506" dir="0" index="0" bw="1" slack="0"/>
<pin id="1507" dir="0" index="1" bw="7" slack="0"/>
<pin id="1508" dir="0" index="2" bw="4" slack="0"/>
<pin id="1509" dir="1" index="3" bw="1" slack="0"/>
</pin_list>
<bind>
<opcode="bitselect(1000) " fcode="bitselect"/>
<opset="tmp_1/5 "/>
</bind>
</comp>

<comp id="1513" class="1004" name="or_ln62_fu_1513">
<pin_list>
<pin id="1514" dir="0" index="0" bw="1" slack="0"/>
<pin id="1515" dir="0" index="1" bw="1" slack="0"/>
<pin id="1516" dir="1" index="2" bw="1" slack="35"/>
</pin_list>
<bind>
<opcode="or(24) " fcode="or"/>
<opset="or_ln62/5 "/>
</bind>
</comp>

<comp id="1519" class="1004" name="or_ln55_fu_1519">
<pin_list>
<pin id="1520" dir="0" index="0" bw="11" slack="2147483647"/>
<pin id="1521" dir="0" index="1" bw="11" slack="0"/>
<pin id="1522" dir="1" index="2" bw="11" slack="0"/>
</pin_list>
<bind>
<opcode="or(24) " fcode="or"/>
<opset="or_ln55/6 "/>
</bind>
</comp>

<comp id="1524" class="1004" name="zext_ln55_fu_1524">
<pin_list>
<pin id="1525" dir="0" index="0" bw="11" slack="0"/>
<pin id="1526" dir="1" index="1" bw="60" slack="0"/>
</pin_list>
<bind>
<opcode="zext(34) " fcode="zext"/>
<opset="zext_ln55/6 "/>
</bind>
</comp>

<comp id="1528" class="1004" name="sext_ln55_fu_1528">
<pin_list>
<pin id="1529" dir="0" index="0" bw="60" slack="1"/>
<pin id="1530" dir="1" index="1" bw="64" slack="0"/>
</pin_list>
<bind>
<opcode="sext(35) " fcode="sext"/>
<opset="sext_ln55/6 "/>
</bind>
</comp>

<comp id="1531" class="1004" name="gmem_addr_fu_1531">
<pin_list>
<pin id="1532" dir="0" index="0" bw="64" slack="0"/>
<pin id="1533" dir="0" index="1" bw="64" slack="0"/>
<pin id="1534" dir="1" index="2" bw="64" slack="0"/>
</pin_list>
<bind>
<opcode="getelementptr(29) " fcode="getelementptr"/>
<opset="gmem_addr/6 "/>
</bind>
</comp>

<comp id="1538" class="1004" name="add_ln55_1_fu_1538">
<pin_list>
<pin id="1539" dir="0" index="0" bw="11" slack="0"/>
<pin id="1540" dir="0" index="1" bw="59" slack="2"/>
<pin id="1541" dir="1" index="2" bw="60" slack="1"/>
</pin_list>
<bind>
<opcode="add(8) " fcode="add"/>
<opset="add_ln55_1/6 "/>
</bind>
</comp>

<comp id="1543" class="1004" name="or_ln55_1_fu_1543">
<pin_list>
<pin id="1544" dir="0" index="0" bw="11" slack="2147483647"/>
<pin id="1545" dir="0" index="1" bw="11" slack="0"/>
<pin id="1546" dir="1" index="2" bw="11" slack="0"/>
</pin_list>
<bind>
<opcode="or(24) " fcode="or"/>
<opset="or_ln55_1/7 "/>
</bind>
</comp>

<comp id="1548" class="1004" name="zext_ln55_1_fu_1548">
<pin_list>
<pin id="1549" dir="0" index="0" bw="11" slack="0"/>
<pin id="1550" dir="1" index="1" bw="60" slack="0"/>
</pin_list>
<bind>
<opcode="zext(34) " fcode="zext"/>
<opset="zext_ln55_1/7 "/>
</bind>
</comp>

<comp id="1552" class="1004" name="sext_ln55_1_fu_1552">
<pin_list>
<pin id="1553" dir="0" index="0" bw="60" slack="1"/>
<pin id="1554" dir="1" index="1" bw="64" slack="0"/>
</pin_list>
<bind>
<opcode="sext(35) " fcode="sext"/>
<opset="sext_ln55_1/7 "/>
</bind>
</comp>

<comp id="1555" class="1004" name="gmem_addr_1_fu_1555">
<pin_list>
<pin id="1556" dir="0" index="0" bw="64" slack="0"/>
<pin id="1557" dir="0" index="1" bw="64" slack="0"/>
<pin id="1558" dir="1" index="2" bw="64" slack="0"/>
</pin_list>
<bind>
<opcode="getelementptr(29) " fcode="getelementptr"/>
<opset="gmem_addr_1/7 "/>
</bind>
</comp>

<comp id="1562" class="1004" name="add_ln55_2_fu_1562">
<pin_list>
<pin id="1563" dir="0" index="0" bw="11" slack="0"/>
<pin id="1564" dir="0" index="1" bw="59" slack="3"/>
<pin id="1565" dir="1" index="2" bw="60" slack="1"/>
</pin_list>
<bind>
<opcode="add(8) " fcode="add"/>
<opset="add_ln55_2/7 "/>
</bind>
</comp>

<comp id="1567" class="1004" name="or_ln55_2_fu_1567">
<pin_list>
<pin id="1568" dir="0" index="0" bw="11" slack="2147483647"/>
<pin id="1569" dir="0" index="1" bw="11" slack="0"/>
<pin id="1570" dir="1" index="2" bw="11" slack="0"/>
</pin_list>
<bind>
<opcode="or(24) " fcode="or"/>
<opset="or_ln55_2/8 "/>
</bind>
</comp>

<comp id="1572" class="1004" name="zext_ln55_2_fu_1572">
<pin_list>
<pin id="1573" dir="0" index="0" bw="11" slack="0"/>
<pin id="1574" dir="1" index="1" bw="60" slack="0"/>
</pin_list>
<bind>
<opcode="zext(34) " fcode="zext"/>
<opset="zext_ln55_2/8 "/>
</bind>
</comp>

<comp id="1576" class="1004" name="sext_ln55_2_fu_1576">
<pin_list>
<pin id="1577" dir="0" index="0" bw="60" slack="1"/>
<pin id="1578" dir="1" index="1" bw="64" slack="0"/>
</pin_list>
<bind>
<opcode="sext(35) " fcode="sext"/>
<opset="sext_ln55_2/8 "/>
</bind>
</comp>

<comp id="1579" class="1004" name="gmem_addr_2_fu_1579">
<pin_list>
<pin id="1580" dir="0" index="0" bw="64" slack="0"/>
<pin id="1581" dir="0" index="1" bw="64" slack="0"/>
<pin id="1582" dir="1" index="2" bw="64" slack="0"/>
</pin_list>
<bind>
<opcode="getelementptr(29) " fcode="getelementptr"/>
<opset="gmem_addr_2/8 "/>
</bind>
</comp>

<comp id="1586" class="1004" name="add_ln55_3_fu_1586">
<pin_list>
<pin id="1587" dir="0" index="0" bw="11" slack="0"/>
<pin id="1588" dir="0" index="1" bw="59" slack="4"/>
<pin id="1589" dir="1" index="2" bw="60" slack="1"/>
</pin_list>
<bind>
<opcode="add(8) " fcode="add"/>
<opset="add_ln55_3/8 "/>
</bind>
</comp>

<comp id="1591" class="1004" name="or_ln55_3_fu_1591">
<pin_list>
<pin id="1592" dir="0" index="0" bw="11" slack="2147483647"/>
<pin id="1593" dir="0" index="1" bw="11" slack="0"/>
<pin id="1594" dir="1" index="2" bw="11" slack="0"/>
</pin_list>
<bind>
<opcode="or(24) " fcode="or"/>
<opset="or_ln55_3/9 "/>
</bind>
</comp>

<comp id="1596" class="1004" name="zext_ln55_3_fu_1596">
<pin_list>
<pin id="1597" dir="0" index="0" bw="11" slack="0"/>
<pin id="1598" dir="1" index="1" bw="60" slack="0"/>
</pin_list>
<bind>
<opcode="zext(34) " fcode="zext"/>
<opset="zext_ln55_3/9 "/>
</bind>
</comp>

<comp id="1600" class="1004" name="sext_ln55_3_fu_1600">
<pin_list>
<pin id="1601" dir="0" index="0" bw="60" slack="1"/>
<pin id="1602" dir="1" index="1" bw="64" slack="0"/>
</pin_list>
<bind>
<opcode="sext(35) " fcode="sext"/>
<opset="sext_ln55_3/9 "/>
</bind>
</comp>

<comp id="1603" class="1004" name="gmem_addr_3_fu_1603">
<pin_list>
<pin id="1604" dir="0" index="0" bw="64" slack="0"/>
<pin id="1605" dir="0" index="1" bw="64" slack="0"/>
<pin id="1606" dir="1" index="2" bw="64" slack="0"/>
</pin_list>
<bind>
<opcode="getelementptr(29) " fcode="getelementptr"/>
<opset="gmem_addr_3/9 "/>
</bind>
</comp>

<comp id="1610" class="1004" name="add_ln55_4_fu_1610">
<pin_list>
<pin id="1611" dir="0" index="0" bw="11" slack="0"/>
<pin id="1612" dir="0" index="1" bw="59" slack="5"/>
<pin id="1613" dir="1" index="2" bw="60" slack="1"/>
</pin_list>
<bind>
<opcode="add(8) " fcode="add"/>
<opset="add_ln55_4/9 "/>
</bind>
</comp>

<comp id="1615" class="1004" name="or_ln55_4_fu_1615">
<pin_list>
<pin id="1616" dir="0" index="0" bw="11" slack="2147483647"/>
<pin id="1617" dir="0" index="1" bw="11" slack="0"/>
<pin id="1618" dir="1" index="2" bw="11" slack="0"/>
</pin_list>
<bind>
<opcode="or(24) " fcode="or"/>
<opset="or_ln55_4/10 "/>
</bind>
</comp>

<comp id="1620" class="1004" name="zext_ln55_4_fu_1620">
<pin_list>
<pin id="1621" dir="0" index="0" bw="11" slack="0"/>
<pin id="1622" dir="1" index="1" bw="60" slack="0"/>
</pin_list>
<bind>
<opcode="zext(34) " fcode="zext"/>
<opset="zext_ln55_4/10 "/>
</bind>
</comp>

<comp id="1624" class="1004" name="sext_ln55_4_fu_1624">
<pin_list>
<pin id="1625" dir="0" index="0" bw="60" slack="1"/>
<pin id="1626" dir="1" index="1" bw="64" slack="0"/>
</pin_list>
<bind>
<opcode="sext(35) " fcode="sext"/>
<opset="sext_ln55_4/10 "/>
</bind>
</comp>

<comp id="1627" class="1004" name="gmem_addr_4_fu_1627">
<pin_list>
<pin id="1628" dir="0" index="0" bw="64" slack="0"/>
<pin id="1629" dir="0" index="1" bw="64" slack="0"/>
<pin id="1630" dir="1" index="2" bw="64" slack="0"/>
</pin_list>
<bind>
<opcode="getelementptr(29) " fcode="getelementptr"/>
<opset="gmem_addr_4/10 "/>
</bind>
</comp>

<comp id="1634" class="1004" name="add_ln55_5_fu_1634">
<pin_list>
<pin id="1635" dir="0" index="0" bw="11" slack="0"/>
<pin id="1636" dir="0" index="1" bw="59" slack="6"/>
<pin id="1637" dir="1" index="2" bw="60" slack="1"/>
</pin_list>
<bind>
<opcode="add(8) " fcode="add"/>
<opset="add_ln55_5/10 "/>
</bind>
</comp>

<comp id="1639" class="1004" name="or_ln55_5_fu_1639">
<pin_list>
<pin id="1640" dir="0" index="0" bw="11" slack="2147483647"/>
<pin id="1641" dir="0" index="1" bw="11" slack="0"/>
<pin id="1642" dir="1" index="2" bw="11" slack="0"/>
</pin_list>
<bind>
<opcode="or(24) " fcode="or"/>
<opset="or_ln55_5/11 "/>
</bind>
</comp>

<comp id="1644" class="1004" name="zext_ln55_5_fu_1644">
<pin_list>
<pin id="1645" dir="0" index="0" bw="11" slack="0"/>
<pin id="1646" dir="1" index="1" bw="60" slack="0"/>
</pin_list>
<bind>
<opcode="zext(34) " fcode="zext"/>
<opset="zext_ln55_5/11 "/>
</bind>
</comp>

<comp id="1648" class="1004" name="sext_ln55_5_fu_1648">
<pin_list>
<pin id="1649" dir="0" index="0" bw="60" slack="1"/>
<pin id="1650" dir="1" index="1" bw="64" slack="0"/>
</pin_list>
<bind>
<opcode="sext(35) " fcode="sext"/>
<opset="sext_ln55_5/11 "/>
</bind>
</comp>

<comp id="1651" class="1004" name="gmem_addr_5_fu_1651">
<pin_list>
<pin id="1652" dir="0" index="0" bw="64" slack="0"/>
<pin id="1653" dir="0" index="1" bw="64" slack="0"/>
<pin id="1654" dir="1" index="2" bw="64" slack="0"/>
</pin_list>
<bind>
<opcode="getelementptr(29) " fcode="getelementptr"/>
<opset="gmem_addr_5/11 "/>
</bind>
</comp>

<comp id="1658" class="1004" name="add_ln55_6_fu_1658">
<pin_list>
<pin id="1659" dir="0" index="0" bw="11" slack="0"/>
<pin id="1660" dir="0" index="1" bw="59" slack="7"/>
<pin id="1661" dir="1" index="2" bw="60" slack="1"/>
</pin_list>
<bind>
<opcode="add(8) " fcode="add"/>
<opset="add_ln55_6/11 "/>
</bind>
</comp>

<comp id="1663" class="1004" name="or_ln55_6_fu_1663">
<pin_list>
<pin id="1664" dir="0" index="0" bw="11" slack="2147483647"/>
<pin id="1665" dir="0" index="1" bw="11" slack="0"/>
<pin id="1666" dir="1" index="2" bw="11" slack="0"/>
</pin_list>
<bind>
<opcode="or(24) " fcode="or"/>
<opset="or_ln55_6/12 "/>
</bind>
</comp>

<comp id="1668" class="1004" name="zext_ln55_6_fu_1668">
<pin_list>
<pin id="1669" dir="0" index="0" bw="11" slack="0"/>
<pin id="1670" dir="1" index="1" bw="60" slack="0"/>
</pin_list>
<bind>
<opcode="zext(34) " fcode="zext"/>
<opset="zext_ln55_6/12 "/>
</bind>
</comp>

<comp id="1672" class="1004" name="sext_ln55_6_fu_1672">
<pin_list>
<pin id="1673" dir="0" index="0" bw="60" slack="1"/>
<pin id="1674" dir="1" index="1" bw="64" slack="0"/>
</pin_list>
<bind>
<opcode="sext(35) " fcode="sext"/>
<opset="sext_ln55_6/12 "/>
</bind>
</comp>

<comp id="1675" class="1004" name="gmem_addr_6_fu_1675">
<pin_list>
<pin id="1676" dir="0" index="0" bw="64" slack="0"/>
<pin id="1677" dir="0" index="1" bw="64" slack="0"/>
<pin id="1678" dir="1" index="2" bw="64" slack="0"/>
</pin_list>
<bind>
<opcode="getelementptr(29) " fcode="getelementptr"/>
<opset="gmem_addr_6/12 "/>
</bind>
</comp>

<comp id="1682" class="1004" name="add_ln55_7_fu_1682">
<pin_list>
<pin id="1683" dir="0" index="0" bw="11" slack="0"/>
<pin id="1684" dir="0" index="1" bw="59" slack="8"/>
<pin id="1685" dir="1" index="2" bw="60" slack="1"/>
</pin_list>
<bind>
<opcode="add(8) " fcode="add"/>
<opset="add_ln55_7/12 "/>
</bind>
</comp>

<comp id="1687" class="1004" name="sext_ln55_7_fu_1687">
<pin_list>
<pin id="1688" dir="0" index="0" bw="60" slack="1"/>
<pin id="1689" dir="1" index="1" bw="64" slack="0"/>
</pin_list>
<bind>
<opcode="sext(35) " fcode="sext"/>
<opset="sext_ln55_7/13 "/>
</bind>
</comp>

<comp id="1690" class="1004" name="gmem_addr_7_fu_1690">
<pin_list>
<pin id="1691" dir="0" index="0" bw="64" slack="0"/>
<pin id="1692" dir="0" index="1" bw="64" slack="0"/>
<pin id="1693" dir="1" index="2" bw="64" slack="0"/>
</pin_list>
<bind>
<opcode="getelementptr(29) " fcode="getelementptr"/>
<opset="gmem_addr_7/13 "/>
</bind>
</comp>

<comp id="1697" class="1004" name="sext_ln55_8_fu_1697">
<pin_list>
<pin id="1698" dir="0" index="0" bw="60" slack="9"/>
<pin id="1699" dir="1" index="1" bw="64" slack="0"/>
</pin_list>
<bind>
<opcode="sext(35) " fcode="sext"/>
<opset="sext_ln55_8/14 "/>
</bind>
</comp>

<comp id="1700" class="1004" name="gmem_addr_8_fu_1700">
<pin_list>
<pin id="1701" dir="0" index="0" bw="64" slack="0"/>
<pin id="1702" dir="0" index="1" bw="64" slack="0"/>
<pin id="1703" dir="1" index="2" bw="64" slack="0"/>
</pin_list>
<bind>
<opcode="getelementptr(29) " fcode="getelementptr"/>
<opset="gmem_addr_8/14 "/>
</bind>
</comp>

<comp id="1707" class="1004" name="sext_ln55_9_fu_1707">
<pin_list>
<pin id="1708" dir="0" index="0" bw="60" slack="10"/>
<pin id="1709" dir="1" index="1" bw="64" slack="0"/>
</pin_list>
<bind>
<opcode="sext(35) " fcode="sext"/>
<opset="sext_ln55_9/15 "/>
</bind>
</comp>

<comp id="1710" class="1004" name="gmem_addr_9_fu_1710">
<pin_list>
<pin id="1711" dir="0" index="0" bw="64" slack="0"/>
<pin id="1712" dir="0" index="1" bw="64" slack="0"/>
<pin id="1713" dir="1" index="2" bw="64" slack="0"/>
</pin_list>
<bind>
<opcode="getelementptr(29) " fcode="getelementptr"/>
<opset="gmem_addr_9/15 "/>
</bind>
</comp>

<comp id="1717" class="1004" name="grp_fu_1717">
<pin_list>
<pin id="1718" dir="0" index="0" bw="256" slack="1"/>
<pin id="1719" dir="0" index="1" bw="256" slack="0"/>
<pin id="1720" dir="1" index="2" bw="256" slack="0"/>
</pin_list>
<bind>
<opcode="add(8) " fcode="add"/>
<opset="add_ln6/15 "/>
</bind>
</comp>

<comp id="1722" class="1004" name="sext_ln55_10_fu_1722">
<pin_list>
<pin id="1723" dir="0" index="0" bw="60" slack="11"/>
<pin id="1724" dir="1" index="1" bw="64" slack="0"/>
</pin_list>
<bind>
<opcode="sext(35) " fcode="sext"/>
<opset="sext_ln55_10/16 "/>
</bind>
</comp>

<comp id="1725" class="1004" name="gmem_addr_10_fu_1725">
<pin_list>
<pin id="1726" dir="0" index="0" bw="64" slack="0"/>
<pin id="1727" dir="0" index="1" bw="64" slack="0"/>
<pin id="1728" dir="1" index="2" bw="64" slack="0"/>
</pin_list>
<bind>
<opcode="getelementptr(29) " fcode="getelementptr"/>
<opset="gmem_addr_10/16 "/>
</bind>
</comp>

<comp id="1732" class="1004" name="grp_fu_1732">
<pin_list>
<pin id="1733" dir="0" index="0" bw="256" slack="0"/>
<pin id="1734" dir="0" index="1" bw="256" slack="0"/>
<pin id="1735" dir="1" index="2" bw="1" slack="0"/>
</pin_list>
<bind>
<opcode="icmp(45) " fcode="icmp"/>
<opset="icmp_ln7/16 "/>
</bind>
</comp>

<comp id="1738" class="1004" name="grp_fu_1738">
<pin_list>
<pin id="1739" dir="0" index="0" bw="256" slack="0"/>
<pin id="1740" dir="0" index="1" bw="256" slack="0"/>
<pin id="1741" dir="1" index="2" bw="256" slack="0"/>
</pin_list>
<bind>
<opcode="add(8) " fcode="add"/>
<opset="add_ln7/16 "/>
</bind>
</comp>

<comp id="1744" class="1004" name="sext_ln55_11_fu_1744">
<pin_list>
<pin id="1745" dir="0" index="0" bw="60" slack="12"/>
<pin id="1746" dir="1" index="1" bw="64" slack="0"/>
</pin_list>
<bind>
<opcode="sext(35) " fcode="sext"/>
<opset="sext_ln55_11/17 "/>
</bind>
</comp>

<comp id="1747" class="1004" name="gmem_addr_11_fu_1747">
<pin_list>
<pin id="1748" dir="0" index="0" bw="64" slack="0"/>
<pin id="1749" dir="0" index="1" bw="64" slack="0"/>
<pin id="1750" dir="1" index="2" bw="64" slack="0"/>
</pin_list>
<bind>
<opcode="getelementptr(29) " fcode="getelementptr"/>
<opset="gmem_addr_11/17 "/>
</bind>
</comp>

<comp id="1754" class="1004" name="select_ln7_fu_1754">
<pin_list>
<pin id="1755" dir="0" index="0" bw="1" slack="0"/>
<pin id="1756" dir="0" index="1" bw="256" slack="0"/>
<pin id="1757" dir="0" index="2" bw="256" slack="1"/>
<pin id="1758" dir="1" index="3" bw="256" slack="1"/>
</pin_list>
<bind>
<opcode="select(49) " fcode="select"/>
<opset="select_ln7/17 "/>
</bind>
</comp>

<comp id="1761" class="1004" name="sext_ln55_12_fu_1761">
<pin_list>
<pin id="1762" dir="0" index="0" bw="60" slack="13"/>
<pin id="1763" dir="1" index="1" bw="64" slack="0"/>
</pin_list>
<bind>
<opcode="sext(35) " fcode="sext"/>
<opset="sext_ln55_12/18 "/>
</bind>
</comp>

<comp id="1764" class="1004" name="gmem_addr_12_fu_1764">
<pin_list>
<pin id="1765" dir="0" index="0" bw="64" slack="0"/>
<pin id="1766" dir="0" index="1" bw="64" slack="0"/>
<pin id="1767" dir="1" index="2" bw="64" slack="0"/>
</pin_list>
<bind>
<opcode="getelementptr(29) " fcode="getelementptr"/>
<opset="gmem_addr_12/18 "/>
</bind>
</comp>

<comp id="1771" class="1004" name="sext_ln55_13_fu_1771">
<pin_list>
<pin id="1772" dir="0" index="0" bw="60" slack="14"/>
<pin id="1773" dir="1" index="1" bw="64" slack="0"/>
</pin_list>
<bind>
<opcode="sext(35) " fcode="sext"/>
<opset="sext_ln55_13/19 "/>
</bind>
</comp>

<comp id="1774" class="1004" name="gmem_addr_13_fu_1774">
<pin_list>
<pin id="1775" dir="0" index="0" bw="64" slack="0"/>
<pin id="1776" dir="0" index="1" bw="64" slack="0"/>
<pin id="1777" dir="1" index="2" bw="64" slack="0"/>
</pin_list>
<bind>
<opcode="getelementptr(29) " fcode="getelementptr"/>
<opset="gmem_addr_13/19 "/>
</bind>
</comp>

<comp id="1781" class="1004" name="sext_ln55_14_fu_1781">
<pin_list>
<pin id="1782" dir="0" index="0" bw="60" slack="15"/>
<pin id="1783" dir="1" index="1" bw="64" slack="0"/>
</pin_list>
<bind>
<opcode="sext(35) " fcode="sext"/>
<opset="sext_ln55_14/20 "/>
</bind>
</comp>

<comp id="1784" class="1004" name="gmem_addr_14_fu_1784">
<pin_list>
<pin id="1785" dir="0" index="0" bw="64" slack="0"/>
<pin id="1786" dir="0" index="1" bw="64" slack="0"/>
<pin id="1787" dir="1" index="2" bw="64" slack="0"/>
</pin_list>
<bind>
<opcode="getelementptr(29) " fcode="getelementptr"/>
<opset="gmem_addr_14/20 "/>
</bind>
</comp>

<comp id="1791" class="1004" name="sext_ln55_15_fu_1791">
<pin_list>
<pin id="1792" dir="0" index="0" bw="60" slack="16"/>
<pin id="1793" dir="1" index="1" bw="64" slack="0"/>
</pin_list>
<bind>
<opcode="sext(35) " fcode="sext"/>
<opset="sext_ln55_15/21 "/>
</bind>
</comp>

<comp id="1794" class="1004" name="gmem_addr_15_fu_1794">
<pin_list>
<pin id="1795" dir="0" index="0" bw="64" slack="0"/>
<pin id="1796" dir="0" index="1" bw="64" slack="0"/>
<pin id="1797" dir="1" index="2" bw="64" slack="0"/>
</pin_list>
<bind>
<opcode="getelementptr(29) " fcode="getelementptr"/>
<opset="gmem_addr_15/21 "/>
</bind>
</comp>

<comp id="1801" class="1004" name="sext_ln55_16_fu_1801">
<pin_list>
<pin id="1802" dir="0" index="0" bw="60" slack="17"/>
<pin id="1803" dir="1" index="1" bw="64" slack="0"/>
</pin_list>
<bind>
<opcode="sext(35) " fcode="sext"/>
<opset="sext_ln55_16/22 "/>
</bind>
</comp>

<comp id="1804" class="1004" name="gmem_addr_16_fu_1804">
<pin_list>
<pin id="1805" dir="0" index="0" bw="64" slack="0"/>
<pin id="1806" dir="0" index="1" bw="64" slack="0"/>
<pin id="1807" dir="1" index="2" bw="64" slack="0"/>
</pin_list>
<bind>
<opcode="getelementptr(29) " fcode="getelementptr"/>
<opset="gmem_addr_16/22 "/>
</bind>
</comp>

<comp id="1811" class="1004" name="sext_ln55_17_fu_1811">
<pin_list>
<pin id="1812" dir="0" index="0" bw="60" slack="18"/>
<pin id="1813" dir="1" index="1" bw="64" slack="0"/>
</pin_list>
<bind>
<opcode="sext(35) " fcode="sext"/>
<opset="sext_ln55_17/23 "/>
</bind>
</comp>

<comp id="1814" class="1004" name="gmem_addr_17_fu_1814">
<pin_list>
<pin id="1815" dir="0" index="0" bw="64" slack="0"/>
<pin id="1816" dir="0" index="1" bw="64" slack="0"/>
<pin id="1817" dir="1" index="2" bw="64" slack="0"/>
</pin_list>
<bind>
<opcode="getelementptr(29) " fcode="getelementptr"/>
<opset="gmem_addr_17/23 "/>
</bind>
</comp>

<comp id="1821" class="1004" name="sext_ln55_18_fu_1821">
<pin_list>
<pin id="1822" dir="0" index="0" bw="60" slack="19"/>
<pin id="1823" dir="1" index="1" bw="64" slack="0"/>
</pin_list>
<bind>
<opcode="sext(35) " fcode="sext"/>
<opset="sext_ln55_18/24 "/>
</bind>
</comp>

<comp id="1824" class="1004" name="gmem_addr_18_fu_1824">
<pin_list>
<pin id="1825" dir="0" index="0" bw="64" slack="0"/>
<pin id="1826" dir="0" index="1" bw="64" slack="0"/>
<pin id="1827" dir="1" index="2" bw="64" slack="0"/>
</pin_list>
<bind>
<opcode="getelementptr(29) " fcode="getelementptr"/>
<opset="gmem_addr_18/24 "/>
</bind>
</comp>

<comp id="1831" class="1004" name="sext_ln55_19_fu_1831">
<pin_list>
<pin id="1832" dir="0" index="0" bw="60" slack="20"/>
<pin id="1833" dir="1" index="1" bw="64" slack="0"/>
</pin_list>
<bind>
<opcode="sext(35) " fcode="sext"/>
<opset="sext_ln55_19/25 "/>
</bind>
</comp>

<comp id="1834" class="1004" name="gmem_addr_19_fu_1834">
<pin_list>
<pin id="1835" dir="0" index="0" bw="64" slack="0"/>
<pin id="1836" dir="0" index="1" bw="64" slack="0"/>
<pin id="1837" dir="1" index="2" bw="64" slack="0"/>
</pin_list>
<bind>
<opcode="getelementptr(29) " fcode="getelementptr"/>
<opset="gmem_addr_19/25 "/>
</bind>
</comp>

<comp id="1841" class="1004" name="sext_ln55_20_fu_1841">
<pin_list>
<pin id="1842" dir="0" index="0" bw="60" slack="21"/>
<pin id="1843" dir="1" index="1" bw="64" slack="0"/>
</pin_list>
<bind>
<opcode="sext(35) " fcode="sext"/>
<opset="sext_ln55_20/26 "/>
</bind>
</comp>

<comp id="1844" class="1004" name="gmem_addr_20_fu_1844">
<pin_list>
<pin id="1845" dir="0" index="0" bw="64" slack="0"/>
<pin id="1846" dir="0" index="1" bw="64" slack="0"/>
<pin id="1847" dir="1" index="2" bw="64" slack="0"/>
</pin_list>
<bind>
<opcode="getelementptr(29) " fcode="getelementptr"/>
<opset="gmem_addr_20/26 "/>
</bind>
</comp>

<comp id="1851" class="1004" name="sext_ln55_21_fu_1851">
<pin_list>
<pin id="1852" dir="0" index="0" bw="60" slack="22"/>
<pin id="1853" dir="1" index="1" bw="64" slack="0"/>
</pin_list>
<bind>
<opcode="sext(35) " fcode="sext"/>
<opset="sext_ln55_21/27 "/>
</bind>
</comp>

<comp id="1854" class="1004" name="gmem_addr_21_fu_1854">
<pin_list>
<pin id="1855" dir="0" index="0" bw="64" slack="0"/>
<pin id="1856" dir="0" index="1" bw="64" slack="0"/>
<pin id="1857" dir="1" index="2" bw="64" slack="0"/>
</pin_list>
<bind>
<opcode="getelementptr(29) " fcode="getelementptr"/>
<opset="gmem_addr_21/27 "/>
</bind>
</comp>

<comp id="1861" class="1004" name="sext_ln55_22_fu_1861">
<pin_list>
<pin id="1862" dir="0" index="0" bw="60" slack="23"/>
<pin id="1863" dir="1" index="1" bw="64" slack="0"/>
</pin_list>
<bind>
<opcode="sext(35) " fcode="sext"/>
<opset="sext_ln55_22/28 "/>
</bind>
</comp>

<comp id="1864" class="1004" name="gmem_addr_22_fu_1864">
<pin_list>
<pin id="1865" dir="0" index="0" bw="64" slack="0"/>
<pin id="1866" dir="0" index="1" bw="64" slack="0"/>
<pin id="1867" dir="1" index="2" bw="64" slack="0"/>
</pin_list>
<bind>
<opcode="getelementptr(29) " fcode="getelementptr"/>
<opset="gmem_addr_22/28 "/>
</bind>
</comp>

<comp id="1871" class="1004" name="sext_ln55_23_fu_1871">
<pin_list>
<pin id="1872" dir="0" index="0" bw="60" slack="24"/>
<pin id="1873" dir="1" index="1" bw="64" slack="0"/>
</pin_list>
<bind>
<opcode="sext(35) " fcode="sext"/>
<opset="sext_ln55_23/29 "/>
</bind>
</comp>

<comp id="1874" class="1004" name="gmem_addr_23_fu_1874">
<pin_list>
<pin id="1875" dir="0" index="0" bw="64" slack="0"/>
<pin id="1876" dir="0" index="1" bw="64" slack="0"/>
<pin id="1877" dir="1" index="2" bw="64" slack="0"/>
</pin_list>
<bind>
<opcode="getelementptr(29) " fcode="getelementptr"/>
<opset="gmem_addr_23/29 "/>
</bind>
</comp>

<comp id="1881" class="1004" name="grp_fu_1881">
<pin_list>
<pin id="1882" dir="0" index="0" bw="256" slack="1"/>
<pin id="1883" dir="0" index="1" bw="256" slack="0"/>
<pin id="1884" dir="1" index="2" bw="256" slack="0"/>
</pin_list>
<bind>
<opcode="add(8) " fcode="add"/>
<opset="add_ln6_37/30 "/>
</bind>
</comp>

<comp id="1886" class="1004" name="grp_fu_1886">
<pin_list>
<pin id="1887" dir="0" index="0" bw="256" slack="0"/>
<pin id="1888" dir="0" index="1" bw="256" slack="0"/>
<pin id="1889" dir="1" index="2" bw="1" slack="0"/>
</pin_list>
<bind>
<opcode="icmp(45) " fcode="icmp"/>
<opset="icmp_ln7_38/31 "/>
</bind>
</comp>

<comp id="1892" class="1004" name="grp_fu_1892">
<pin_list>
<pin id="1893" dir="0" index="0" bw="256" slack="0"/>
<pin id="1894" dir="0" index="1" bw="256" slack="0"/>
<pin id="1895" dir="1" index="2" bw="256" slack="0"/>
</pin_list>
<bind>
<opcode="add(8) " fcode="add"/>
<opset="add_ln7_38/31 "/>
</bind>
</comp>

<comp id="1898" class="1004" name="grp_fu_1898">
<pin_list>
<pin id="1899" dir="0" index="0" bw="256" slack="1"/>
<pin id="1900" dir="0" index="1" bw="256" slack="0"/>
<pin id="1901" dir="1" index="2" bw="256" slack="0"/>
</pin_list>
<bind>
<opcode="add(8) " fcode="add"/>
<opset="add_ln6_38/31 "/>
</bind>
</comp>

<comp id="1903" class="1004" name="select_ln7_15_fu_1903">
<pin_list>
<pin id="1904" dir="0" index="0" bw="1" slack="0"/>
<pin id="1905" dir="0" index="1" bw="256" slack="0"/>
<pin id="1906" dir="0" index="2" bw="256" slack="1"/>
<pin id="1907" dir="1" index="3" bw="256" slack="9"/>
</pin_list>
<bind>
<opcode="select(49) " fcode="select"/>
<opset="select_ln7_15/32 "/>
</bind>
</comp>

<comp id="1910" class="1004" name="grp_fu_1910">
<pin_list>
<pin id="1911" dir="0" index="0" bw="256" slack="0"/>
<pin id="1912" dir="0" index="1" bw="256" slack="0"/>
<pin id="1913" dir="1" index="2" bw="1" slack="0"/>
</pin_list>
<bind>
<opcode="icmp(45) " fcode="icmp"/>
<opset="icmp_ln7_39/32 "/>
</bind>
</comp>

<comp id="1916" class="1004" name="grp_fu_1916">
<pin_list>
<pin id="1917" dir="0" index="0" bw="256" slack="0"/>
<pin id="1918" dir="0" index="1" bw="256" slack="0"/>
<pin id="1919" dir="1" index="2" bw="256" slack="0"/>
</pin_list>
<bind>
<opcode="add(8) " fcode="add"/>
<opset="add_ln7_39/32 "/>
</bind>
</comp>

<comp id="1922" class="1004" name="select_ln7_16_fu_1922">
<pin_list>
<pin id="1923" dir="0" index="0" bw="1" slack="0"/>
<pin id="1924" dir="0" index="1" bw="256" slack="0"/>
<pin id="1925" dir="0" index="2" bw="256" slack="1"/>
<pin id="1926" dir="1" index="3" bw="256" slack="8"/>
</pin_list>
<bind>
<opcode="select(49) " fcode="select"/>
<opset="select_ln7_16/33 "/>
</bind>
</comp>

<comp id="1929" class="1004" name="grp_fu_1929">
<pin_list>
<pin id="1930" dir="0" index="0" bw="256" slack="1"/>
<pin id="1931" dir="0" index="1" bw="256" slack="0"/>
<pin id="1932" dir="1" index="2" bw="256" slack="0"/>
</pin_list>
<bind>
<opcode="add(8) " fcode="add"/>
<opset="add_ln6_41/34 "/>
</bind>
</comp>

<comp id="1934" class="1004" name="grp_fu_1934">
<pin_list>
<pin id="1935" dir="0" index="0" bw="256" slack="0"/>
<pin id="1936" dir="0" index="1" bw="256" slack="0"/>
<pin id="1937" dir="1" index="2" bw="1" slack="0"/>
</pin_list>
<bind>
<opcode="icmp(45) " fcode="icmp"/>
<opset="icmp_ln7_42/35 "/>
</bind>
</comp>

<comp id="1940" class="1004" name="grp_fu_1940">
<pin_list>
<pin id="1941" dir="0" index="0" bw="256" slack="0"/>
<pin id="1942" dir="0" index="1" bw="256" slack="0"/>
<pin id="1943" dir="1" index="2" bw="256" slack="0"/>
</pin_list>
<bind>
<opcode="add(8) " fcode="add"/>
<opset="add_ln7_42/35 "/>
</bind>
</comp>

<comp id="1946" class="1004" name="grp_fu_1946">
<pin_list>
<pin id="1947" dir="0" index="0" bw="256" slack="1"/>
<pin id="1948" dir="0" index="1" bw="256" slack="0"/>
<pin id="1949" dir="1" index="2" bw="256" slack="0"/>
</pin_list>
<bind>
<opcode="add(8) " fcode="add"/>
<opset="add_ln6_42/35 "/>
</bind>
</comp>

<comp id="1951" class="1004" name="select_ln7_19_fu_1951">
<pin_list>
<pin id="1952" dir="0" index="0" bw="1" slack="0"/>
<pin id="1953" dir="0" index="1" bw="256" slack="0"/>
<pin id="1954" dir="0" index="2" bw="256" slack="1"/>
<pin id="1955" dir="1" index="3" bw="256" slack="5"/>
</pin_list>
<bind>
<opcode="select(49) " fcode="select"/>
<opset="select_ln7_19/36 "/>
</bind>
</comp>

<comp id="1958" class="1004" name="grp_fu_1958">
<pin_list>
<pin id="1959" dir="0" index="0" bw="256" slack="0"/>
<pin id="1960" dir="0" index="1" bw="256" slack="0"/>
<pin id="1961" dir="1" index="2" bw="1" slack="0"/>
</pin_list>
<bind>
<opcode="icmp(45) " fcode="icmp"/>
<opset="icmp_ln7_43/36 "/>
</bind>
</comp>

<comp id="1964" class="1004" name="grp_fu_1964">
<pin_list>
<pin id="1965" dir="0" index="0" bw="256" slack="0"/>
<pin id="1966" dir="0" index="1" bw="256" slack="0"/>
<pin id="1967" dir="1" index="2" bw="256" slack="0"/>
</pin_list>
<bind>
<opcode="add(8) " fcode="add"/>
<opset="add_ln7_43/36 "/>
</bind>
</comp>

<comp id="1970" class="1004" name="grp_fu_1970">
<pin_list>
<pin id="1971" dir="0" index="0" bw="256" slack="1"/>
<pin id="1972" dir="0" index="1" bw="256" slack="0"/>
<pin id="1973" dir="1" index="2" bw="256" slack="0"/>
</pin_list>
<bind>
<opcode="add(8) " fcode="add"/>
<opset="add_ln6_43/36 "/>
</bind>
</comp>

<comp id="1975" class="1004" name="select_ln7_20_fu_1975">
<pin_list>
<pin id="1976" dir="0" index="0" bw="1" slack="0"/>
<pin id="1977" dir="0" index="1" bw="256" slack="0"/>
<pin id="1978" dir="0" index="2" bw="256" slack="1"/>
<pin id="1979" dir="1" index="3" bw="256" slack="4"/>
</pin_list>
<bind>
<opcode="select(49) " fcode="select"/>
<opset="select_ln7_20/37 "/>
</bind>
</comp>

<comp id="1982" class="1004" name="grp_fu_1982">
<pin_list>
<pin id="1983" dir="0" index="0" bw="256" slack="0"/>
<pin id="1984" dir="0" index="1" bw="256" slack="0"/>
<pin id="1985" dir="1" index="2" bw="1" slack="0"/>
</pin_list>
<bind>
<opcode="icmp(45) " fcode="icmp"/>
<opset="icmp_ln7_44/37 "/>
</bind>
</comp>

<comp id="1988" class="1004" name="grp_fu_1988">
<pin_list>
<pin id="1989" dir="0" index="0" bw="256" slack="0"/>
<pin id="1990" dir="0" index="1" bw="256" slack="0"/>
<pin id="1991" dir="1" index="2" bw="256" slack="0"/>
</pin_list>
<bind>
<opcode="add(8) " fcode="add"/>
<opset="add_ln7_44/37 "/>
</bind>
</comp>

<comp id="1994" class="1004" name="grp_fu_1994">
<pin_list>
<pin id="1995" dir="0" index="0" bw="256" slack="1"/>
<pin id="1996" dir="0" index="1" bw="256" slack="0"/>
<pin id="1997" dir="1" index="2" bw="256" slack="0"/>
</pin_list>
<bind>
<opcode="add(8) " fcode="add"/>
<opset="add_ln6_44/37 "/>
</bind>
</comp>

<comp id="1999" class="1004" name="grp_fu_1999">
<pin_list>
<pin id="2000" dir="0" index="0" bw="256" slack="23"/>
<pin id="2001" dir="0" index="1" bw="256" slack="0"/>
<pin id="2002" dir="1" index="2" bw="256" slack="0"/>
</pin_list>
<bind>
<opcode="add(8) " fcode="add"/>
<opset="add_ln6_23/38 "/>
</bind>
</comp>

<comp id="2004" class="1004" name="grp_fu_2004">
<pin_list>
<pin id="2005" dir="0" index="0" bw="256" slack="22"/>
<pin id="2006" dir="0" index="1" bw="256" slack="0"/>
<pin id="2007" dir="1" index="2" bw="256" slack="0"/>
</pin_list>
<bind>
<opcode="add(8) " fcode="add"/>
<opset="add_ln6_24/38 "/>
</bind>
</comp>

<comp id="2009" class="1004" name="grp_fu_2009">
<pin_list>
<pin id="2010" dir="0" index="0" bw="256" slack="21"/>
<pin id="2011" dir="0" index="1" bw="256" slack="0"/>
<pin id="2012" dir="1" index="2" bw="256" slack="0"/>
</pin_list>
<bind>
<opcode="add(8) " fcode="add"/>
<opset="add_ln6_25/38 "/>
</bind>
</comp>

<comp id="2014" class="1004" name="grp_fu_2014">
<pin_list>
<pin id="2015" dir="0" index="0" bw="256" slack="20"/>
<pin id="2016" dir="0" index="1" bw="256" slack="0"/>
<pin id="2017" dir="1" index="2" bw="256" slack="0"/>
</pin_list>
<bind>
<opcode="add(8) " fcode="add"/>
<opset="add_ln6_26/38 "/>
</bind>
</comp>

<comp id="2019" class="1004" name="grp_fu_2019">
<pin_list>
<pin id="2020" dir="0" index="0" bw="256" slack="19"/>
<pin id="2021" dir="0" index="1" bw="256" slack="0"/>
<pin id="2022" dir="1" index="2" bw="256" slack="0"/>
</pin_list>
<bind>
<opcode="add(8) " fcode="add"/>
<opset="add_ln6_27/38 "/>
</bind>
</comp>

<comp id="2024" class="1004" name="grp_fu_2024">
<pin_list>
<pin id="2025" dir="0" index="0" bw="256" slack="18"/>
<pin id="2026" dir="0" index="1" bw="256" slack="0"/>
<pin id="2027" dir="1" index="2" bw="256" slack="0"/>
</pin_list>
<bind>
<opcode="add(8) " fcode="add"/>
<opset="add_ln6_28/38 "/>
</bind>
</comp>

<comp id="2029" class="1004" name="grp_fu_2029">
<pin_list>
<pin id="2030" dir="0" index="0" bw="256" slack="17"/>
<pin id="2031" dir="0" index="1" bw="256" slack="0"/>
<pin id="2032" dir="1" index="2" bw="256" slack="0"/>
</pin_list>
<bind>
<opcode="add(8) " fcode="add"/>
<opset="add_ln6_29/38 "/>
</bind>
</comp>

<comp id="2034" class="1004" name="grp_fu_2034">
<pin_list>
<pin id="2035" dir="0" index="0" bw="256" slack="16"/>
<pin id="2036" dir="0" index="1" bw="256" slack="0"/>
<pin id="2037" dir="1" index="2" bw="256" slack="0"/>
</pin_list>
<bind>
<opcode="add(8) " fcode="add"/>
<opset="add_ln6_30/38 "/>
</bind>
</comp>

<comp id="2039" class="1004" name="grp_fu_2039">
<pin_list>
<pin id="2040" dir="0" index="0" bw="256" slack="15"/>
<pin id="2041" dir="0" index="1" bw="256" slack="0"/>
<pin id="2042" dir="1" index="2" bw="256" slack="0"/>
</pin_list>
<bind>
<opcode="add(8) " fcode="add"/>
<opset="add_ln6_31/38 "/>
</bind>
</comp>

<comp id="2044" class="1004" name="grp_fu_2044">
<pin_list>
<pin id="2045" dir="0" index="0" bw="256" slack="14"/>
<pin id="2046" dir="0" index="1" bw="256" slack="0"/>
<pin id="2047" dir="1" index="2" bw="256" slack="0"/>
</pin_list>
<bind>
<opcode="add(8) " fcode="add"/>
<opset="add_ln6_32/38 "/>
</bind>
</comp>

<comp id="2049" class="1004" name="grp_fu_2049">
<pin_list>
<pin id="2050" dir="0" index="0" bw="256" slack="13"/>
<pin id="2051" dir="0" index="1" bw="256" slack="0"/>
<pin id="2052" dir="1" index="2" bw="256" slack="0"/>
</pin_list>
<bind>
<opcode="add(8) " fcode="add"/>
<opset="add_ln6_33/38 "/>
</bind>
</comp>

<comp id="2054" class="1004" name="grp_fu_2054">
<pin_list>
<pin id="2055" dir="0" index="0" bw="256" slack="12"/>
<pin id="2056" dir="0" index="1" bw="256" slack="0"/>
<pin id="2057" dir="1" index="2" bw="256" slack="0"/>
</pin_list>
<bind>
<opcode="add(8) " fcode="add"/>
<opset="add_ln6_34/38 "/>
</bind>
</comp>

<comp id="2059" class="1004" name="grp_fu_2059">
<pin_list>
<pin id="2060" dir="0" index="0" bw="256" slack="11"/>
<pin id="2061" dir="0" index="1" bw="256" slack="0"/>
<pin id="2062" dir="1" index="2" bw="256" slack="0"/>
</pin_list>
<bind>
<opcode="add(8) " fcode="add"/>
<opset="add_ln6_35/38 "/>
</bind>
</comp>

<comp id="2064" class="1004" name="grp_fu_2064">
<pin_list>
<pin id="2065" dir="0" index="0" bw="256" slack="10"/>
<pin id="2066" dir="0" index="1" bw="256" slack="0"/>
<pin id="2067" dir="1" index="2" bw="256" slack="0"/>
</pin_list>
<bind>
<opcode="add(8) " fcode="add"/>
<opset="add_ln6_36/38 "/>
</bind>
</comp>

<comp id="2069" class="1004" name="grp_fu_2069">
<pin_list>
<pin id="2070" dir="0" index="0" bw="256" slack="7"/>
<pin id="2071" dir="0" index="1" bw="256" slack="0"/>
<pin id="2072" dir="1" index="2" bw="256" slack="0"/>
</pin_list>
<bind>
<opcode="add(8) " fcode="add"/>
<opset="add_ln6_39/38 "/>
</bind>
</comp>

<comp id="2074" class="1004" name="grp_fu_2074">
<pin_list>
<pin id="2075" dir="0" index="0" bw="256" slack="6"/>
<pin id="2076" dir="0" index="1" bw="256" slack="0"/>
<pin id="2077" dir="1" index="2" bw="256" slack="0"/>
</pin_list>
<bind>
<opcode="add(8) " fcode="add"/>
<opset="add_ln6_40/38 "/>
</bind>
</comp>

<comp id="2079" class="1004" name="select_ln7_21_fu_2079">
<pin_list>
<pin id="2080" dir="0" index="0" bw="1" slack="0"/>
<pin id="2081" dir="0" index="1" bw="256" slack="0"/>
<pin id="2082" dir="0" index="2" bw="256" slack="1"/>
<pin id="2083" dir="1" index="3" bw="256" slack="3"/>
</pin_list>
<bind>
<opcode="select(49) " fcode="select"/>
<opset="select_ln7_21/38 "/>
</bind>
</comp>

<comp id="2086" class="1004" name="grp_fu_2086">
<pin_list>
<pin id="2087" dir="0" index="0" bw="256" slack="0"/>
<pin id="2088" dir="0" index="1" bw="256" slack="0"/>
<pin id="2089" dir="1" index="2" bw="1" slack="0"/>
</pin_list>
<bind>
<opcode="icmp(45) " fcode="icmp"/>
<opset="icmp_ln7_45/38 "/>
</bind>
</comp>

<comp id="2092" class="1004" name="grp_fu_2092">
<pin_list>
<pin id="2093" dir="0" index="0" bw="256" slack="0"/>
<pin id="2094" dir="0" index="1" bw="256" slack="0"/>
<pin id="2095" dir="1" index="2" bw="256" slack="0"/>
</pin_list>
<bind>
<opcode="add(8) " fcode="add"/>
<opset="add_ln7_45/38 "/>
</bind>
</comp>

<comp id="2098" class="1004" name="grp_fu_2098">
<pin_list>
<pin id="2099" dir="0" index="0" bw="256" slack="1"/>
<pin id="2100" dir="0" index="1" bw="256" slack="0"/>
<pin id="2101" dir="1" index="2" bw="256" slack="0"/>
</pin_list>
<bind>
<opcode="add(8) " fcode="add"/>
<opset="add_ln6_45/38 "/>
</bind>
</comp>

<comp id="2103" class="1004" name="grp_fu_2103">
<pin_list>
<pin id="2104" dir="0" index="0" bw="256" slack="0"/>
<pin id="2105" dir="0" index="1" bw="256" slack="0"/>
<pin id="2106" dir="1" index="2" bw="1" slack="0"/>
</pin_list>
<bind>
<opcode="icmp(45) " fcode="icmp"/>
<opset="icmp_ln7_24/39 "/>
</bind>
</comp>

<comp id="2109" class="1004" name="grp_fu_2109">
<pin_list>
<pin id="2110" dir="0" index="0" bw="256" slack="0"/>
<pin id="2111" dir="0" index="1" bw="256" slack="0"/>
<pin id="2112" dir="1" index="2" bw="256" slack="0"/>
</pin_list>
<bind>
<opcode="add(8) " fcode="add"/>
<opset="add_ln7_24/39 "/>
</bind>
</comp>

<comp id="2115" class="1004" name="grp_fu_2115">
<pin_list>
<pin id="2116" dir="0" index="0" bw="256" slack="0"/>
<pin id="2117" dir="0" index="1" bw="256" slack="0"/>
<pin id="2118" dir="1" index="2" bw="1" slack="0"/>
</pin_list>
<bind>
<opcode="icmp(45) " fcode="icmp"/>
<opset="icmp_ln7_25/39 "/>
</bind>
</comp>

<comp id="2121" class="1004" name="grp_fu_2121">
<pin_list>
<pin id="2122" dir="0" index="0" bw="256" slack="0"/>
<pin id="2123" dir="0" index="1" bw="256" slack="0"/>
<pin id="2124" dir="1" index="2" bw="256" slack="0"/>
</pin_list>
<bind>
<opcode="add(8) " fcode="add"/>
<opset="add_ln7_25/39 "/>
</bind>
</comp>

<comp id="2127" class="1004" name="grp_fu_2127">
<pin_list>
<pin id="2128" dir="0" index="0" bw="256" slack="0"/>
<pin id="2129" dir="0" index="1" bw="256" slack="0"/>
<pin id="2130" dir="1" index="2" bw="1" slack="0"/>
</pin_list>
<bind>
<opcode="icmp(45) " fcode="icmp"/>
<opset="icmp_ln7_26/39 "/>
</bind>
</comp>

<comp id="2133" class="1004" name="grp_fu_2133">
<pin_list>
<pin id="2134" dir="0" index="0" bw="256" slack="0"/>
<pin id="2135" dir="0" index="1" bw="256" slack="0"/>
<pin id="2136" dir="1" index="2" bw="256" slack="0"/>
</pin_list>
<bind>
<opcode="add(8) " fcode="add"/>
<opset="add_ln7_26/39 "/>
</bind>
</comp>

<comp id="2139" class="1004" name="grp_fu_2139">
<pin_list>
<pin id="2140" dir="0" index="0" bw="256" slack="0"/>
<pin id="2141" dir="0" index="1" bw="256" slack="0"/>
<pin id="2142" dir="1" index="2" bw="1" slack="0"/>
</pin_list>
<bind>
<opcode="icmp(45) " fcode="icmp"/>
<opset="icmp_ln7_27/39 "/>
</bind>
</comp>

<comp id="2145" class="1004" name="grp_fu_2145">
<pin_list>
<pin id="2146" dir="0" index="0" bw="256" slack="0"/>
<pin id="2147" dir="0" index="1" bw="256" slack="0"/>
<pin id="2148" dir="1" index="2" bw="256" slack="0"/>
</pin_list>
<bind>
<opcode="add(8) " fcode="add"/>
<opset="add_ln7_27/39 "/>
</bind>
</comp>

<comp id="2151" class="1004" name="grp_fu_2151">
<pin_list>
<pin id="2152" dir="0" index="0" bw="256" slack="0"/>
<pin id="2153" dir="0" index="1" bw="256" slack="0"/>
<pin id="2154" dir="1" index="2" bw="1" slack="0"/>
</pin_list>
<bind>
<opcode="icmp(45) " fcode="icmp"/>
<opset="icmp_ln7_28/39 "/>
</bind>
</comp>

<comp id="2157" class="1004" name="grp_fu_2157">
<pin_list>
<pin id="2158" dir="0" index="0" bw="256" slack="0"/>
<pin id="2159" dir="0" index="1" bw="256" slack="0"/>
<pin id="2160" dir="1" index="2" bw="256" slack="0"/>
</pin_list>
<bind>
<opcode="add(8) " fcode="add"/>
<opset="add_ln7_28/39 "/>
</bind>
</comp>

<comp id="2163" class="1004" name="grp_fu_2163">
<pin_list>
<pin id="2164" dir="0" index="0" bw="256" slack="0"/>
<pin id="2165" dir="0" index="1" bw="256" slack="0"/>
<pin id="2166" dir="1" index="2" bw="1" slack="0"/>
</pin_list>
<bind>
<opcode="icmp(45) " fcode="icmp"/>
<opset="icmp_ln7_29/39 "/>
</bind>
</comp>

<comp id="2169" class="1004" name="grp_fu_2169">
<pin_list>
<pin id="2170" dir="0" index="0" bw="256" slack="0"/>
<pin id="2171" dir="0" index="1" bw="256" slack="0"/>
<pin id="2172" dir="1" index="2" bw="256" slack="0"/>
</pin_list>
<bind>
<opcode="add(8) " fcode="add"/>
<opset="add_ln7_29/39 "/>
</bind>
</comp>

<comp id="2175" class="1004" name="grp_fu_2175">
<pin_list>
<pin id="2176" dir="0" index="0" bw="256" slack="0"/>
<pin id="2177" dir="0" index="1" bw="256" slack="0"/>
<pin id="2178" dir="1" index="2" bw="1" slack="0"/>
</pin_list>
<bind>
<opcode="icmp(45) " fcode="icmp"/>
<opset="icmp_ln7_30/39 "/>
</bind>
</comp>

<comp id="2181" class="1004" name="grp_fu_2181">
<pin_list>
<pin id="2182" dir="0" index="0" bw="256" slack="0"/>
<pin id="2183" dir="0" index="1" bw="256" slack="0"/>
<pin id="2184" dir="1" index="2" bw="256" slack="0"/>
</pin_list>
<bind>
<opcode="add(8) " fcode="add"/>
<opset="add_ln7_30/39 "/>
</bind>
</comp>

<comp id="2187" class="1004" name="grp_fu_2187">
<pin_list>
<pin id="2188" dir="0" index="0" bw="256" slack="0"/>
<pin id="2189" dir="0" index="1" bw="256" slack="0"/>
<pin id="2190" dir="1" index="2" bw="1" slack="0"/>
</pin_list>
<bind>
<opcode="icmp(45) " fcode="icmp"/>
<opset="icmp_ln7_31/39 "/>
</bind>
</comp>

<comp id="2193" class="1004" name="grp_fu_2193">
<pin_list>
<pin id="2194" dir="0" index="0" bw="256" slack="0"/>
<pin id="2195" dir="0" index="1" bw="256" slack="0"/>
<pin id="2196" dir="1" index="2" bw="256" slack="0"/>
</pin_list>
<bind>
<opcode="add(8) " fcode="add"/>
<opset="add_ln7_31/39 "/>
</bind>
</comp>

<comp id="2199" class="1004" name="grp_fu_2199">
<pin_list>
<pin id="2200" dir="0" index="0" bw="256" slack="0"/>
<pin id="2201" dir="0" index="1" bw="256" slack="0"/>
<pin id="2202" dir="1" index="2" bw="1" slack="0"/>
</pin_list>
<bind>
<opcode="icmp(45) " fcode="icmp"/>
<opset="icmp_ln7_32/39 "/>
</bind>
</comp>

<comp id="2205" class="1004" name="grp_fu_2205">
<pin_list>
<pin id="2206" dir="0" index="0" bw="256" slack="0"/>
<pin id="2207" dir="0" index="1" bw="256" slack="0"/>
<pin id="2208" dir="1" index="2" bw="256" slack="0"/>
</pin_list>
<bind>
<opcode="add(8) " fcode="add"/>
<opset="add_ln7_32/39 "/>
</bind>
</comp>

<comp id="2211" class="1004" name="grp_fu_2211">
<pin_list>
<pin id="2212" dir="0" index="0" bw="256" slack="0"/>
<pin id="2213" dir="0" index="1" bw="256" slack="0"/>
<pin id="2214" dir="1" index="2" bw="1" slack="0"/>
</pin_list>
<bind>
<opcode="icmp(45) " fcode="icmp"/>
<opset="icmp_ln7_33/39 "/>
</bind>
</comp>

<comp id="2217" class="1004" name="grp_fu_2217">
<pin_list>
<pin id="2218" dir="0" index="0" bw="256" slack="0"/>
<pin id="2219" dir="0" index="1" bw="256" slack="0"/>
<pin id="2220" dir="1" index="2" bw="256" slack="0"/>
</pin_list>
<bind>
<opcode="add(8) " fcode="add"/>
<opset="add_ln7_33/39 "/>
</bind>
</comp>

<comp id="2223" class="1004" name="grp_fu_2223">
<pin_list>
<pin id="2224" dir="0" index="0" bw="256" slack="0"/>
<pin id="2225" dir="0" index="1" bw="256" slack="0"/>
<pin id="2226" dir="1" index="2" bw="1" slack="0"/>
</pin_list>
<bind>
<opcode="icmp(45) " fcode="icmp"/>
<opset="icmp_ln7_34/39 "/>
</bind>
</comp>

<comp id="2229" class="1004" name="grp_fu_2229">
<pin_list>
<pin id="2230" dir="0" index="0" bw="256" slack="0"/>
<pin id="2231" dir="0" index="1" bw="256" slack="0"/>
<pin id="2232" dir="1" index="2" bw="256" slack="0"/>
</pin_list>
<bind>
<opcode="add(8) " fcode="add"/>
<opset="add_ln7_34/39 "/>
</bind>
</comp>

<comp id="2235" class="1004" name="grp_fu_2235">
<pin_list>
<pin id="2236" dir="0" index="0" bw="256" slack="0"/>
<pin id="2237" dir="0" index="1" bw="256" slack="0"/>
<pin id="2238" dir="1" index="2" bw="1" slack="0"/>
</pin_list>
<bind>
<opcode="icmp(45) " fcode="icmp"/>
<opset="icmp_ln7_35/39 "/>
</bind>
</comp>

<comp id="2241" class="1004" name="grp_fu_2241">
<pin_list>
<pin id="2242" dir="0" index="0" bw="256" slack="0"/>
<pin id="2243" dir="0" index="1" bw="256" slack="0"/>
<pin id="2244" dir="1" index="2" bw="256" slack="0"/>
</pin_list>
<bind>
<opcode="add(8) " fcode="add"/>
<opset="add_ln7_35/39 "/>
</bind>
</comp>

<comp id="2247" class="1004" name="grp_fu_2247">
<pin_list>
<pin id="2248" dir="0" index="0" bw="256" slack="0"/>
<pin id="2249" dir="0" index="1" bw="256" slack="0"/>
<pin id="2250" dir="1" index="2" bw="1" slack="0"/>
</pin_list>
<bind>
<opcode="icmp(45) " fcode="icmp"/>
<opset="icmp_ln7_36/39 "/>
</bind>
</comp>

<comp id="2253" class="1004" name="grp_fu_2253">
<pin_list>
<pin id="2254" dir="0" index="0" bw="256" slack="0"/>
<pin id="2255" dir="0" index="1" bw="256" slack="0"/>
<pin id="2256" dir="1" index="2" bw="256" slack="0"/>
</pin_list>
<bind>
<opcode="add(8) " fcode="add"/>
<opset="add_ln7_36/39 "/>
</bind>
</comp>

<comp id="2259" class="1004" name="grp_fu_2259">
<pin_list>
<pin id="2260" dir="0" index="0" bw="256" slack="0"/>
<pin id="2261" dir="0" index="1" bw="256" slack="0"/>
<pin id="2262" dir="1" index="2" bw="1" slack="0"/>
</pin_list>
<bind>
<opcode="icmp(45) " fcode="icmp"/>
<opset="icmp_ln7_37/39 "/>
</bind>
</comp>

<comp id="2265" class="1004" name="grp_fu_2265">
<pin_list>
<pin id="2266" dir="0" index="0" bw="256" slack="0"/>
<pin id="2267" dir="0" index="1" bw="256" slack="0"/>
<pin id="2268" dir="1" index="2" bw="256" slack="0"/>
</pin_list>
<bind>
<opcode="add(8) " fcode="add"/>
<opset="add_ln7_37/39 "/>
</bind>
</comp>

<comp id="2271" class="1004" name="grp_fu_2271">
<pin_list>
<pin id="2272" dir="0" index="0" bw="256" slack="0"/>
<pin id="2273" dir="0" index="1" bw="256" slack="0"/>
<pin id="2274" dir="1" index="2" bw="1" slack="0"/>
</pin_list>
<bind>
<opcode="icmp(45) " fcode="icmp"/>
<opset="icmp_ln7_40/39 "/>
</bind>
</comp>

<comp id="2277" class="1004" name="grp_fu_2277">
<pin_list>
<pin id="2278" dir="0" index="0" bw="256" slack="0"/>
<pin id="2279" dir="0" index="1" bw="256" slack="0"/>
<pin id="2280" dir="1" index="2" bw="256" slack="0"/>
</pin_list>
<bind>
<opcode="add(8) " fcode="add"/>
<opset="add_ln7_40/39 "/>
</bind>
</comp>

<comp id="2283" class="1004" name="grp_fu_2283">
<pin_list>
<pin id="2284" dir="0" index="0" bw="256" slack="0"/>
<pin id="2285" dir="0" index="1" bw="256" slack="0"/>
<pin id="2286" dir="1" index="2" bw="1" slack="0"/>
</pin_list>
<bind>
<opcode="icmp(45) " fcode="icmp"/>
<opset="icmp_ln7_41/39 "/>
</bind>
</comp>

<comp id="2289" class="1004" name="grp_fu_2289">
<pin_list>
<pin id="2290" dir="0" index="0" bw="256" slack="0"/>
<pin id="2291" dir="0" index="1" bw="256" slack="0"/>
<pin id="2292" dir="1" index="2" bw="256" slack="0"/>
</pin_list>
<bind>
<opcode="add(8) " fcode="add"/>
<opset="add_ln7_41/39 "/>
</bind>
</comp>

<comp id="2295" class="1004" name="select_ln7_22_fu_2295">
<pin_list>
<pin id="2296" dir="0" index="0" bw="1" slack="0"/>
<pin id="2297" dir="0" index="1" bw="256" slack="0"/>
<pin id="2298" dir="0" index="2" bw="256" slack="1"/>
<pin id="2299" dir="1" index="3" bw="256" slack="2"/>
</pin_list>
<bind>
<opcode="select(49) " fcode="select"/>
<opset="select_ln7_22/39 "/>
</bind>
</comp>

<comp id="2302" class="1004" name="grp_fu_2302">
<pin_list>
<pin id="2303" dir="0" index="0" bw="256" slack="0"/>
<pin id="2304" dir="0" index="1" bw="256" slack="0"/>
<pin id="2305" dir="1" index="2" bw="1" slack="0"/>
</pin_list>
<bind>
<opcode="icmp(45) " fcode="icmp"/>
<opset="icmp_ln7_46/39 "/>
</bind>
</comp>

<comp id="2308" class="1004" name="grp_fu_2308">
<pin_list>
<pin id="2309" dir="0" index="0" bw="256" slack="0"/>
<pin id="2310" dir="0" index="1" bw="256" slack="0"/>
<pin id="2311" dir="1" index="2" bw="256" slack="0"/>
</pin_list>
<bind>
<opcode="add(8) " fcode="add"/>
<opset="add_ln7_46/39 "/>
</bind>
</comp>

<comp id="2314" class="1004" name="select_ln7_1_fu_2314">
<pin_list>
<pin id="2315" dir="0" index="0" bw="1" slack="0"/>
<pin id="2316" dir="0" index="1" bw="256" slack="0"/>
<pin id="2317" dir="0" index="2" bw="256" slack="1"/>
<pin id="2318" dir="1" index="3" bw="256" slack="1"/>
</pin_list>
<bind>
<opcode="select(49) " fcode="select"/>
<opset="select_ln7_1/40 "/>
</bind>
</comp>

<comp id="2321" class="1004" name="select_ln7_2_fu_2321">
<pin_list>
<pin id="2322" dir="0" index="0" bw="1" slack="0"/>
<pin id="2323" dir="0" index="1" bw="256" slack="0"/>
<pin id="2324" dir="0" index="2" bw="256" slack="1"/>
<pin id="2325" dir="1" index="3" bw="256" slack="1"/>
</pin_list>
<bind>
<opcode="select(49) " fcode="select"/>
<opset="select_ln7_2/40 "/>
</bind>
</comp>

<comp id="2328" class="1004" name="select_ln7_3_fu_2328">
<pin_list>
<pin id="2329" dir="0" index="0" bw="1" slack="0"/>
<pin id="2330" dir="0" index="1" bw="256" slack="0"/>
<pin id="2331" dir="0" index="2" bw="256" slack="1"/>
<pin id="2332" dir="1" index="3" bw="256" slack="1"/>
</pin_list>
<bind>
<opcode="select(49) " fcode="select"/>
<opset="select_ln7_3/40 "/>
</bind>
</comp>

<comp id="2335" class="1004" name="select_ln7_4_fu_2335">
<pin_list>
<pin id="2336" dir="0" index="0" bw="1" slack="0"/>
<pin id="2337" dir="0" index="1" bw="256" slack="0"/>
<pin id="2338" dir="0" index="2" bw="256" slack="1"/>
<pin id="2339" dir="1" index="3" bw="256" slack="1"/>
</pin_list>
<bind>
<opcode="select(49) " fcode="select"/>
<opset="select_ln7_4/40 "/>
</bind>
</comp>

<comp id="2342" class="1004" name="select_ln7_5_fu_2342">
<pin_list>
<pin id="2343" dir="0" index="0" bw="1" slack="0"/>
<pin id="2344" dir="0" index="1" bw="256" slack="0"/>
<pin id="2345" dir="0" index="2" bw="256" slack="1"/>
<pin id="2346" dir="1" index="3" bw="256" slack="1"/>
</pin_list>
<bind>
<opcode="select(49) " fcode="select"/>
<opset="select_ln7_5/40 "/>
</bind>
</comp>

<comp id="2349" class="1004" name="select_ln7_6_fu_2349">
<pin_list>
<pin id="2350" dir="0" index="0" bw="1" slack="0"/>
<pin id="2351" dir="0" index="1" bw="256" slack="0"/>
<pin id="2352" dir="0" index="2" bw="256" slack="1"/>
<pin id="2353" dir="1" index="3" bw="256" slack="1"/>
</pin_list>
<bind>
<opcode="select(49) " fcode="select"/>
<opset="select_ln7_6/40 "/>
</bind>
</comp>

<comp id="2356" class="1004" name="select_ln7_7_fu_2356">
<pin_list>
<pin id="2357" dir="0" index="0" bw="1" slack="0"/>
<pin id="2358" dir="0" index="1" bw="256" slack="0"/>
<pin id="2359" dir="0" index="2" bw="256" slack="1"/>
<pin id="2360" dir="1" index="3" bw="256" slack="1"/>
</pin_list>
<bind>
<opcode="select(49) " fcode="select"/>
<opset="select_ln7_7/40 "/>
</bind>
</comp>

<comp id="2363" class="1004" name="select_ln7_8_fu_2363">
<pin_list>
<pin id="2364" dir="0" index="0" bw="1" slack="0"/>
<pin id="2365" dir="0" index="1" bw="256" slack="0"/>
<pin id="2366" dir="0" index="2" bw="256" slack="1"/>
<pin id="2367" dir="1" index="3" bw="256" slack="1"/>
</pin_list>
<bind>
<opcode="select(49) " fcode="select"/>
<opset="select_ln7_8/40 "/>
</bind>
</comp>

<comp id="2370" class="1004" name="select_ln7_9_fu_2370">
<pin_list>
<pin id="2371" dir="0" index="0" bw="1" slack="0"/>
<pin id="2372" dir="0" index="1" bw="256" slack="0"/>
<pin id="2373" dir="0" index="2" bw="256" slack="1"/>
<pin id="2374" dir="1" index="3" bw="256" slack="1"/>
</pin_list>
<bind>
<opcode="select(49) " fcode="select"/>
<opset="select_ln7_9/40 "/>
</bind>
</comp>

<comp id="2377" class="1004" name="select_ln7_10_fu_2377">
<pin_list>
<pin id="2378" dir="0" index="0" bw="1" slack="0"/>
<pin id="2379" dir="0" index="1" bw="256" slack="0"/>
<pin id="2380" dir="0" index="2" bw="256" slack="1"/>
<pin id="2381" dir="1" index="3" bw="256" slack="1"/>
</pin_list>
<bind>
<opcode="select(49) " fcode="select"/>
<opset="select_ln7_10/40 "/>
</bind>
</comp>

<comp id="2384" class="1004" name="select_ln7_11_fu_2384">
<pin_list>
<pin id="2385" dir="0" index="0" bw="1" slack="0"/>
<pin id="2386" dir="0" index="1" bw="256" slack="0"/>
<pin id="2387" dir="0" index="2" bw="256" slack="1"/>
<pin id="2388" dir="1" index="3" bw="256" slack="1"/>
</pin_list>
<bind>
<opcode="select(49) " fcode="select"/>
<opset="select_ln7_11/40 "/>
</bind>
</comp>

<comp id="2391" class="1004" name="select_ln7_12_fu_2391">
<pin_list>
<pin id="2392" dir="0" index="0" bw="1" slack="0"/>
<pin id="2393" dir="0" index="1" bw="256" slack="0"/>
<pin id="2394" dir="0" index="2" bw="256" slack="1"/>
<pin id="2395" dir="1" index="3" bw="256" slack="1"/>
</pin_list>
<bind>
<opcode="select(49) " fcode="select"/>
<opset="select_ln7_12/40 "/>
</bind>
</comp>

<comp id="2398" class="1004" name="select_ln7_13_fu_2398">
<pin_list>
<pin id="2399" dir="0" index="0" bw="1" slack="0"/>
<pin id="2400" dir="0" index="1" bw="256" slack="0"/>
<pin id="2401" dir="0" index="2" bw="256" slack="1"/>
<pin id="2402" dir="1" index="3" bw="256" slack="1"/>
</pin_list>
<bind>
<opcode="select(49) " fcode="select"/>
<opset="select_ln7_13/40 "/>
</bind>
</comp>

<comp id="2405" class="1004" name="select_ln7_14_fu_2405">
<pin_list>
<pin id="2406" dir="0" index="0" bw="1" slack="0"/>
<pin id="2407" dir="0" index="1" bw="256" slack="0"/>
<pin id="2408" dir="0" index="2" bw="256" slack="1"/>
<pin id="2409" dir="1" index="3" bw="256" slack="1"/>
</pin_list>
<bind>
<opcode="select(49) " fcode="select"/>
<opset="select_ln7_14/40 "/>
</bind>
</comp>

<comp id="2412" class="1004" name="select_ln7_17_fu_2412">
<pin_list>
<pin id="2413" dir="0" index="0" bw="1" slack="0"/>
<pin id="2414" dir="0" index="1" bw="256" slack="0"/>
<pin id="2415" dir="0" index="2" bw="256" slack="1"/>
<pin id="2416" dir="1" index="3" bw="256" slack="1"/>
</pin_list>
<bind>
<opcode="select(49) " fcode="select"/>
<opset="select_ln7_17/40 "/>
</bind>
</comp>

<comp id="2419" class="1004" name="select_ln7_18_fu_2419">
<pin_list>
<pin id="2420" dir="0" index="0" bw="1" slack="0"/>
<pin id="2421" dir="0" index="1" bw="256" slack="0"/>
<pin id="2422" dir="0" index="2" bw="256" slack="1"/>
<pin id="2423" dir="1" index="3" bw="256" slack="1"/>
</pin_list>
<bind>
<opcode="select(49) " fcode="select"/>
<opset="select_ln7_18/40 "/>
</bind>
</comp>

<comp id="2426" class="1004" name="add_ln55_40_fu_2426">
<pin_list>
<pin id="2427" dir="0" index="0" bw="11" slack="2147483647"/>
<pin id="2428" dir="0" index="1" bw="6" slack="0"/>
<pin id="2429" dir="1" index="2" bw="11" slack="2"/>
</pin_list>
<bind>
<opcode="add(8) " fcode="add"/>
<opset="add_ln55_40/40 "/>
</bind>
</comp>

<comp id="2431" class="1004" name="select_ln7_23_fu_2431">
<pin_list>
<pin id="2432" dir="0" index="0" bw="1" slack="0"/>
<pin id="2433" dir="0" index="1" bw="256" slack="0"/>
<pin id="2434" dir="0" index="2" bw="256" slack="1"/>
<pin id="2435" dir="1" index="3" bw="256" slack="1"/>
</pin_list>
<bind>
<opcode="select(49) " fcode="select"/>
<opset="select_ln7_23/40 "/>
</bind>
</comp>

<comp id="2438" class="1004" name="zext_ln63_fu_2438">
<pin_list>
<pin id="2439" dir="0" index="0" bw="255" slack="0"/>
<pin id="2440" dir="1" index="1" bw="256" slack="1"/>
</pin_list>
<bind>
<opcode="zext(34) " fcode="zext"/>
<opset="zext_ln63/42 "/>
</bind>
</comp>

<comp id="2442" class="1004" name="zext_ln63_1_fu_2442">
<pin_list>
<pin id="2443" dir="0" index="0" bw="255" slack="0"/>
<pin id="2444" dir="1" index="1" bw="256" slack="1"/>
</pin_list>
<bind>
<opcode="zext(34) " fcode="zext"/>
<opset="zext_ln63_1/42 "/>
</bind>
</comp>

<comp id="2446" class="1004" name="zext_ln63_2_fu_2446">
<pin_list>
<pin id="2447" dir="0" index="0" bw="255" slack="0"/>
<pin id="2448" dir="1" index="1" bw="256" slack="1"/>
</pin_list>
<bind>
<opcode="zext(34) " fcode="zext"/>
<opset="zext_ln63_2/42 "/>
</bind>
</comp>

<comp id="2450" class="1004" name="zext_ln63_3_fu_2450">
<pin_list>
<pin id="2451" dir="0" index="0" bw="255" slack="0"/>
<pin id="2452" dir="1" index="1" bw="256" slack="1"/>
</pin_list>
<bind>
<opcode="zext(34) " fcode="zext"/>
<opset="zext_ln63_3/42 "/>
</bind>
</comp>

<comp id="2454" class="1004" name="zext_ln63_4_fu_2454">
<pin_list>
<pin id="2455" dir="0" index="0" bw="255" slack="0"/>
<pin id="2456" dir="1" index="1" bw="256" slack="1"/>
</pin_list>
<bind>
<opcode="zext(34) " fcode="zext"/>
<opset="zext_ln63_4/42 "/>
</bind>
</comp>

<comp id="2458" class="1004" name="zext_ln63_5_fu_2458">
<pin_list>
<pin id="2459" dir="0" index="0" bw="255" slack="0"/>
<pin id="2460" dir="1" index="1" bw="256" slack="1"/>
</pin_list>
<bind>
<opcode="zext(34) " fcode="zext"/>
<opset="zext_ln63_5/42 "/>
</bind>
</comp>

<comp id="2462" class="1004" name="zext_ln63_6_fu_2462">
<pin_list>
<pin id="2463" dir="0" index="0" bw="255" slack="0"/>
<pin id="2464" dir="1" index="1" bw="256" slack="1"/>
</pin_list>
<bind>
<opcode="zext(34) " fcode="zext"/>
<opset="zext_ln63_6/42 "/>
</bind>
</comp>

<comp id="2466" class="1004" name="zext_ln63_7_fu_2466">
<pin_list>
<pin id="2467" dir="0" index="0" bw="255" slack="0"/>
<pin id="2468" dir="1" index="1" bw="256" slack="1"/>
</pin_list>
<bind>
<opcode="zext(34) " fcode="zext"/>
<opset="zext_ln63_7/42 "/>
</bind>
</comp>

<comp id="2470" class="1004" name="zext_ln63_8_fu_2470">
<pin_list>
<pin id="2471" dir="0" index="0" bw="255" slack="0"/>
<pin id="2472" dir="1" index="1" bw="256" slack="1"/>
</pin_list>
<bind>
<opcode="zext(34) " fcode="zext"/>
<opset="zext_ln63_8/42 "/>
</bind>
</comp>

<comp id="2474" class="1004" name="zext_ln63_9_fu_2474">
<pin_list>
<pin id="2475" dir="0" index="0" bw="255" slack="0"/>
<pin id="2476" dir="1" index="1" bw="256" slack="1"/>
</pin_list>
<bind>
<opcode="zext(34) " fcode="zext"/>
<opset="zext_ln63_9/42 "/>
</bind>
</comp>

<comp id="2478" class="1004" name="zext_ln63_10_fu_2478">
<pin_list>
<pin id="2479" dir="0" index="0" bw="255" slack="0"/>
<pin id="2480" dir="1" index="1" bw="256" slack="1"/>
</pin_list>
<bind>
<opcode="zext(34) " fcode="zext"/>
<opset="zext_ln63_10/42 "/>
</bind>
</comp>

<comp id="2482" class="1004" name="zext_ln63_11_fu_2482">
<pin_list>
<pin id="2483" dir="0" index="0" bw="255" slack="0"/>
<pin id="2484" dir="1" index="1" bw="256" slack="1"/>
</pin_list>
<bind>
<opcode="zext(34) " fcode="zext"/>
<opset="zext_ln63_11/42 "/>
</bind>
</comp>

<comp id="2486" class="1004" name="zext_ln63_12_fu_2486">
<pin_list>
<pin id="2487" dir="0" index="0" bw="255" slack="0"/>
<pin id="2488" dir="1" index="1" bw="256" slack="1"/>
</pin_list>
<bind>
<opcode="zext(34) " fcode="zext"/>
<opset="zext_ln63_12/42 "/>
</bind>
</comp>

<comp id="2490" class="1004" name="zext_ln63_13_fu_2490">
<pin_list>
<pin id="2491" dir="0" index="0" bw="255" slack="0"/>
<pin id="2492" dir="1" index="1" bw="256" slack="1"/>
</pin_list>
<bind>
<opcode="zext(34) " fcode="zext"/>
<opset="zext_ln63_13/42 "/>
</bind>
</comp>

<comp id="2494" class="1004" name="zext_ln63_14_fu_2494">
<pin_list>
<pin id="2495" dir="0" index="0" bw="255" slack="0"/>
<pin id="2496" dir="1" index="1" bw="256" slack="1"/>
</pin_list>
<bind>
<opcode="zext(34) " fcode="zext"/>
<opset="zext_ln63_14/42 "/>
</bind>
</comp>

<comp id="2498" class="1004" name="zext_ln63_15_fu_2498">
<pin_list>
<pin id="2499" dir="0" index="0" bw="255" slack="0"/>
<pin id="2500" dir="1" index="1" bw="256" slack="1"/>
</pin_list>
<bind>
<opcode="zext(34) " fcode="zext"/>
<opset="zext_ln63_15/42 "/>
</bind>
</comp>

<comp id="2502" class="1004" name="zext_ln63_16_fu_2502">
<pin_list>
<pin id="2503" dir="0" index="0" bw="255" slack="0"/>
<pin id="2504" dir="1" index="1" bw="256" slack="1"/>
</pin_list>
<bind>
<opcode="zext(34) " fcode="zext"/>
<opset="zext_ln63_16/42 "/>
</bind>
</comp>

<comp id="2506" class="1004" name="zext_ln63_17_fu_2506">
<pin_list>
<pin id="2507" dir="0" index="0" bw="255" slack="0"/>
<pin id="2508" dir="1" index="1" bw="256" slack="1"/>
</pin_list>
<bind>
<opcode="zext(34) " fcode="zext"/>
<opset="zext_ln63_17/42 "/>
</bind>
</comp>

<comp id="2510" class="1004" name="zext_ln63_18_fu_2510">
<pin_list>
<pin id="2511" dir="0" index="0" bw="255" slack="0"/>
<pin id="2512" dir="1" index="1" bw="256" slack="1"/>
</pin_list>
<bind>
<opcode="zext(34) " fcode="zext"/>
<opset="zext_ln63_18/42 "/>
</bind>
</comp>

<comp id="2514" class="1004" name="zext_ln63_19_fu_2514">
<pin_list>
<pin id="2515" dir="0" index="0" bw="255" slack="0"/>
<pin id="2516" dir="1" index="1" bw="256" slack="1"/>
</pin_list>
<bind>
<opcode="zext(34) " fcode="zext"/>
<opset="zext_ln63_19/42 "/>
</bind>
</comp>

<comp id="2518" class="1004" name="zext_ln63_20_fu_2518">
<pin_list>
<pin id="2519" dir="0" index="0" bw="255" slack="0"/>
<pin id="2520" dir="1" index="1" bw="256" slack="1"/>
</pin_list>
<bind>
<opcode="zext(34) " fcode="zext"/>
<opset="zext_ln63_20/42 "/>
</bind>
</comp>

<comp id="2522" class="1004" name="zext_ln63_21_fu_2522">
<pin_list>
<pin id="2523" dir="0" index="0" bw="255" slack="0"/>
<pin id="2524" dir="1" index="1" bw="256" slack="1"/>
</pin_list>
<bind>
<opcode="zext(34) " fcode="zext"/>
<opset="zext_ln63_21/42 "/>
</bind>
</comp>

<comp id="2526" class="1004" name="zext_ln64_fu_2526">
<pin_list>
<pin id="2527" dir="0" index="0" bw="255" slack="0"/>
<pin id="2528" dir="1" index="1" bw="256" slack="1"/>
</pin_list>
<bind>
<opcode="zext(34) " fcode="zext"/>
<opset="zext_ln64/42 "/>
</bind>
</comp>

<comp id="2530" class="1004" name="store_ln49_store_fu_2530">
<pin_list>
<pin id="2531" dir="0" index="0" bw="11" slack="2"/>
<pin id="2532" dir="0" index="1" bw="11" slack="41"/>
<pin id="2533" dir="1" index="2" bw="0" slack="2147483647"/>
</pin_list>
<bind>
<opcode="store(28) " fcode="store"/>
<opset="store_ln49/42 "/>
</bind>
</comp>

<comp id="2534" class="1004" name="store_ln50_store_fu_2534">
<pin_list>
<pin id="2535" dir="0" index="0" bw="7" slack="37"/>
<pin id="2536" dir="0" index="1" bw="7" slack="41"/>
<pin id="2537" dir="1" index="2" bw="0" slack="2147483647"/>
</pin_list>
<bind>
<opcode="store(28) " fcode="store"/>
<opset="store_ln50/42 "/>
</bind>
</comp>

<comp id="2538" class="1005" name="r_reg_2538">
<pin_list>
<pin id="2539" dir="0" index="0" bw="7" slack="0"/>
<pin id="2540" dir="1" index="1" bw="7" slack="0"/>
</pin_list>
<bind>
<opset="r "/>
</bind>
</comp>

<comp id="2545" class="1005" name="p_0_0_01942_reg_2545">
<pin_list>
<pin id="2546" dir="0" index="0" bw="256" slack="1"/>
<pin id="2547" dir="1" index="1" bw="256" slack="1"/>
</pin_list>
<bind>
<opset="p_0_0_01942 "/>
</bind>
</comp>

<comp id="2552" class="1005" name="p_0_0_011_144_reg_2552">
<pin_list>
<pin id="2553" dir="0" index="0" bw="256" slack="1"/>
<pin id="2554" dir="1" index="1" bw="256" slack="1"/>
</pin_list>
<bind>
<opset="p_0_0_011_144 "/>
</bind>
</comp>

<comp id="2559" class="1005" name="p_0_0_011_246_reg_2559">
<pin_list>
<pin id="2560" dir="0" index="0" bw="256" slack="1"/>
<pin id="2561" dir="1" index="1" bw="256" slack="1"/>
</pin_list>
<bind>
<opset="p_0_0_011_246 "/>
</bind>
</comp>

<comp id="2566" class="1005" name="p_0_0_011_348_reg_2566">
<pin_list>
<pin id="2567" dir="0" index="0" bw="256" slack="1"/>
<pin id="2568" dir="1" index="1" bw="256" slack="1"/>
</pin_list>
<bind>
<opset="p_0_0_011_348 "/>
</bind>
</comp>

<comp id="2573" class="1005" name="p_0_0_011_450_reg_2573">
<pin_list>
<pin id="2574" dir="0" index="0" bw="256" slack="1"/>
<pin id="2575" dir="1" index="1" bw="256" slack="1"/>
</pin_list>
<bind>
<opset="p_0_0_011_450 "/>
</bind>
</comp>

<comp id="2580" class="1005" name="p_0_0_011_552_reg_2580">
<pin_list>
<pin id="2581" dir="0" index="0" bw="256" slack="1"/>
<pin id="2582" dir="1" index="1" bw="256" slack="1"/>
</pin_list>
<bind>
<opset="p_0_0_011_552 "/>
</bind>
</comp>

<comp id="2587" class="1005" name="p_0_0_011_654_reg_2587">
<pin_list>
<pin id="2588" dir="0" index="0" bw="256" slack="1"/>
<pin id="2589" dir="1" index="1" bw="256" slack="1"/>
</pin_list>
<bind>
<opset="p_0_0_011_654 "/>
</bind>
</comp>

<comp id="2594" class="1005" name="p_0_0_011_756_reg_2594">
<pin_list>
<pin id="2595" dir="0" index="0" bw="256" slack="1"/>
<pin id="2596" dir="1" index="1" bw="256" slack="1"/>
</pin_list>
<bind>
<opset="p_0_0_011_756 "/>
</bind>
</comp>

<comp id="2601" class="1005" name="p_0_0_011_858_reg_2601">
<pin_list>
<pin id="2602" dir="0" index="0" bw="256" slack="1"/>
<pin id="2603" dir="1" index="1" bw="256" slack="1"/>
</pin_list>
<bind>
<opset="p_0_0_011_858 "/>
</bind>
</comp>

<comp id="2608" class="1005" name="p_0_0_011_960_reg_2608">
<pin_list>
<pin id="2609" dir="0" index="0" bw="256" slack="1"/>
<pin id="2610" dir="1" index="1" bw="256" slack="1"/>
</pin_list>
<bind>
<opset="p_0_0_011_960 "/>
</bind>
</comp>

<comp id="2615" class="1005" name="p_0_0_011_1062_reg_2615">
<pin_list>
<pin id="2616" dir="0" index="0" bw="256" slack="1"/>
<pin id="2617" dir="1" index="1" bw="256" slack="1"/>
</pin_list>
<bind>
<opset="p_0_0_011_1062 "/>
</bind>
</comp>

<comp id="2622" class="1005" name="p_0_0_011_1164_reg_2622">
<pin_list>
<pin id="2623" dir="0" index="0" bw="256" slack="1"/>
<pin id="2624" dir="1" index="1" bw="256" slack="1"/>
</pin_list>
<bind>
<opset="p_0_0_011_1164 "/>
</bind>
</comp>

<comp id="2629" class="1005" name="p_0_0_011_1266_reg_2629">
<pin_list>
<pin id="2630" dir="0" index="0" bw="256" slack="1"/>
<pin id="2631" dir="1" index="1" bw="256" slack="1"/>
</pin_list>
<bind>
<opset="p_0_0_011_1266 "/>
</bind>
</comp>

<comp id="2636" class="1005" name="p_0_0_011_1368_reg_2636">
<pin_list>
<pin id="2637" dir="0" index="0" bw="256" slack="1"/>
<pin id="2638" dir="1" index="1" bw="256" slack="1"/>
</pin_list>
<bind>
<opset="p_0_0_011_1368 "/>
</bind>
</comp>

<comp id="2643" class="1005" name="p_0_0_011_1470_reg_2643">
<pin_list>
<pin id="2644" dir="0" index="0" bw="256" slack="1"/>
<pin id="2645" dir="1" index="1" bw="256" slack="1"/>
</pin_list>
<bind>
<opset="p_0_0_011_1470 "/>
</bind>
</comp>

<comp id="2650" class="1005" name="p_0_0_011_1572_reg_2650">
<pin_list>
<pin id="2651" dir="0" index="0" bw="256" slack="1"/>
<pin id="2652" dir="1" index="1" bw="256" slack="1"/>
</pin_list>
<bind>
<opset="p_0_0_011_1572 "/>
</bind>
</comp>

<comp id="2657" class="1005" name="p_0_0_011_1674_reg_2657">
<pin_list>
<pin id="2658" dir="0" index="0" bw="256" slack="1"/>
<pin id="2659" dir="1" index="1" bw="256" slack="1"/>
</pin_list>
<bind>
<opset="p_0_0_011_1674 "/>
</bind>
</comp>

<comp id="2664" class="1005" name="p_0_0_011_1776_reg_2664">
<pin_list>
<pin id="2665" dir="0" index="0" bw="256" slack="1"/>
<pin id="2666" dir="1" index="1" bw="256" slack="1"/>
</pin_list>
<bind>
<opset="p_0_0_011_1776 "/>
</bind>
</comp>

<comp id="2671" class="1005" name="p_0_0_011_1878_reg_2671">
<pin_list>
<pin id="2672" dir="0" index="0" bw="256" slack="1"/>
<pin id="2673" dir="1" index="1" bw="256" slack="1"/>
</pin_list>
<bind>
<opset="p_0_0_011_1878 "/>
</bind>
</comp>

<comp id="2678" class="1005" name="p_0_0_011_1980_reg_2678">
<pin_list>
<pin id="2679" dir="0" index="0" bw="256" slack="1"/>
<pin id="2680" dir="1" index="1" bw="256" slack="1"/>
</pin_list>
<bind>
<opset="p_0_0_011_1980 "/>
</bind>
</comp>

<comp id="2685" class="1005" name="p_0_0_011_2082_reg_2685">
<pin_list>
<pin id="2686" dir="0" index="0" bw="256" slack="1"/>
<pin id="2687" dir="1" index="1" bw="256" slack="1"/>
</pin_list>
<bind>
<opset="p_0_0_011_2082 "/>
</bind>
</comp>

<comp id="2692" class="1005" name="p_0_0_011_2184_reg_2692">
<pin_list>
<pin id="2693" dir="0" index="0" bw="256" slack="1"/>
<pin id="2694" dir="1" index="1" bw="256" slack="1"/>
</pin_list>
<bind>
<opset="p_0_0_011_2184 "/>
</bind>
</comp>

<comp id="2699" class="1005" name="p_0_0_011_2286_reg_2699">
<pin_list>
<pin id="2700" dir="0" index="0" bw="256" slack="1"/>
<pin id="2701" dir="1" index="1" bw="256" slack="1"/>
</pin_list>
<bind>
<opset="p_0_0_011_2286 "/>
</bind>
</comp>

<comp id="2706" class="1005" name="p_0_0_011_2388_reg_2706">
<pin_list>
<pin id="2707" dir="0" index="0" bw="256" slack="1"/>
<pin id="2708" dir="1" index="1" bw="256" slack="1"/>
</pin_list>
<bind>
<opset="p_0_0_011_2388 "/>
</bind>
</comp>

<comp id="2713" class="1005" name="rc_idx_reg_2713">
<pin_list>
<pin id="2714" dir="0" index="0" bw="11" slack="0"/>
<pin id="2715" dir="1" index="1" bw="11" slack="0"/>
</pin_list>
<bind>
<opset="rc_idx "/>
</bind>
</comp>

<comp id="2720" class="1005" name="trunc_ln_reg_2720">
<pin_list>
<pin id="2721" dir="0" index="0" bw="59" slack="3"/>
<pin id="2722" dir="1" index="1" bw="59" slack="3"/>
</pin_list>
<bind>
<opset="trunc_ln "/>
</bind>
</comp>

<comp id="2725" class="1005" name="trunc_ln73_1_reg_2725">
<pin_list>
<pin id="2726" dir="0" index="0" bw="59" slack="42"/>
<pin id="2727" dir="1" index="1" bw="59" slack="42"/>
</pin_list>
<bind>
<opset="trunc_ln73_1 "/>
</bind>
</comp>

<comp id="2730" class="1005" name="sext_ln73_reg_2730">
<pin_list>
<pin id="2731" dir="0" index="0" bw="60" slack="1"/>
<pin id="2732" dir="1" index="1" bw="60" slack="1"/>
</pin_list>
<bind>
<opset="sext_ln73 "/>
</bind>
</comp>

<comp id="2742" class="1005" name="add_ln55_8_reg_2742">
<pin_list>
<pin id="2743" dir="0" index="0" bw="60" slack="1"/>
<pin id="2744" dir="1" index="1" bw="60" slack="1"/>
</pin_list>
<bind>
<opset="add_ln55_8 "/>
</bind>
</comp>

<comp id="2747" class="1005" name="add_ln55_10_reg_2747">
<pin_list>
<pin id="2748" dir="0" index="0" bw="60" slack="1"/>
<pin id="2749" dir="1" index="1" bw="60" slack="1"/>
</pin_list>
<bind>
<opset="add_ln55_10 "/>
</bind>
</comp>

<comp id="2752" class="1005" name="add_ln55_12_reg_2752">
<pin_list>
<pin id="2753" dir="0" index="0" bw="60" slack="1"/>
<pin id="2754" dir="1" index="1" bw="60" slack="1"/>
</pin_list>
<bind>
<opset="add_ln55_12 "/>
</bind>
</comp>

<comp id="2757" class="1005" name="add_ln55_14_reg_2757">
<pin_list>
<pin id="2758" dir="0" index="0" bw="60" slack="1"/>
<pin id="2759" dir="1" index="1" bw="60" slack="1"/>
</pin_list>
<bind>
<opset="add_ln55_14 "/>
</bind>
</comp>

<comp id="2762" class="1005" name="add_ln55_16_reg_2762">
<pin_list>
<pin id="2763" dir="0" index="0" bw="60" slack="1"/>
<pin id="2764" dir="1" index="1" bw="60" slack="1"/>
</pin_list>
<bind>
<opset="add_ln55_16 "/>
</bind>
</comp>

<comp id="2767" class="1005" name="add_ln55_18_reg_2767">
<pin_list>
<pin id="2768" dir="0" index="0" bw="60" slack="1"/>
<pin id="2769" dir="1" index="1" bw="60" slack="1"/>
</pin_list>
<bind>
<opset="add_ln55_18 "/>
</bind>
</comp>

<comp id="2772" class="1005" name="add_ln55_20_reg_2772">
<pin_list>
<pin id="2773" dir="0" index="0" bw="60" slack="1"/>
<pin id="2774" dir="1" index="1" bw="60" slack="1"/>
</pin_list>
<bind>
<opset="add_ln55_20 "/>
</bind>
</comp>

<comp id="2777" class="1005" name="add_ln55_22_reg_2777">
<pin_list>
<pin id="2778" dir="0" index="0" bw="60" slack="1"/>
<pin id="2779" dir="1" index="1" bw="60" slack="1"/>
</pin_list>
<bind>
<opset="add_ln55_22 "/>
</bind>
</comp>

<comp id="2782" class="1005" name="add_ln55_24_reg_2782">
<pin_list>
<pin id="2783" dir="0" index="0" bw="60" slack="1"/>
<pin id="2784" dir="1" index="1" bw="60" slack="1"/>
</pin_list>
<bind>
<opset="add_ln55_24 "/>
</bind>
</comp>

<comp id="2787" class="1005" name="add_ln55_26_reg_2787">
<pin_list>
<pin id="2788" dir="0" index="0" bw="60" slack="1"/>
<pin id="2789" dir="1" index="1" bw="60" slack="1"/>
</pin_list>
<bind>
<opset="add_ln55_26 "/>
</bind>
</comp>

<comp id="2792" class="1005" name="add_ln55_28_reg_2792">
<pin_list>
<pin id="2793" dir="0" index="0" bw="60" slack="1"/>
<pin id="2794" dir="1" index="1" bw="60" slack="1"/>
</pin_list>
<bind>
<opset="add_ln55_28 "/>
</bind>
</comp>

<comp id="2797" class="1005" name="add_ln55_30_reg_2797">
<pin_list>
<pin id="2798" dir="0" index="0" bw="60" slack="1"/>
<pin id="2799" dir="1" index="1" bw="60" slack="1"/>
</pin_list>
<bind>
<opset="add_ln55_30 "/>
</bind>
</comp>

<comp id="2802" class="1005" name="add_ln55_32_reg_2802">
<pin_list>
<pin id="2803" dir="0" index="0" bw="60" slack="1"/>
<pin id="2804" dir="1" index="1" bw="60" slack="1"/>
</pin_list>
<bind>
<opset="add_ln55_32 "/>
</bind>
</comp>

<comp id="2807" class="1005" name="add_ln55_34_reg_2807">
<pin_list>
<pin id="2808" dir="0" index="0" bw="60" slack="1"/>
<pin id="2809" dir="1" index="1" bw="60" slack="1"/>
</pin_list>
<bind>
<opset="add_ln55_34 "/>
</bind>
</comp>

<comp id="2812" class="1005" name="add_ln55_36_reg_2812">
<pin_list>
<pin id="2813" dir="0" index="0" bw="60" slack="1"/>
<pin id="2814" dir="1" index="1" bw="60" slack="1"/>
</pin_list>
<bind>
<opset="add_ln55_36 "/>
</bind>
</comp>

<comp id="2817" class="1005" name="add_ln55_38_reg_2817">
<pin_list>
<pin id="2818" dir="0" index="0" bw="60" slack="1"/>
<pin id="2819" dir="1" index="1" bw="60" slack="1"/>
</pin_list>
<bind>
<opset="add_ln55_38 "/>
</bind>
</comp>

<comp id="2825" class="1005" name="r_2_reg_2825">
<pin_list>
<pin id="2826" dir="0" index="0" bw="7" slack="37"/>
<pin id="2827" dir="1" index="1" bw="7" slack="37"/>
</pin_list>
<bind>
<opset="r_2 "/>
</bind>
</comp>

<comp id="2833" class="1005" name="add_ln55_reg_2833">
<pin_list>
<pin id="2834" dir="0" index="0" bw="60" slack="1"/>
<pin id="2835" dir="1" index="1" bw="60" slack="1"/>
</pin_list>
<bind>
<opset="add_ln55 "/>
</bind>
</comp>

<comp id="2838" class="1005" name="add_ln55_9_reg_2838">
<pin_list>
<pin id="2839" dir="0" index="0" bw="60" slack="9"/>
<pin id="2840" dir="1" index="1" bw="60" slack="9"/>
</pin_list>
<bind>
<opset="add_ln55_9 "/>
</bind>
</comp>

<comp id="2843" class="1005" name="add_ln55_11_reg_2843">
<pin_list>
<pin id="2844" dir="0" index="0" bw="60" slack="10"/>
<pin id="2845" dir="1" index="1" bw="60" slack="10"/>
</pin_list>
<bind>
<opset="add_ln55_11 "/>
</bind>
</comp>

<comp id="2848" class="1005" name="add_ln55_13_reg_2848">
<pin_list>
<pin id="2849" dir="0" index="0" bw="60" slack="11"/>
<pin id="2850" dir="1" index="1" bw="60" slack="11"/>
</pin_list>
<bind>
<opset="add_ln55_13 "/>
</bind>
</comp>

<comp id="2853" class="1005" name="add_ln55_15_reg_2853">
<pin_list>
<pin id="2854" dir="0" index="0" bw="60" slack="12"/>
<pin id="2855" dir="1" index="1" bw="60" slack="12"/>
</pin_list>
<bind>
<opset="add_ln55_15 "/>
</bind>
</comp>

<comp id="2858" class="1005" name="add_ln55_17_reg_2858">
<pin_list>
<pin id="2859" dir="0" index="0" bw="60" slack="13"/>
<pin id="2860" dir="1" index="1" bw="60" slack="13"/>
</pin_list>
<bind>
<opset="add_ln55_17 "/>
</bind>
</comp>

<comp id="2863" class="1005" name="add_ln55_19_reg_2863">
<pin_list>
<pin id="2864" dir="0" index="0" bw="60" slack="14"/>
<pin id="2865" dir="1" index="1" bw="60" slack="14"/>
</pin_list>
<bind>
<opset="add_ln55_19 "/>
</bind>
</comp>

<comp id="2868" class="1005" name="add_ln55_21_reg_2868">
<pin_list>
<pin id="2869" dir="0" index="0" bw="60" slack="15"/>
<pin id="2870" dir="1" index="1" bw="60" slack="15"/>
</pin_list>
<bind>
<opset="add_ln55_21 "/>
</bind>
</comp>

<comp id="2873" class="1005" name="add_ln55_23_reg_2873">
<pin_list>
<pin id="2874" dir="0" index="0" bw="60" slack="16"/>
<pin id="2875" dir="1" index="1" bw="60" slack="16"/>
</pin_list>
<bind>
<opset="add_ln55_23 "/>
</bind>
</comp>

<comp id="2878" class="1005" name="add_ln55_25_reg_2878">
<pin_list>
<pin id="2879" dir="0" index="0" bw="60" slack="17"/>
<pin id="2880" dir="1" index="1" bw="60" slack="17"/>
</pin_list>
<bind>
<opset="add_ln55_25 "/>
</bind>
</comp>

<comp id="2883" class="1005" name="add_ln55_27_reg_2883">
<pin_list>
<pin id="2884" dir="0" index="0" bw="60" slack="18"/>
<pin id="2885" dir="1" index="1" bw="60" slack="18"/>
</pin_list>
<bind>
<opset="add_ln55_27 "/>
</bind>
</comp>

<comp id="2888" class="1005" name="add_ln55_29_reg_2888">
<pin_list>
<pin id="2889" dir="0" index="0" bw="60" slack="19"/>
<pin id="2890" dir="1" index="1" bw="60" slack="19"/>
</pin_list>
<bind>
<opset="add_ln55_29 "/>
</bind>
</comp>

<comp id="2893" class="1005" name="add_ln55_31_reg_2893">
<pin_list>
<pin id="2894" dir="0" index="0" bw="60" slack="20"/>
<pin id="2895" dir="1" index="1" bw="60" slack="20"/>
</pin_list>
<bind>
<opset="add_ln55_31 "/>
</bind>
</comp>

<comp id="2898" class="1005" name="add_ln55_33_reg_2898">
<pin_list>
<pin id="2899" dir="0" index="0" bw="60" slack="21"/>
<pin id="2900" dir="1" index="1" bw="60" slack="21"/>
</pin_list>
<bind>
<opset="add_ln55_33 "/>
</bind>
</comp>

<comp id="2903" class="1005" name="add_ln55_35_reg_2903">
<pin_list>
<pin id="2904" dir="0" index="0" bw="60" slack="22"/>
<pin id="2905" dir="1" index="1" bw="60" slack="22"/>
</pin_list>
<bind>
<opset="add_ln55_35 "/>
</bind>
</comp>

<comp id="2908" class="1005" name="add_ln55_37_reg_2908">
<pin_list>
<pin id="2909" dir="0" index="0" bw="60" slack="23"/>
<pin id="2910" dir="1" index="1" bw="60" slack="23"/>
</pin_list>
<bind>
<opset="add_ln55_37 "/>
</bind>
</comp>

<comp id="2913" class="1005" name="add_ln55_39_reg_2913">
<pin_list>
<pin id="2914" dir="0" index="0" bw="60" slack="24"/>
<pin id="2915" dir="1" index="1" bw="60" slack="24"/>
</pin_list>
<bind>
<opset="add_ln55_39 "/>
</bind>
</comp>

<comp id="2918" class="1005" name="or_ln62_reg_2918">
<pin_list>
<pin id="2919" dir="0" index="0" bw="1" slack="35"/>
<pin id="2920" dir="1" index="1" bw="1" slack="2147483647"/>
</pin_list>
<bind>
<opset="or_ln62 "/>
</bind>
</comp>

<comp id="2922" class="1005" name="gmem_addr_reg_2922">
<pin_list>
<pin id="2923" dir="0" index="0" bw="256" slack="1"/>
<pin id="2924" dir="1" index="1" bw="256" slack="1"/>
</pin_list>
<bind>
<opset="gmem_addr "/>
</bind>
</comp>

<comp id="2928" class="1005" name="add_ln55_1_reg_2928">
<pin_list>
<pin id="2929" dir="0" index="0" bw="60" slack="1"/>
<pin id="2930" dir="1" index="1" bw="60" slack="1"/>
</pin_list>
<bind>
<opset="add_ln55_1 "/>
</bind>
</comp>

<comp id="2933" class="1005" name="gmem_addr_1_reg_2933">
<pin_list>
<pin id="2934" dir="0" index="0" bw="256" slack="1"/>
<pin id="2935" dir="1" index="1" bw="256" slack="1"/>
</pin_list>
<bind>
<opset="gmem_addr_1 "/>
</bind>
</comp>

<comp id="2939" class="1005" name="add_ln55_2_reg_2939">
<pin_list>
<pin id="2940" dir="0" index="0" bw="60" slack="1"/>
<pin id="2941" dir="1" index="1" bw="60" slack="1"/>
</pin_list>
<bind>
<opset="add_ln55_2 "/>
</bind>
</comp>

<comp id="2944" class="1005" name="gmem_addr_2_reg_2944">
<pin_list>
<pin id="2945" dir="0" index="0" bw="256" slack="1"/>
<pin id="2946" dir="1" index="1" bw="256" slack="1"/>
</pin_list>
<bind>
<opset="gmem_addr_2 "/>
</bind>
</comp>

<comp id="2950" class="1005" name="add_ln55_3_reg_2950">
<pin_list>
<pin id="2951" dir="0" index="0" bw="60" slack="1"/>
<pin id="2952" dir="1" index="1" bw="60" slack="1"/>
</pin_list>
<bind>
<opset="add_ln55_3 "/>
</bind>
</comp>

<comp id="2955" class="1005" name="gmem_addr_3_reg_2955">
<pin_list>
<pin id="2956" dir="0" index="0" bw="256" slack="1"/>
<pin id="2957" dir="1" index="1" bw="256" slack="1"/>
</pin_list>
<bind>
<opset="gmem_addr_3 "/>
</bind>
</comp>

<comp id="2961" class="1005" name="add_ln55_4_reg_2961">
<pin_list>
<pin id="2962" dir="0" index="0" bw="60" slack="1"/>
<pin id="2963" dir="1" index="1" bw="60" slack="1"/>
</pin_list>
<bind>
<opset="add_ln55_4 "/>
</bind>
</comp>

<comp id="2966" class="1005" name="gmem_addr_4_reg_2966">
<pin_list>
<pin id="2967" dir="0" index="0" bw="256" slack="1"/>
<pin id="2968" dir="1" index="1" bw="256" slack="1"/>
</pin_list>
<bind>
<opset="gmem_addr_4 "/>
</bind>
</comp>

<comp id="2972" class="1005" name="add_ln55_5_reg_2972">
<pin_list>
<pin id="2973" dir="0" index="0" bw="60" slack="1"/>
<pin id="2974" dir="1" index="1" bw="60" slack="1"/>
</pin_list>
<bind>
<opset="add_ln55_5 "/>
</bind>
</comp>

<comp id="2977" class="1005" name="gmem_addr_5_reg_2977">
<pin_list>
<pin id="2978" dir="0" index="0" bw="256" slack="1"/>
<pin id="2979" dir="1" index="1" bw="256" slack="1"/>
</pin_list>
<bind>
<opset="gmem_addr_5 "/>
</bind>
</comp>

<comp id="2983" class="1005" name="add_ln55_6_reg_2983">
<pin_list>
<pin id="2984" dir="0" index="0" bw="60" slack="1"/>
<pin id="2985" dir="1" index="1" bw="60" slack="1"/>
</pin_list>
<bind>
<opset="add_ln55_6 "/>
</bind>
</comp>

<comp id="2988" class="1005" name="gmem_addr_6_reg_2988">
<pin_list>
<pin id="2989" dir="0" index="0" bw="256" slack="1"/>
<pin id="2990" dir="1" index="1" bw="256" slack="1"/>
</pin_list>
<bind>
<opset="gmem_addr_6 "/>
</bind>
</comp>

<comp id="2994" class="1005" name="add_ln55_7_reg_2994">
<pin_list>
<pin id="2995" dir="0" index="0" bw="60" slack="1"/>
<pin id="2996" dir="1" index="1" bw="60" slack="1"/>
</pin_list>
<bind>
<opset="add_ln55_7 "/>
</bind>
</comp>

<comp id="2999" class="1005" name="gmem_addr_7_reg_2999">
<pin_list>
<pin id="3000" dir="0" index="0" bw="256" slack="1"/>
<pin id="3001" dir="1" index="1" bw="256" slack="1"/>
</pin_list>
<bind>
<opset="gmem_addr_7 "/>
</bind>
</comp>

<comp id="3005" class="1005" name="gmem_addr_read_reg_3005">
<pin_list>
<pin id="3006" dir="0" index="0" bw="256" slack="1"/>
<pin id="3007" dir="1" index="1" bw="256" slack="1"/>
</pin_list>
<bind>
<opset="gmem_addr_read "/>
</bind>
</comp>

<comp id="3010" class="1005" name="gmem_addr_8_reg_3010">
<pin_list>
<pin id="3011" dir="0" index="0" bw="256" slack="1"/>
<pin id="3012" dir="1" index="1" bw="256" slack="1"/>
</pin_list>
<bind>
<opset="gmem_addr_8 "/>
</bind>
</comp>

<comp id="3016" class="1005" name="gmem_addr_1_read_reg_3016">
<pin_list>
<pin id="3017" dir="0" index="0" bw="256" slack="23"/>
<pin id="3018" dir="1" index="1" bw="256" slack="23"/>
</pin_list>
<bind>
<opset="gmem_addr_1_read "/>
</bind>
</comp>

<comp id="3021" class="1005" name="gmem_addr_9_reg_3021">
<pin_list>
<pin id="3022" dir="0" index="0" bw="256" slack="1"/>
<pin id="3023" dir="1" index="1" bw="256" slack="1"/>
</pin_list>
<bind>
<opset="gmem_addr_9 "/>
</bind>
</comp>

<comp id="3027" class="1005" name="gmem_addr_2_read_reg_3027">
<pin_list>
<pin id="3028" dir="0" index="0" bw="256" slack="22"/>
<pin id="3029" dir="1" index="1" bw="256" slack="22"/>
</pin_list>
<bind>
<opset="gmem_addr_2_read "/>
</bind>
</comp>

<comp id="3032" class="1005" name="gmem_addr_10_reg_3032">
<pin_list>
<pin id="3033" dir="0" index="0" bw="256" slack="1"/>
<pin id="3034" dir="1" index="1" bw="256" slack="1"/>
</pin_list>
<bind>
<opset="gmem_addr_10 "/>
</bind>
</comp>

<comp id="3038" class="1005" name="add_ln6_reg_3038">
<pin_list>
<pin id="3039" dir="0" index="0" bw="256" slack="1"/>
<pin id="3040" dir="1" index="1" bw="256" slack="1"/>
</pin_list>
<bind>
<opset="add_ln6 "/>
</bind>
</comp>

<comp id="3045" class="1005" name="gmem_addr_3_read_reg_3045">
<pin_list>
<pin id="3046" dir="0" index="0" bw="256" slack="21"/>
<pin id="3047" dir="1" index="1" bw="256" slack="21"/>
</pin_list>
<bind>
<opset="gmem_addr_3_read "/>
</bind>
</comp>

<comp id="3050" class="1005" name="gmem_addr_11_reg_3050">
<pin_list>
<pin id="3051" dir="0" index="0" bw="256" slack="1"/>
<pin id="3052" dir="1" index="1" bw="256" slack="1"/>
</pin_list>
<bind>
<opset="gmem_addr_11 "/>
</bind>
</comp>

<comp id="3056" class="1005" name="select_ln7_reg_3056">
<pin_list>
<pin id="3057" dir="0" index="0" bw="256" slack="1"/>
<pin id="3058" dir="1" index="1" bw="256" slack="1"/>
</pin_list>
<bind>
<opset="select_ln7 "/>
</bind>
</comp>

<comp id="3061" class="1005" name="gmem_addr_4_read_reg_3061">
<pin_list>
<pin id="3062" dir="0" index="0" bw="256" slack="20"/>
<pin id="3063" dir="1" index="1" bw="256" slack="20"/>
</pin_list>
<bind>
<opset="gmem_addr_4_read "/>
</bind>
</comp>

<comp id="3066" class="1005" name="gmem_addr_12_reg_3066">
<pin_list>
<pin id="3067" dir="0" index="0" bw="256" slack="1"/>
<pin id="3068" dir="1" index="1" bw="256" slack="1"/>
</pin_list>
<bind>
<opset="gmem_addr_12 "/>
</bind>
</comp>

<comp id="3072" class="1005" name="gmem_addr_5_read_reg_3072">
<pin_list>
<pin id="3073" dir="0" index="0" bw="256" slack="19"/>
<pin id="3074" dir="1" index="1" bw="256" slack="19"/>
</pin_list>
<bind>
<opset="gmem_addr_5_read "/>
</bind>
</comp>

<comp id="3077" class="1005" name="gmem_addr_13_reg_3077">
<pin_list>
<pin id="3078" dir="0" index="0" bw="256" slack="1"/>
<pin id="3079" dir="1" index="1" bw="256" slack="1"/>
</pin_list>
<bind>
<opset="gmem_addr_13 "/>
</bind>
</comp>

<comp id="3083" class="1005" name="ref_tmp28_assign_s_reg_3083">
<pin_list>
<pin id="3084" dir="0" index="0" bw="255" slack="24"/>
<pin id="3085" dir="1" index="1" bw="255" slack="24"/>
</pin_list>
<bind>
<opset="ref_tmp28_assign_s "/>
</bind>
</comp>

<comp id="3088" class="1005" name="gmem_addr_6_read_reg_3088">
<pin_list>
<pin id="3089" dir="0" index="0" bw="256" slack="18"/>
<pin id="3090" dir="1" index="1" bw="256" slack="18"/>
</pin_list>
<bind>
<opset="gmem_addr_6_read "/>
</bind>
</comp>

<comp id="3093" class="1005" name="gmem_addr_14_reg_3093">
<pin_list>
<pin id="3094" dir="0" index="0" bw="256" slack="1"/>
<pin id="3095" dir="1" index="1" bw="256" slack="1"/>
</pin_list>
<bind>
<opset="gmem_addr_14 "/>
</bind>
</comp>

<comp id="3099" class="1005" name="gmem_addr_7_read_reg_3099">
<pin_list>
<pin id="3100" dir="0" index="0" bw="256" slack="17"/>
<pin id="3101" dir="1" index="1" bw="256" slack="17"/>
</pin_list>
<bind>
<opset="gmem_addr_7_read "/>
</bind>
</comp>

<comp id="3104" class="1005" name="gmem_addr_15_reg_3104">
<pin_list>
<pin id="3105" dir="0" index="0" bw="256" slack="1"/>
<pin id="3106" dir="1" index="1" bw="256" slack="1"/>
</pin_list>
<bind>
<opset="gmem_addr_15 "/>
</bind>
</comp>

<comp id="3110" class="1005" name="gmem_addr_8_read_reg_3110">
<pin_list>
<pin id="3111" dir="0" index="0" bw="256" slack="16"/>
<pin id="3112" dir="1" index="1" bw="256" slack="16"/>
</pin_list>
<bind>
<opset="gmem_addr_8_read "/>
</bind>
</comp>

<comp id="3115" class="1005" name="gmem_addr_16_reg_3115">
<pin_list>
<pin id="3116" dir="0" index="0" bw="256" slack="1"/>
<pin id="3117" dir="1" index="1" bw="256" slack="1"/>
</pin_list>
<bind>
<opset="gmem_addr_16 "/>
</bind>
</comp>

<comp id="3121" class="1005" name="gmem_addr_9_read_reg_3121">
<pin_list>
<pin id="3122" dir="0" index="0" bw="256" slack="15"/>
<pin id="3123" dir="1" index="1" bw="256" slack="15"/>
</pin_list>
<bind>
<opset="gmem_addr_9_read "/>
</bind>
</comp>

<comp id="3126" class="1005" name="gmem_addr_17_reg_3126">
<pin_list>
<pin id="3127" dir="0" index="0" bw="256" slack="1"/>
<pin id="3128" dir="1" index="1" bw="256" slack="1"/>
</pin_list>
<bind>
<opset="gmem_addr_17 "/>
</bind>
</comp>

<comp id="3132" class="1005" name="gmem_addr_10_read_reg_3132">
<pin_list>
<pin id="3133" dir="0" index="0" bw="256" slack="14"/>
<pin id="3134" dir="1" index="1" bw="256" slack="14"/>
</pin_list>
<bind>
<opset="gmem_addr_10_read "/>
</bind>
</comp>

<comp id="3137" class="1005" name="gmem_addr_18_reg_3137">
<pin_list>
<pin id="3138" dir="0" index="0" bw="256" slack="1"/>
<pin id="3139" dir="1" index="1" bw="256" slack="1"/>
</pin_list>
<bind>
<opset="gmem_addr_18 "/>
</bind>
</comp>

<comp id="3143" class="1005" name="gmem_addr_11_read_reg_3143">
<pin_list>
<pin id="3144" dir="0" index="0" bw="256" slack="13"/>
<pin id="3145" dir="1" index="1" bw="256" slack="13"/>
</pin_list>
<bind>
<opset="gmem_addr_11_read "/>
</bind>
</comp>

<comp id="3148" class="1005" name="gmem_addr_19_reg_3148">
<pin_list>
<pin id="3149" dir="0" index="0" bw="256" slack="1"/>
<pin id="3150" dir="1" index="1" bw="256" slack="1"/>
</pin_list>
<bind>
<opset="gmem_addr_19 "/>
</bind>
</comp>

<comp id="3154" class="1005" name="gmem_addr_12_read_reg_3154">
<pin_list>
<pin id="3155" dir="0" index="0" bw="256" slack="12"/>
<pin id="3156" dir="1" index="1" bw="256" slack="12"/>
</pin_list>
<bind>
<opset="gmem_addr_12_read "/>
</bind>
</comp>

<comp id="3159" class="1005" name="gmem_addr_20_reg_3159">
<pin_list>
<pin id="3160" dir="0" index="0" bw="256" slack="1"/>
<pin id="3161" dir="1" index="1" bw="256" slack="1"/>
</pin_list>
<bind>
<opset="gmem_addr_20 "/>
</bind>
</comp>

<comp id="3165" class="1005" name="gmem_addr_13_read_reg_3165">
<pin_list>
<pin id="3166" dir="0" index="0" bw="256" slack="11"/>
<pin id="3167" dir="1" index="1" bw="256" slack="11"/>
</pin_list>
<bind>
<opset="gmem_addr_13_read "/>
</bind>
</comp>

<comp id="3170" class="1005" name="gmem_addr_21_reg_3170">
<pin_list>
<pin id="3171" dir="0" index="0" bw="256" slack="1"/>
<pin id="3172" dir="1" index="1" bw="256" slack="1"/>
</pin_list>
<bind>
<opset="gmem_addr_21 "/>
</bind>
</comp>

<comp id="3176" class="1005" name="gmem_addr_14_read_reg_3176">
<pin_list>
<pin id="3177" dir="0" index="0" bw="256" slack="10"/>
<pin id="3178" dir="1" index="1" bw="256" slack="10"/>
</pin_list>
<bind>
<opset="gmem_addr_14_read "/>
</bind>
</comp>

<comp id="3181" class="1005" name="gmem_addr_22_reg_3181">
<pin_list>
<pin id="3182" dir="0" index="0" bw="256" slack="1"/>
<pin id="3183" dir="1" index="1" bw="256" slack="1"/>
</pin_list>
<bind>
<opset="gmem_addr_22 "/>
</bind>
</comp>

<comp id="3187" class="1005" name="gmem_addr_15_read_reg_3187">
<pin_list>
<pin id="3188" dir="0" index="0" bw="256" slack="1"/>
<pin id="3189" dir="1" index="1" bw="256" slack="1"/>
</pin_list>
<bind>
<opset="gmem_addr_15_read "/>
</bind>
</comp>

<comp id="3192" class="1005" name="gmem_addr_23_reg_3192">
<pin_list>
<pin id="3193" dir="0" index="0" bw="256" slack="1"/>
<pin id="3194" dir="1" index="1" bw="256" slack="1"/>
</pin_list>
<bind>
<opset="gmem_addr_23 "/>
</bind>
</comp>

<comp id="3198" class="1005" name="gmem_addr_16_read_reg_3198">
<pin_list>
<pin id="3199" dir="0" index="0" bw="256" slack="1"/>
<pin id="3200" dir="1" index="1" bw="256" slack="1"/>
</pin_list>
<bind>
<opset="gmem_addr_16_read "/>
</bind>
</comp>

<comp id="3203" class="1005" name="gmem_addr_17_read_reg_3203">
<pin_list>
<pin id="3204" dir="0" index="0" bw="256" slack="7"/>
<pin id="3205" dir="1" index="1" bw="256" slack="7"/>
</pin_list>
<bind>
<opset="gmem_addr_17_read "/>
</bind>
</comp>

<comp id="3208" class="1005" name="add_ln6_37_reg_3208">
<pin_list>
<pin id="3209" dir="0" index="0" bw="256" slack="1"/>
<pin id="3210" dir="1" index="1" bw="256" slack="1"/>
</pin_list>
<bind>
<opset="add_ln6_37 "/>
</bind>
</comp>

<comp id="3215" class="1005" name="gmem_addr_18_read_reg_3215">
<pin_list>
<pin id="3216" dir="0" index="0" bw="256" slack="6"/>
<pin id="3217" dir="1" index="1" bw="256" slack="6"/>
</pin_list>
<bind>
<opset="gmem_addr_18_read "/>
</bind>
</comp>

<comp id="3220" class="1005" name="select_ln7_15_reg_3220">
<pin_list>
<pin id="3221" dir="0" index="0" bw="256" slack="9"/>
<pin id="3222" dir="1" index="1" bw="256" slack="9"/>
</pin_list>
<bind>
<opset="select_ln7_15 "/>
</bind>
</comp>

<comp id="3226" class="1005" name="add_ln6_38_reg_3226">
<pin_list>
<pin id="3227" dir="0" index="0" bw="256" slack="1"/>
<pin id="3228" dir="1" index="1" bw="256" slack="1"/>
</pin_list>
<bind>
<opset="add_ln6_38 "/>
</bind>
</comp>

<comp id="3233" class="1005" name="gmem_addr_19_read_reg_3233">
<pin_list>
<pin id="3234" dir="0" index="0" bw="256" slack="1"/>
<pin id="3235" dir="1" index="1" bw="256" slack="1"/>
</pin_list>
<bind>
<opset="gmem_addr_19_read "/>
</bind>
</comp>

<comp id="3238" class="1005" name="select_ln7_16_reg_3238">
<pin_list>
<pin id="3239" dir="0" index="0" bw="256" slack="8"/>
<pin id="3240" dir="1" index="1" bw="256" slack="8"/>
</pin_list>
<bind>
<opset="select_ln7_16 "/>
</bind>
</comp>

<comp id="3244" class="1005" name="gmem_addr_20_read_reg_3244">
<pin_list>
<pin id="3245" dir="0" index="0" bw="256" slack="1"/>
<pin id="3246" dir="1" index="1" bw="256" slack="1"/>
</pin_list>
<bind>
<opset="gmem_addr_20_read "/>
</bind>
</comp>

<comp id="3249" class="1005" name="gmem_addr_21_read_reg_3249">
<pin_list>
<pin id="3250" dir="0" index="0" bw="256" slack="1"/>
<pin id="3251" dir="1" index="1" bw="256" slack="1"/>
</pin_list>
<bind>
<opset="gmem_addr_21_read "/>
</bind>
</comp>

<comp id="3254" class="1005" name="add_ln6_41_reg_3254">
<pin_list>
<pin id="3255" dir="0" index="0" bw="256" slack="1"/>
<pin id="3256" dir="1" index="1" bw="256" slack="1"/>
</pin_list>
<bind>
<opset="add_ln6_41 "/>
</bind>
</comp>

<comp id="3261" class="1005" name="gmem_addr_22_read_reg_3261">
<pin_list>
<pin id="3262" dir="0" index="0" bw="256" slack="1"/>
<pin id="3263" dir="1" index="1" bw="256" slack="1"/>
</pin_list>
<bind>
<opset="gmem_addr_22_read "/>
</bind>
</comp>

<comp id="3266" class="1005" name="select_ln7_19_reg_3266">
<pin_list>
<pin id="3267" dir="0" index="0" bw="256" slack="5"/>
<pin id="3268" dir="1" index="1" bw="256" slack="5"/>
</pin_list>
<bind>
<opset="select_ln7_19 "/>
</bind>
</comp>

<comp id="3272" class="1005" name="add_ln6_42_reg_3272">
<pin_list>
<pin id="3273" dir="0" index="0" bw="256" slack="1"/>
<pin id="3274" dir="1" index="1" bw="256" slack="1"/>
</pin_list>
<bind>
<opset="add_ln6_42 "/>
</bind>
</comp>

<comp id="3279" class="1005" name="gmem_addr_23_read_reg_3279">
<pin_list>
<pin id="3280" dir="0" index="0" bw="256" slack="1"/>
<pin id="3281" dir="1" index="1" bw="256" slack="1"/>
</pin_list>
<bind>
<opset="gmem_addr_23_read "/>
</bind>
</comp>

<comp id="3284" class="1005" name="select_ln7_20_reg_3284">
<pin_list>
<pin id="3285" dir="0" index="0" bw="256" slack="4"/>
<pin id="3286" dir="1" index="1" bw="256" slack="4"/>
</pin_list>
<bind>
<opset="select_ln7_20 "/>
</bind>
</comp>

<comp id="3290" class="1005" name="add_ln6_43_reg_3290">
<pin_list>
<pin id="3291" dir="0" index="0" bw="256" slack="1"/>
<pin id="3292" dir="1" index="1" bw="256" slack="1"/>
</pin_list>
<bind>
<opset="add_ln6_43 "/>
</bind>
</comp>

<comp id="3297" class="1005" name="select_ln7_21_reg_3297">
<pin_list>
<pin id="3298" dir="0" index="0" bw="256" slack="3"/>
<pin id="3299" dir="1" index="1" bw="256" slack="3"/>
</pin_list>
<bind>
<opset="select_ln7_21 "/>
</bind>
</comp>

<comp id="3303" class="1005" name="add_ln6_44_reg_3303">
<pin_list>
<pin id="3304" dir="0" index="0" bw="256" slack="1"/>
<pin id="3305" dir="1" index="1" bw="256" slack="1"/>
</pin_list>
<bind>
<opset="add_ln6_44 "/>
</bind>
</comp>

<comp id="3310" class="1005" name="add_ln6_23_reg_3310">
<pin_list>
<pin id="3311" dir="0" index="0" bw="256" slack="1"/>
<pin id="3312" dir="1" index="1" bw="256" slack="1"/>
</pin_list>
<bind>
<opset="add_ln6_23 "/>
</bind>
</comp>

<comp id="3317" class="1005" name="add_ln6_24_reg_3317">
<pin_list>
<pin id="3318" dir="0" index="0" bw="256" slack="1"/>
<pin id="3319" dir="1" index="1" bw="256" slack="1"/>
</pin_list>
<bind>
<opset="add_ln6_24 "/>
</bind>
</comp>

<comp id="3324" class="1005" name="add_ln6_25_reg_3324">
<pin_list>
<pin id="3325" dir="0" index="0" bw="256" slack="1"/>
<pin id="3326" dir="1" index="1" bw="256" slack="1"/>
</pin_list>
<bind>
<opset="add_ln6_25 "/>
</bind>
</comp>

<comp id="3331" class="1005" name="add_ln6_26_reg_3331">
<pin_list>
<pin id="3332" dir="0" index="0" bw="256" slack="1"/>
<pin id="3333" dir="1" index="1" bw="256" slack="1"/>
</pin_list>
<bind>
<opset="add_ln6_26 "/>
</bind>
</comp>

<comp id="3338" class="1005" name="add_ln6_27_reg_3338">
<pin_list>
<pin id="3339" dir="0" index="0" bw="256" slack="1"/>
<pin id="3340" dir="1" index="1" bw="256" slack="1"/>
</pin_list>
<bind>
<opset="add_ln6_27 "/>
</bind>
</comp>

<comp id="3345" class="1005" name="add_ln6_28_reg_3345">
<pin_list>
<pin id="3346" dir="0" index="0" bw="256" slack="1"/>
<pin id="3347" dir="1" index="1" bw="256" slack="1"/>
</pin_list>
<bind>
<opset="add_ln6_28 "/>
</bind>
</comp>

<comp id="3352" class="1005" name="add_ln6_29_reg_3352">
<pin_list>
<pin id="3353" dir="0" index="0" bw="256" slack="1"/>
<pin id="3354" dir="1" index="1" bw="256" slack="1"/>
</pin_list>
<bind>
<opset="add_ln6_29 "/>
</bind>
</comp>

<comp id="3359" class="1005" name="add_ln6_30_reg_3359">
<pin_list>
<pin id="3360" dir="0" index="0" bw="256" slack="1"/>
<pin id="3361" dir="1" index="1" bw="256" slack="1"/>
</pin_list>
<bind>
<opset="add_ln6_30 "/>
</bind>
</comp>

<comp id="3366" class="1005" name="add_ln6_31_reg_3366">
<pin_list>
<pin id="3367" dir="0" index="0" bw="256" slack="1"/>
<pin id="3368" dir="1" index="1" bw="256" slack="1"/>
</pin_list>
<bind>
<opset="add_ln6_31 "/>
</bind>
</comp>

<comp id="3373" class="1005" name="add_ln6_32_reg_3373">
<pin_list>
<pin id="3374" dir="0" index="0" bw="256" slack="1"/>
<pin id="3375" dir="1" index="1" bw="256" slack="1"/>
</pin_list>
<bind>
<opset="add_ln6_32 "/>
</bind>
</comp>

<comp id="3380" class="1005" name="add_ln6_33_reg_3380">
<pin_list>
<pin id="3381" dir="0" index="0" bw="256" slack="1"/>
<pin id="3382" dir="1" index="1" bw="256" slack="1"/>
</pin_list>
<bind>
<opset="add_ln6_33 "/>
</bind>
</comp>

<comp id="3387" class="1005" name="add_ln6_34_reg_3387">
<pin_list>
<pin id="3388" dir="0" index="0" bw="256" slack="1"/>
<pin id="3389" dir="1" index="1" bw="256" slack="1"/>
</pin_list>
<bind>
<opset="add_ln6_34 "/>
</bind>
</comp>

<comp id="3394" class="1005" name="add_ln6_35_reg_3394">
<pin_list>
<pin id="3395" dir="0" index="0" bw="256" slack="1"/>
<pin id="3396" dir="1" index="1" bw="256" slack="1"/>
</pin_list>
<bind>
<opset="add_ln6_35 "/>
</bind>
</comp>

<comp id="3401" class="1005" name="add_ln6_36_reg_3401">
<pin_list>
<pin id="3402" dir="0" index="0" bw="256" slack="1"/>
<pin id="3403" dir="1" index="1" bw="256" slack="1"/>
</pin_list>
<bind>
<opset="add_ln6_36 "/>
</bind>
</comp>

<comp id="3408" class="1005" name="add_ln6_39_reg_3408">
<pin_list>
<pin id="3409" dir="0" index="0" bw="256" slack="1"/>
<pin id="3410" dir="1" index="1" bw="256" slack="1"/>
</pin_list>
<bind>
<opset="add_ln6_39 "/>
</bind>
</comp>

<comp id="3415" class="1005" name="add_ln6_40_reg_3415">
<pin_list>
<pin id="3416" dir="0" index="0" bw="256" slack="1"/>
<pin id="3417" dir="1" index="1" bw="256" slack="1"/>
</pin_list>
<bind>
<opset="add_ln6_40 "/>
</bind>
</comp>

<comp id="3422" class="1005" name="select_ln7_22_reg_3422">
<pin_list>
<pin id="3423" dir="0" index="0" bw="256" slack="2"/>
<pin id="3424" dir="1" index="1" bw="256" slack="2"/>
</pin_list>
<bind>
<opset="select_ln7_22 "/>
</bind>
</comp>

<comp id="3428" class="1005" name="add_ln6_45_reg_3428">
<pin_list>
<pin id="3429" dir="0" index="0" bw="256" slack="1"/>
<pin id="3430" dir="1" index="1" bw="256" slack="1"/>
</pin_list>
<bind>
<opset="add_ln6_45 "/>
</bind>
</comp>

<comp id="3435" class="1005" name="select_ln7_1_reg_3435">
<pin_list>
<pin id="3436" dir="0" index="0" bw="256" slack="1"/>
<pin id="3437" dir="1" index="1" bw="256" slack="1"/>
</pin_list>
<bind>
<opset="select_ln7_1 "/>
</bind>
</comp>

<comp id="3441" class="1005" name="select_ln7_2_reg_3441">
<pin_list>
<pin id="3442" dir="0" index="0" bw="256" slack="1"/>
<pin id="3443" dir="1" index="1" bw="256" slack="1"/>
</pin_list>
<bind>
<opset="select_ln7_2 "/>
</bind>
</comp>

<comp id="3447" class="1005" name="select_ln7_3_reg_3447">
<pin_list>
<pin id="3448" dir="0" index="0" bw="256" slack="1"/>
<pin id="3449" dir="1" index="1" bw="256" slack="1"/>
</pin_list>
<bind>
<opset="select_ln7_3 "/>
</bind>
</comp>

<comp id="3453" class="1005" name="select_ln7_4_reg_3453">
<pin_list>
<pin id="3454" dir="0" index="0" bw="256" slack="1"/>
<pin id="3455" dir="1" index="1" bw="256" slack="1"/>
</pin_list>
<bind>
<opset="select_ln7_4 "/>
</bind>
</comp>

<comp id="3459" class="1005" name="select_ln7_5_reg_3459">
<pin_list>
<pin id="3460" dir="0" index="0" bw="256" slack="1"/>
<pin id="3461" dir="1" index="1" bw="256" slack="1"/>
</pin_list>
<bind>
<opset="select_ln7_5 "/>
</bind>
</comp>

<comp id="3465" class="1005" name="select_ln7_6_reg_3465">
<pin_list>
<pin id="3466" dir="0" index="0" bw="256" slack="1"/>
<pin id="3467" dir="1" index="1" bw="256" slack="1"/>
</pin_list>
<bind>
<opset="select_ln7_6 "/>
</bind>
</comp>

<comp id="3471" class="1005" name="select_ln7_7_reg_3471">
<pin_list>
<pin id="3472" dir="0" index="0" bw="256" slack="1"/>
<pin id="3473" dir="1" index="1" bw="256" slack="1"/>
</pin_list>
<bind>
<opset="select_ln7_7 "/>
</bind>
</comp>

<comp id="3477" class="1005" name="select_ln7_8_reg_3477">
<pin_list>
<pin id="3478" dir="0" index="0" bw="256" slack="1"/>
<pin id="3479" dir="1" index="1" bw="256" slack="1"/>
</pin_list>
<bind>
<opset="select_ln7_8 "/>
</bind>
</comp>

<comp id="3483" class="1005" name="select_ln7_9_reg_3483">
<pin_list>
<pin id="3484" dir="0" index="0" bw="256" slack="1"/>
<pin id="3485" dir="1" index="1" bw="256" slack="1"/>
</pin_list>
<bind>
<opset="select_ln7_9 "/>
</bind>
</comp>

<comp id="3489" class="1005" name="select_ln7_10_reg_3489">
<pin_list>
<pin id="3490" dir="0" index="0" bw="256" slack="1"/>
<pin id="3491" dir="1" index="1" bw="256" slack="1"/>
</pin_list>
<bind>
<opset="select_ln7_10 "/>
</bind>
</comp>

<comp id="3495" class="1005" name="select_ln7_11_reg_3495">
<pin_list>
<pin id="3496" dir="0" index="0" bw="256" slack="1"/>
<pin id="3497" dir="1" index="1" bw="256" slack="1"/>
</pin_list>
<bind>
<opset="select_ln7_11 "/>
</bind>
</comp>

<comp id="3501" class="1005" name="select_ln7_12_reg_3501">
<pin_list>
<pin id="3502" dir="0" index="0" bw="256" slack="1"/>
<pin id="3503" dir="1" index="1" bw="256" slack="1"/>
</pin_list>
<bind>
<opset="select_ln7_12 "/>
</bind>
</comp>

<comp id="3507" class="1005" name="select_ln7_13_reg_3507">
<pin_list>
<pin id="3508" dir="0" index="0" bw="256" slack="1"/>
<pin id="3509" dir="1" index="1" bw="256" slack="1"/>
</pin_list>
<bind>
<opset="select_ln7_13 "/>
</bind>
</comp>

<comp id="3513" class="1005" name="select_ln7_14_reg_3513">
<pin_list>
<pin id="3514" dir="0" index="0" bw="256" slack="1"/>
<pin id="3515" dir="1" index="1" bw="256" slack="1"/>
</pin_list>
<bind>
<opset="select_ln7_14 "/>
</bind>
</comp>

<comp id="3519" class="1005" name="select_ln7_17_reg_3519">
<pin_list>
<pin id="3520" dir="0" index="0" bw="256" slack="1"/>
<pin id="3521" dir="1" index="1" bw="256" slack="1"/>
</pin_list>
<bind>
<opset="select_ln7_17 "/>
</bind>
</comp>

<comp id="3525" class="1005" name="select_ln7_18_reg_3525">
<pin_list>
<pin id="3526" dir="0" index="0" bw="256" slack="1"/>
<pin id="3527" dir="1" index="1" bw="256" slack="1"/>
</pin_list>
<bind>
<opset="select_ln7_18 "/>
</bind>
</comp>

<comp id="3531" class="1005" name="add_ln55_40_reg_3531">
<pin_list>
<pin id="3532" dir="0" index="0" bw="11" slack="2"/>
<pin id="3533" dir="1" index="1" bw="11" slack="2"/>
</pin_list>
<bind>
<opset="add_ln55_40 "/>
</bind>
</comp>

<comp id="3536" class="1005" name="select_ln7_23_reg_3536">
<pin_list>
<pin id="3537" dir="0" index="0" bw="256" slack="1"/>
<pin id="3538" dir="1" index="1" bw="256" slack="1"/>
</pin_list>
<bind>
<opset="select_ln7_23 "/>
</bind>
</comp>

<comp id="3542" class="1005" name="zext_ln63_reg_3542">
<pin_list>
<pin id="3543" dir="0" index="0" bw="256" slack="1"/>
<pin id="3544" dir="1" index="1" bw="256" slack="1"/>
</pin_list>
<bind>
<opset="zext_ln63 "/>
</bind>
</comp>

<comp id="3547" class="1005" name="zext_ln63_1_reg_3547">
<pin_list>
<pin id="3548" dir="0" index="0" bw="256" slack="1"/>
<pin id="3549" dir="1" index="1" bw="256" slack="1"/>
</pin_list>
<bind>
<opset="zext_ln63_1 "/>
</bind>
</comp>

<comp id="3552" class="1005" name="zext_ln63_2_reg_3552">
<pin_list>
<pin id="3553" dir="0" index="0" bw="256" slack="1"/>
<pin id="3554" dir="1" index="1" bw="256" slack="1"/>
</pin_list>
<bind>
<opset="zext_ln63_2 "/>
</bind>
</comp>

<comp id="3557" class="1005" name="zext_ln63_3_reg_3557">
<pin_list>
<pin id="3558" dir="0" index="0" bw="256" slack="1"/>
<pin id="3559" dir="1" index="1" bw="256" slack="1"/>
</pin_list>
<bind>
<opset="zext_ln63_3 "/>
</bind>
</comp>

<comp id="3562" class="1005" name="zext_ln63_4_reg_3562">
<pin_list>
<pin id="3563" dir="0" index="0" bw="256" slack="1"/>
<pin id="3564" dir="1" index="1" bw="256" slack="1"/>
</pin_list>
<bind>
<opset="zext_ln63_4 "/>
</bind>
</comp>

<comp id="3567" class="1005" name="zext_ln63_5_reg_3567">
<pin_list>
<pin id="3568" dir="0" index="0" bw="256" slack="1"/>
<pin id="3569" dir="1" index="1" bw="256" slack="1"/>
</pin_list>
<bind>
<opset="zext_ln63_5 "/>
</bind>
</comp>

<comp id="3572" class="1005" name="zext_ln63_6_reg_3572">
<pin_list>
<pin id="3573" dir="0" index="0" bw="256" slack="1"/>
<pin id="3574" dir="1" index="1" bw="256" slack="1"/>
</pin_list>
<bind>
<opset="zext_ln63_6 "/>
</bind>
</comp>

<comp id="3577" class="1005" name="zext_ln63_7_reg_3577">
<pin_list>
<pin id="3578" dir="0" index="0" bw="256" slack="1"/>
<pin id="3579" dir="1" index="1" bw="256" slack="1"/>
</pin_list>
<bind>
<opset="zext_ln63_7 "/>
</bind>
</comp>

<comp id="3582" class="1005" name="zext_ln63_8_reg_3582">
<pin_list>
<pin id="3583" dir="0" index="0" bw="256" slack="1"/>
<pin id="3584" dir="1" index="1" bw="256" slack="1"/>
</pin_list>
<bind>
<opset="zext_ln63_8 "/>
</bind>
</comp>

<comp id="3587" class="1005" name="zext_ln63_9_reg_3587">
<pin_list>
<pin id="3588" dir="0" index="0" bw="256" slack="1"/>
<pin id="3589" dir="1" index="1" bw="256" slack="1"/>
</pin_list>
<bind>
<opset="zext_ln63_9 "/>
</bind>
</comp>

<comp id="3592" class="1005" name="zext_ln63_10_reg_3592">
<pin_list>
<pin id="3593" dir="0" index="0" bw="256" slack="1"/>
<pin id="3594" dir="1" index="1" bw="256" slack="1"/>
</pin_list>
<bind>
<opset="zext_ln63_10 "/>
</bind>
</comp>

<comp id="3597" class="1005" name="zext_ln63_11_reg_3597">
<pin_list>
<pin id="3598" dir="0" index="0" bw="256" slack="1"/>
<pin id="3599" dir="1" index="1" bw="256" slack="1"/>
</pin_list>
<bind>
<opset="zext_ln63_11 "/>
</bind>
</comp>

<comp id="3602" class="1005" name="zext_ln63_12_reg_3602">
<pin_list>
<pin id="3603" dir="0" index="0" bw="256" slack="1"/>
<pin id="3604" dir="1" index="1" bw="256" slack="1"/>
</pin_list>
<bind>
<opset="zext_ln63_12 "/>
</bind>
</comp>

<comp id="3607" class="1005" name="zext_ln63_13_reg_3607">
<pin_list>
<pin id="3608" dir="0" index="0" bw="256" slack="1"/>
<pin id="3609" dir="1" index="1" bw="256" slack="1"/>
</pin_list>
<bind>
<opset="zext_ln63_13 "/>
</bind>
</comp>

<comp id="3612" class="1005" name="zext_ln63_14_reg_3612">
<pin_list>
<pin id="3613" dir="0" index="0" bw="256" slack="1"/>
<pin id="3614" dir="1" index="1" bw="256" slack="1"/>
</pin_list>
<bind>
<opset="zext_ln63_14 "/>
</bind>
</comp>

<comp id="3617" class="1005" name="zext_ln63_15_reg_3617">
<pin_list>
<pin id="3618" dir="0" index="0" bw="256" slack="1"/>
<pin id="3619" dir="1" index="1" bw="256" slack="1"/>
</pin_list>
<bind>
<opset="zext_ln63_15 "/>
</bind>
</comp>

<comp id="3622" class="1005" name="zext_ln63_16_reg_3622">
<pin_list>
<pin id="3623" dir="0" index="0" bw="256" slack="1"/>
<pin id="3624" dir="1" index="1" bw="256" slack="1"/>
</pin_list>
<bind>
<opset="zext_ln63_16 "/>
</bind>
</comp>

<comp id="3627" class="1005" name="zext_ln63_17_reg_3627">
<pin_list>
<pin id="3628" dir="0" index="0" bw="256" slack="1"/>
<pin id="3629" dir="1" index="1" bw="256" slack="1"/>
</pin_list>
<bind>
<opset="zext_ln63_17 "/>
</bind>
</comp>

<comp id="3632" class="1005" name="zext_ln63_18_reg_3632">
<pin_list>
<pin id="3633" dir="0" index="0" bw="256" slack="1"/>
<pin id="3634" dir="1" index="1" bw="256" slack="1"/>
</pin_list>
<bind>
<opset="zext_ln63_18 "/>
</bind>
</comp>

<comp id="3637" class="1005" name="zext_ln63_19_reg_3637">
<pin_list>
<pin id="3638" dir="0" index="0" bw="256" slack="1"/>
<pin id="3639" dir="1" index="1" bw="256" slack="1"/>
</pin_list>
<bind>
<opset="zext_ln63_19 "/>
</bind>
</comp>

<comp id="3642" class="1005" name="zext_ln63_20_reg_3642">
<pin_list>
<pin id="3643" dir="0" index="0" bw="256" slack="1"/>
<pin id="3644" dir="1" index="1" bw="256" slack="1"/>
</pin_list>
<bind>
<opset="zext_ln63_20 "/>
</bind>
</comp>

<comp id="3647" class="1005" name="zext_ln63_21_reg_3647">
<pin_list>
<pin id="3648" dir="0" index="0" bw="256" slack="1"/>
<pin id="3649" dir="1" index="1" bw="256" slack="1"/>
</pin_list>
<bind>
<opset="zext_ln63_21 "/>
</bind>
</comp>

<comp id="3652" class="1005" name="zext_ln64_reg_3652">
<pin_list>
<pin id="3653" dir="0" index="0" bw="256" slack="1"/>
<pin id="3654" dir="1" index="1" bw="256" slack="1"/>
</pin_list>
<bind>
<opset="zext_ln64 "/>
</bind>
</comp>

</comp_list>

<net_list>
<net id="153"><net_src comp="10" pin="0"/><net_sink comp="150" pin=0"/></net>

<net id="157"><net_src comp="10" pin="0"/><net_sink comp="154" pin=0"/></net>

<net id="161"><net_src comp="10" pin="0"/><net_sink comp="158" pin=0"/></net>

<net id="165"><net_src comp="10" pin="0"/><net_sink comp="162" pin=0"/></net>

<net id="169"><net_src comp="10" pin="0"/><net_sink comp="166" pin=0"/></net>

<net id="173"><net_src comp="10" pin="0"/><net_sink comp="170" pin=0"/></net>

<net id="177"><net_src comp="10" pin="0"/><net_sink comp="174" pin=0"/></net>

<net id="181"><net_src comp="10" pin="0"/><net_sink comp="178" pin=0"/></net>

<net id="185"><net_src comp="10" pin="0"/><net_sink comp="182" pin=0"/></net>

<net id="189"><net_src comp="10" pin="0"/><net_sink comp="186" pin=0"/></net>

<net id="193"><net_src comp="10" pin="0"/><net_sink comp="190" pin=0"/></net>

<net id="197"><net_src comp="10" pin="0"/><net_sink comp="194" pin=0"/></net>

<net id="201"><net_src comp="10" pin="0"/><net_sink comp="198" pin=0"/></net>

<net id="205"><net_src comp="10" pin="0"/><net_sink comp="202" pin=0"/></net>

<net id="209"><net_src comp="10" pin="0"/><net_sink comp="206" pin=0"/></net>

<net id="213"><net_src comp="10" pin="0"/><net_sink comp="210" pin=0"/></net>

<net id="217"><net_src comp="10" pin="0"/><net_sink comp="214" pin=0"/></net>

<net id="221"><net_src comp="10" pin="0"/><net_sink comp="218" pin=0"/></net>

<net id="225"><net_src comp="10" pin="0"/><net_sink comp="222" pin=0"/></net>

<net id="229"><net_src comp="10" pin="0"/><net_sink comp="226" pin=0"/></net>

<net id="233"><net_src comp="10" pin="0"/><net_sink comp="230" pin=0"/></net>

<net id="237"><net_src comp="10" pin="0"/><net_sink comp="234" pin=0"/></net>

<net id="241"><net_src comp="10" pin="0"/><net_sink comp="238" pin=0"/></net>

<net id="245"><net_src comp="10" pin="0"/><net_sink comp="242" pin=0"/></net>

<net id="249"><net_src comp="10" pin="0"/><net_sink comp="246" pin=0"/></net>

<net id="253"><net_src comp="10" pin="0"/><net_sink comp="250" pin=0"/></net>

<net id="258"><net_src comp="12" pin="0"/><net_sink comp="254" pin=0"/></net>

<net id="259"><net_src comp="8" pin="0"/><net_sink comp="254" pin=1"/></net>

<net id="264"><net_src comp="12" pin="0"/><net_sink comp="260" pin=0"/></net>

<net id="265"><net_src comp="6" pin="0"/><net_sink comp="260" pin=1"/></net>

<net id="271"><net_src comp="116" pin="0"/><net_sink comp="266" pin=0"/></net>

<net id="272"><net_src comp="10" pin="0"/><net_sink comp="266" pin=2"/></net>

<net id="278"><net_src comp="116" pin="0"/><net_sink comp="273" pin=0"/></net>

<net id="279"><net_src comp="10" pin="0"/><net_sink comp="273" pin=2"/></net>

<net id="285"><net_src comp="116" pin="0"/><net_sink comp="280" pin=0"/></net>

<net id="286"><net_src comp="10" pin="0"/><net_sink comp="280" pin=2"/></net>

<net id="292"><net_src comp="116" pin="0"/><net_sink comp="287" pin=0"/></net>

<net id="293"><net_src comp="10" pin="0"/><net_sink comp="287" pin=2"/></net>

<net id="299"><net_src comp="116" pin="0"/><net_sink comp="294" pin=0"/></net>

<net id="300"><net_src comp="10" pin="0"/><net_sink comp="294" pin=2"/></net>

<net id="306"><net_src comp="116" pin="0"/><net_sink comp="301" pin=0"/></net>

<net id="307"><net_src comp="10" pin="0"/><net_sink comp="301" pin=2"/></net>

<net id="313"><net_src comp="116" pin="0"/><net_sink comp="308" pin=0"/></net>

<net id="314"><net_src comp="10" pin="0"/><net_sink comp="308" pin=2"/></net>

<net id="320"><net_src comp="116" pin="0"/><net_sink comp="315" pin=0"/></net>

<net id="321"><net_src comp="10" pin="0"/><net_sink comp="315" pin=2"/></net>

<net id="326"><net_src comp="130" pin="0"/><net_sink comp="322" pin=0"/></net>

<net id="332"><net_src comp="116" pin="0"/><net_sink comp="327" pin=0"/></net>

<net id="333"><net_src comp="10" pin="0"/><net_sink comp="327" pin=2"/></net>

<net id="338"><net_src comp="130" pin="0"/><net_sink comp="334" pin=0"/></net>

<net id="344"><net_src comp="116" pin="0"/><net_sink comp="339" pin=0"/></net>

<net id="345"><net_src comp="10" pin="0"/><net_sink comp="339" pin=2"/></net>

<net id="350"><net_src comp="130" pin="0"/><net_sink comp="346" pin=0"/></net>

<net id="356"><net_src comp="116" pin="0"/><net_sink comp="351" pin=0"/></net>

<net id="357"><net_src comp="10" pin="0"/><net_sink comp="351" pin=2"/></net>

<net id="362"><net_src comp="130" pin="0"/><net_sink comp="358" pin=0"/></net>

<net id="368"><net_src comp="116" pin="0"/><net_sink comp="363" pin=0"/></net>

<net id="369"><net_src comp="10" pin="0"/><net_sink comp="363" pin=2"/></net>

<net id="374"><net_src comp="130" pin="0"/><net_sink comp="370" pin=0"/></net>

<net id="380"><net_src comp="116" pin="0"/><net_sink comp="375" pin=0"/></net>

<net id="381"><net_src comp="10" pin="0"/><net_sink comp="375" pin=2"/></net>

<net id="386"><net_src comp="130" pin="0"/><net_sink comp="382" pin=0"/></net>

<net id="392"><net_src comp="116" pin="0"/><net_sink comp="387" pin=0"/></net>

<net id="393"><net_src comp="10" pin="0"/><net_sink comp="387" pin=2"/></net>

<net id="398"><net_src comp="130" pin="0"/><net_sink comp="394" pin=0"/></net>

<net id="404"><net_src comp="116" pin="0"/><net_sink comp="399" pin=0"/></net>

<net id="405"><net_src comp="10" pin="0"/><net_sink comp="399" pin=2"/></net>

<net id="410"><net_src comp="130" pin="0"/><net_sink comp="406" pin=0"/></net>

<net id="416"><net_src comp="116" pin="0"/><net_sink comp="411" pin=0"/></net>

<net id="417"><net_src comp="10" pin="0"/><net_sink comp="411" pin=2"/></net>

<net id="422"><net_src comp="130" pin="0"/><net_sink comp="418" pin=0"/></net>

<net id="428"><net_src comp="116" pin="0"/><net_sink comp="423" pin=0"/></net>

<net id="429"><net_src comp="10" pin="0"/><net_sink comp="423" pin=2"/></net>

<net id="434"><net_src comp="130" pin="0"/><net_sink comp="430" pin=0"/></net>

<net id="440"><net_src comp="116" pin="0"/><net_sink comp="435" pin=0"/></net>

<net id="441"><net_src comp="10" pin="0"/><net_sink comp="435" pin=2"/></net>

<net id="446"><net_src comp="130" pin="0"/><net_sink comp="442" pin=0"/></net>

<net id="452"><net_src comp="116" pin="0"/><net_sink comp="447" pin=0"/></net>

<net id="453"><net_src comp="10" pin="0"/><net_sink comp="447" pin=2"/></net>

<net id="458"><net_src comp="130" pin="0"/><net_sink comp="454" pin=0"/></net>

<net id="464"><net_src comp="116" pin="0"/><net_sink comp="459" pin=0"/></net>

<net id="465"><net_src comp="10" pin="0"/><net_sink comp="459" pin=2"/></net>

<net id="470"><net_src comp="130" pin="0"/><net_sink comp="466" pin=0"/></net>

<net id="476"><net_src comp="116" pin="0"/><net_sink comp="471" pin=0"/></net>

<net id="477"><net_src comp="10" pin="0"/><net_sink comp="471" pin=2"/></net>

<net id="482"><net_src comp="130" pin="0"/><net_sink comp="478" pin=0"/></net>

<net id="488"><net_src comp="116" pin="0"/><net_sink comp="483" pin=0"/></net>

<net id="489"><net_src comp="10" pin="0"/><net_sink comp="483" pin=2"/></net>

<net id="494"><net_src comp="130" pin="0"/><net_sink comp="490" pin=0"/></net>

<net id="500"><net_src comp="116" pin="0"/><net_sink comp="495" pin=0"/></net>

<net id="501"><net_src comp="10" pin="0"/><net_sink comp="495" pin=2"/></net>

<net id="506"><net_src comp="130" pin="0"/><net_sink comp="502" pin=0"/></net>

<net id="512"><net_src comp="116" pin="0"/><net_sink comp="507" pin=0"/></net>

<net id="513"><net_src comp="10" pin="0"/><net_sink comp="507" pin=2"/></net>

<net id="518"><net_src comp="130" pin="0"/><net_sink comp="514" pin=0"/></net>

<net id="523"><net_src comp="130" pin="0"/><net_sink comp="519" pin=0"/></net>

<net id="528"><net_src comp="130" pin="0"/><net_sink comp="524" pin=0"/></net>

<net id="533"><net_src comp="130" pin="0"/><net_sink comp="529" pin=0"/></net>

<net id="538"><net_src comp="130" pin="0"/><net_sink comp="534" pin=0"/></net>

<net id="543"><net_src comp="130" pin="0"/><net_sink comp="539" pin=0"/></net>

<net id="548"><net_src comp="130" pin="0"/><net_sink comp="544" pin=0"/></net>

<net id="553"><net_src comp="130" pin="0"/><net_sink comp="549" pin=0"/></net>

<net id="563"><net_src comp="557" pin="4"/><net_sink comp="554" pin=0"/></net>

<net id="573"><net_src comp="567" pin="4"/><net_sink comp="564" pin=0"/></net>

<net id="583"><net_src comp="577" pin="4"/><net_sink comp="574" pin=0"/></net>

<net id="593"><net_src comp="587" pin="4"/><net_sink comp="584" pin=0"/></net>

<net id="603"><net_src comp="597" pin="4"/><net_sink comp="594" pin=0"/></net>

<net id="613"><net_src comp="607" pin="4"/><net_sink comp="604" pin=0"/></net>

<net id="623"><net_src comp="617" pin="4"/><net_sink comp="614" pin=0"/></net>

<net id="633"><net_src comp="627" pin="4"/><net_sink comp="624" pin=0"/></net>

<net id="643"><net_src comp="637" pin="4"/><net_sink comp="634" pin=0"/></net>

<net id="653"><net_src comp="647" pin="4"/><net_sink comp="644" pin=0"/></net>

<net id="663"><net_src comp="657" pin="4"/><net_sink comp="654" pin=0"/></net>

<net id="673"><net_src comp="667" pin="4"/><net_sink comp="664" pin=0"/></net>

<net id="683"><net_src comp="677" pin="4"/><net_sink comp="674" pin=0"/></net>

<net id="693"><net_src comp="687" pin="4"/><net_sink comp="684" pin=0"/></net>

<net id="703"><net_src comp="697" pin="4"/><net_sink comp="694" pin=0"/></net>

<net id="713"><net_src comp="707" pin="4"/><net_sink comp="704" pin=0"/></net>

<net id="723"><net_src comp="717" pin="4"/><net_sink comp="714" pin=0"/></net>

<net id="733"><net_src comp="727" pin="4"/><net_sink comp="724" pin=0"/></net>

<net id="743"><net_src comp="737" pin="4"/><net_sink comp="734" pin=0"/></net>

<net id="753"><net_src comp="747" pin="4"/><net_sink comp="744" pin=0"/></net>

<net id="763"><net_src comp="757" pin="4"/><net_sink comp="754" pin=0"/></net>

<net id="773"><net_src comp="767" pin="4"/><net_sink comp="764" pin=0"/></net>

<net id="783"><net_src comp="777" pin="4"/><net_sink comp="774" pin=0"/></net>

<net id="812"><net_src comp="26" pin="0"/><net_sink comp="784" pin=0"/></net>

<net id="813"><net_src comp="2" pin="0"/><net_sink comp="784" pin=1"/></net>

<net id="842"><net_src comp="112" pin="0"/><net_sink comp="814" pin=0"/></net>

<net id="843"><net_src comp="4" pin="0"/><net_sink comp="814" pin=25"/></net>

<net id="848"><net_src comp="136" pin="0"/><net_sink comp="844" pin=0"/></net>

<net id="853"><net_src comp="136" pin="0"/><net_sink comp="849" pin=0"/></net>

<net id="858"><net_src comp="136" pin="0"/><net_sink comp="854" pin=0"/></net>

<net id="863"><net_src comp="136" pin="0"/><net_sink comp="859" pin=0"/></net>

<net id="868"><net_src comp="136" pin="0"/><net_sink comp="864" pin=0"/></net>

<net id="873"><net_src comp="136" pin="0"/><net_sink comp="869" pin=0"/></net>

<net id="878"><net_src comp="136" pin="0"/><net_sink comp="874" pin=0"/></net>

<net id="883"><net_src comp="136" pin="0"/><net_sink comp="879" pin=0"/></net>

<net id="888"><net_src comp="136" pin="0"/><net_sink comp="884" pin=0"/></net>

<net id="893"><net_src comp="136" pin="0"/><net_sink comp="889" pin=0"/></net>

<net id="898"><net_src comp="136" pin="0"/><net_sink comp="894" pin=0"/></net>

<net id="903"><net_src comp="136" pin="0"/><net_sink comp="899" pin=0"/></net>

<net id="908"><net_src comp="136" pin="0"/><net_sink comp="904" pin=0"/></net>

<net id="913"><net_src comp="136" pin="0"/><net_sink comp="909" pin=0"/></net>

<net id="918"><net_src comp="136" pin="0"/><net_sink comp="914" pin=0"/></net>

<net id="923"><net_src comp="136" pin="0"/><net_sink comp="919" pin=0"/></net>

<net id="928"><net_src comp="136" pin="0"/><net_sink comp="924" pin=0"/></net>

<net id="933"><net_src comp="136" pin="0"/><net_sink comp="929" pin=0"/></net>

<net id="938"><net_src comp="136" pin="0"/><net_sink comp="934" pin=0"/></net>

<net id="943"><net_src comp="136" pin="0"/><net_sink comp="939" pin=0"/></net>

<net id="948"><net_src comp="136" pin="0"/><net_sink comp="944" pin=0"/></net>

<net id="953"><net_src comp="136" pin="0"/><net_sink comp="949" pin=0"/></net>

<net id="958"><net_src comp="136" pin="0"/><net_sink comp="954" pin=0"/></net>

<net id="1012"><net_src comp="148" pin="0"/><net_sink comp="959" pin=0"/></net>

<net id="1013"><net_src comp="0" pin="0"/><net_sink comp="959" pin=1"/></net>

<net id="1014"><net_src comp="777" pin="4"/><net_sink comp="959" pin=4"/></net>

<net id="1015"><net_src comp="767" pin="4"/><net_sink comp="959" pin=5"/></net>

<net id="1016"><net_src comp="757" pin="4"/><net_sink comp="959" pin=6"/></net>

<net id="1017"><net_src comp="747" pin="4"/><net_sink comp="959" pin=7"/></net>

<net id="1018"><net_src comp="737" pin="4"/><net_sink comp="959" pin=8"/></net>

<net id="1019"><net_src comp="727" pin="4"/><net_sink comp="959" pin=9"/></net>

<net id="1020"><net_src comp="717" pin="4"/><net_sink comp="959" pin=10"/></net>

<net id="1021"><net_src comp="707" pin="4"/><net_sink comp="959" pin=11"/></net>

<net id="1022"><net_src comp="697" pin="4"/><net_sink comp="959" pin=12"/></net>

<net id="1023"><net_src comp="687" pin="4"/><net_sink comp="959" pin=13"/></net>

<net id="1024"><net_src comp="677" pin="4"/><net_sink comp="959" pin=14"/></net>

<net id="1025"><net_src comp="667" pin="4"/><net_sink comp="959" pin=15"/></net>

<net id="1026"><net_src comp="657" pin="4"/><net_sink comp="959" pin=16"/></net>

<net id="1027"><net_src comp="647" pin="4"/><net_sink comp="959" pin=17"/></net>

<net id="1028"><net_src comp="637" pin="4"/><net_sink comp="959" pin=18"/></net>

<net id="1029"><net_src comp="627" pin="4"/><net_sink comp="959" pin=19"/></net>

<net id="1030"><net_src comp="617" pin="4"/><net_sink comp="959" pin=20"/></net>

<net id="1031"><net_src comp="607" pin="4"/><net_sink comp="959" pin=21"/></net>

<net id="1032"><net_src comp="597" pin="4"/><net_sink comp="959" pin=22"/></net>

<net id="1033"><net_src comp="587" pin="4"/><net_sink comp="959" pin=23"/></net>

<net id="1034"><net_src comp="577" pin="4"/><net_sink comp="959" pin=24"/></net>

<net id="1035"><net_src comp="567" pin="4"/><net_sink comp="959" pin=25"/></net>

<net id="1036"><net_src comp="557" pin="4"/><net_sink comp="959" pin=26"/></net>

<net id="1040"><net_src comp="1037" pin="1"/><net_sink comp="814" pin=1"/></net>

<net id="1044"><net_src comp="1041" pin="1"/><net_sink comp="814" pin=2"/></net>

<net id="1048"><net_src comp="1045" pin="1"/><net_sink comp="814" pin=3"/></net>

<net id="1052"><net_src comp="1049" pin="1"/><net_sink comp="814" pin=4"/></net>

<net id="1056"><net_src comp="1053" pin="1"/><net_sink comp="814" pin=5"/></net>

<net id="1060"><net_src comp="1057" pin="1"/><net_sink comp="814" pin=6"/></net>

<net id="1064"><net_src comp="1061" pin="1"/><net_sink comp="814" pin=7"/></net>

<net id="1068"><net_src comp="1065" pin="1"/><net_sink comp="814" pin=8"/></net>

<net id="1072"><net_src comp="1069" pin="1"/><net_sink comp="814" pin=9"/></net>

<net id="1076"><net_src comp="1073" pin="1"/><net_sink comp="814" pin=10"/></net>

<net id="1080"><net_src comp="1077" pin="1"/><net_sink comp="814" pin=11"/></net>

<net id="1084"><net_src comp="1081" pin="1"/><net_sink comp="814" pin=12"/></net>

<net id="1088"><net_src comp="1085" pin="1"/><net_sink comp="814" pin=13"/></net>

<net id="1092"><net_src comp="1089" pin="1"/><net_sink comp="814" pin=14"/></net>

<net id="1096"><net_src comp="1093" pin="1"/><net_sink comp="814" pin=15"/></net>

<net id="1100"><net_src comp="1097" pin="1"/><net_sink comp="814" pin=16"/></net>

<net id="1104"><net_src comp="1101" pin="1"/><net_sink comp="814" pin=17"/></net>

<net id="1108"><net_src comp="1105" pin="1"/><net_sink comp="814" pin=18"/></net>

<net id="1112"><net_src comp="1109" pin="1"/><net_sink comp="814" pin=19"/></net>

<net id="1116"><net_src comp="1113" pin="1"/><net_sink comp="814" pin=20"/></net>

<net id="1120"><net_src comp="1117" pin="1"/><net_sink comp="814" pin=21"/></net>

<net id="1124"><net_src comp="1121" pin="1"/><net_sink comp="814" pin=22"/></net>

<net id="1128"><net_src comp="1125" pin="1"/><net_sink comp="814" pin=23"/></net>

<net id="1132"><net_src comp="1129" pin="1"/><net_sink comp="814" pin=24"/></net>

<net id="1136"><net_src comp="1037" pin="1"/><net_sink comp="1133" pin=0"/></net>

<net id="1137"><net_src comp="1133" pin="1"/><net_sink comp="814" pin=1"/></net>

<net id="1141"><net_src comp="1041" pin="1"/><net_sink comp="1138" pin=0"/></net>

<net id="1142"><net_src comp="1138" pin="1"/><net_sink comp="814" pin=2"/></net>

<net id="1146"><net_src comp="1045" pin="1"/><net_sink comp="1143" pin=0"/></net>

<net id="1147"><net_src comp="1143" pin="1"/><net_sink comp="814" pin=3"/></net>

<net id="1151"><net_src comp="1049" pin="1"/><net_sink comp="1148" pin=0"/></net>

<net id="1152"><net_src comp="1148" pin="1"/><net_sink comp="814" pin=4"/></net>

<net id="1156"><net_src comp="1053" pin="1"/><net_sink comp="1153" pin=0"/></net>

<net id="1157"><net_src comp="1153" pin="1"/><net_sink comp="814" pin=5"/></net>

<net id="1161"><net_src comp="1057" pin="1"/><net_sink comp="1158" pin=0"/></net>

<net id="1162"><net_src comp="1158" pin="1"/><net_sink comp="814" pin=6"/></net>

<net id="1166"><net_src comp="1061" pin="1"/><net_sink comp="1163" pin=0"/></net>

<net id="1167"><net_src comp="1163" pin="1"/><net_sink comp="814" pin=7"/></net>

<net id="1171"><net_src comp="1065" pin="1"/><net_sink comp="1168" pin=0"/></net>

<net id="1172"><net_src comp="1168" pin="1"/><net_sink comp="814" pin=8"/></net>

<net id="1176"><net_src comp="1069" pin="1"/><net_sink comp="1173" pin=0"/></net>

<net id="1177"><net_src comp="1173" pin="1"/><net_sink comp="814" pin=9"/></net>

<net id="1181"><net_src comp="1073" pin="1"/><net_sink comp="1178" pin=0"/></net>

<net id="1182"><net_src comp="1178" pin="1"/><net_sink comp="814" pin=10"/></net>

<net id="1186"><net_src comp="1077" pin="1"/><net_sink comp="1183" pin=0"/></net>

<net id="1187"><net_src comp="1183" pin="1"/><net_sink comp="814" pin=11"/></net>

<net id="1191"><net_src comp="1081" pin="1"/><net_sink comp="1188" pin=0"/></net>

<net id="1192"><net_src comp="1188" pin="1"/><net_sink comp="814" pin=12"/></net>

<net id="1196"><net_src comp="1085" pin="1"/><net_sink comp="1193" pin=0"/></net>

<net id="1197"><net_src comp="1193" pin="1"/><net_sink comp="814" pin=13"/></net>

<net id="1201"><net_src comp="1089" pin="1"/><net_sink comp="1198" pin=0"/></net>

<net id="1202"><net_src comp="1198" pin="1"/><net_sink comp="814" pin=14"/></net>

<net id="1206"><net_src comp="1093" pin="1"/><net_sink comp="1203" pin=0"/></net>

<net id="1207"><net_src comp="1203" pin="1"/><net_sink comp="814" pin=15"/></net>

<net id="1211"><net_src comp="1097" pin="1"/><net_sink comp="1208" pin=0"/></net>

<net id="1212"><net_src comp="1208" pin="1"/><net_sink comp="814" pin=16"/></net>

<net id="1216"><net_src comp="1101" pin="1"/><net_sink comp="1213" pin=0"/></net>

<net id="1217"><net_src comp="1213" pin="1"/><net_sink comp="814" pin=17"/></net>

<net id="1221"><net_src comp="1105" pin="1"/><net_sink comp="1218" pin=0"/></net>

<net id="1222"><net_src comp="1218" pin="1"/><net_sink comp="814" pin=18"/></net>

<net id="1226"><net_src comp="1109" pin="1"/><net_sink comp="1223" pin=0"/></net>

<net id="1227"><net_src comp="1223" pin="1"/><net_sink comp="814" pin=19"/></net>

<net id="1231"><net_src comp="1113" pin="1"/><net_sink comp="1228" pin=0"/></net>

<net id="1232"><net_src comp="1228" pin="1"/><net_sink comp="814" pin=20"/></net>

<net id="1236"><net_src comp="1117" pin="1"/><net_sink comp="1233" pin=0"/></net>

<net id="1237"><net_src comp="1233" pin="1"/><net_sink comp="814" pin=21"/></net>

<net id="1241"><net_src comp="1121" pin="1"/><net_sink comp="1238" pin=0"/></net>

<net id="1242"><net_src comp="1238" pin="1"/><net_sink comp="814" pin=22"/></net>

<net id="1246"><net_src comp="1125" pin="1"/><net_sink comp="1243" pin=0"/></net>

<net id="1247"><net_src comp="1243" pin="1"/><net_sink comp="814" pin=23"/></net>

<net id="1251"><net_src comp="1129" pin="1"/><net_sink comp="1248" pin=0"/></net>

<net id="1252"><net_src comp="1248" pin="1"/><net_sink comp="814" pin=24"/></net>

<net id="1259"><net_src comp="14" pin="0"/><net_sink comp="1253" pin=0"/></net>

<net id="1260"><net_src comp="260" pin="2"/><net_sink comp="1253" pin=1"/></net>

<net id="1261"><net_src comp="16" pin="0"/><net_sink comp="1253" pin=2"/></net>

<net id="1262"><net_src comp="18" pin="0"/><net_sink comp="1253" pin=3"/></net>

<net id="1269"><net_src comp="14" pin="0"/><net_sink comp="1263" pin=0"/></net>

<net id="1270"><net_src comp="254" pin="2"/><net_sink comp="1263" pin=1"/></net>

<net id="1271"><net_src comp="16" pin="0"/><net_sink comp="1263" pin=2"/></net>

<net id="1272"><net_src comp="18" pin="0"/><net_sink comp="1263" pin=3"/></net>

<net id="1277"><net_src comp="20" pin="0"/><net_sink comp="1273" pin=0"/></net>

<net id="1282"><net_src comp="22" pin="0"/><net_sink comp="1278" pin=0"/></net>

<net id="1290"><net_src comp="1283" pin="1"/><net_sink comp="1286" pin=0"/></net>

<net id="1291"><net_src comp="66" pin="0"/><net_sink comp="1286" pin=1"/></net>

<net id="1296"><net_src comp="1283" pin="1"/><net_sink comp="1292" pin=0"/></net>

<net id="1297"><net_src comp="68" pin="0"/><net_sink comp="1292" pin=1"/></net>

<net id="1302"><net_src comp="1283" pin="1"/><net_sink comp="1298" pin=0"/></net>

<net id="1303"><net_src comp="70" pin="0"/><net_sink comp="1298" pin=1"/></net>

<net id="1308"><net_src comp="1283" pin="1"/><net_sink comp="1304" pin=0"/></net>

<net id="1309"><net_src comp="72" pin="0"/><net_sink comp="1304" pin=1"/></net>

<net id="1314"><net_src comp="1283" pin="1"/><net_sink comp="1310" pin=0"/></net>

<net id="1315"><net_src comp="74" pin="0"/><net_sink comp="1310" pin=1"/></net>

<net id="1320"><net_src comp="1283" pin="1"/><net_sink comp="1316" pin=0"/></net>

<net id="1321"><net_src comp="76" pin="0"/><net_sink comp="1316" pin=1"/></net>

<net id="1326"><net_src comp="1283" pin="1"/><net_sink comp="1322" pin=0"/></net>

<net id="1327"><net_src comp="78" pin="0"/><net_sink comp="1322" pin=1"/></net>

<net id="1332"><net_src comp="1283" pin="1"/><net_sink comp="1328" pin=0"/></net>

<net id="1333"><net_src comp="80" pin="0"/><net_sink comp="1328" pin=1"/></net>

<net id="1338"><net_src comp="1283" pin="1"/><net_sink comp="1334" pin=0"/></net>

<net id="1339"><net_src comp="82" pin="0"/><net_sink comp="1334" pin=1"/></net>

<net id="1344"><net_src comp="1283" pin="1"/><net_sink comp="1340" pin=0"/></net>

<net id="1345"><net_src comp="84" pin="0"/><net_sink comp="1340" pin=1"/></net>

<net id="1350"><net_src comp="1283" pin="1"/><net_sink comp="1346" pin=0"/></net>

<net id="1351"><net_src comp="86" pin="0"/><net_sink comp="1346" pin=1"/></net>

<net id="1356"><net_src comp="1283" pin="1"/><net_sink comp="1352" pin=0"/></net>

<net id="1357"><net_src comp="88" pin="0"/><net_sink comp="1352" pin=1"/></net>

<net id="1362"><net_src comp="1283" pin="1"/><net_sink comp="1358" pin=0"/></net>

<net id="1363"><net_src comp="90" pin="0"/><net_sink comp="1358" pin=1"/></net>

<net id="1368"><net_src comp="1283" pin="1"/><net_sink comp="1364" pin=0"/></net>

<net id="1369"><net_src comp="92" pin="0"/><net_sink comp="1364" pin=1"/></net>

<net id="1374"><net_src comp="1283" pin="1"/><net_sink comp="1370" pin=0"/></net>

<net id="1375"><net_src comp="94" pin="0"/><net_sink comp="1370" pin=1"/></net>

<net id="1380"><net_src comp="1283" pin="1"/><net_sink comp="1376" pin=0"/></net>

<net id="1381"><net_src comp="96" pin="0"/><net_sink comp="1376" pin=1"/></net>

<net id="1389"><net_src comp="1382" pin="1"/><net_sink comp="1385" pin=0"/></net>

<net id="1390"><net_src comp="98" pin="0"/><net_sink comp="1385" pin=1"/></net>

<net id="1395"><net_src comp="1382" pin="1"/><net_sink comp="1391" pin=0"/></net>

<net id="1396"><net_src comp="100" pin="0"/><net_sink comp="1391" pin=1"/></net>

<net id="1403"><net_src comp="1397" pin="1"/><net_sink comp="1400" pin=0"/></net>

<net id="1408"><net_src comp="1400" pin="1"/><net_sink comp="1404" pin=0"/></net>

<net id="1413"><net_src comp="1400" pin="1"/><net_sink comp="1409" pin=1"/></net>

<net id="1418"><net_src comp="1400" pin="1"/><net_sink comp="1414" pin=1"/></net>

<net id="1423"><net_src comp="1400" pin="1"/><net_sink comp="1419" pin=1"/></net>

<net id="1428"><net_src comp="1400" pin="1"/><net_sink comp="1424" pin=1"/></net>

<net id="1433"><net_src comp="1400" pin="1"/><net_sink comp="1429" pin=1"/></net>

<net id="1438"><net_src comp="1400" pin="1"/><net_sink comp="1434" pin=1"/></net>

<net id="1443"><net_src comp="1400" pin="1"/><net_sink comp="1439" pin=1"/></net>

<net id="1448"><net_src comp="1400" pin="1"/><net_sink comp="1444" pin=1"/></net>

<net id="1453"><net_src comp="1400" pin="1"/><net_sink comp="1449" pin=1"/></net>

<net id="1458"><net_src comp="1400" pin="1"/><net_sink comp="1454" pin=1"/></net>

<net id="1463"><net_src comp="1400" pin="1"/><net_sink comp="1459" pin=1"/></net>

<net id="1468"><net_src comp="1400" pin="1"/><net_sink comp="1464" pin=1"/></net>

<net id="1473"><net_src comp="1400" pin="1"/><net_sink comp="1469" pin=1"/></net>

<net id="1478"><net_src comp="1400" pin="1"/><net_sink comp="1474" pin=1"/></net>

<net id="1483"><net_src comp="1400" pin="1"/><net_sink comp="1479" pin=1"/></net>

<net id="1488"><net_src comp="1400" pin="1"/><net_sink comp="1484" pin=1"/></net>

<net id="1495"><net_src comp="102" pin="0"/><net_sink comp="1489" pin=0"/></net>

<net id="1496"><net_src comp="1382" pin="1"/><net_sink comp="1489" pin=1"/></net>

<net id="1497"><net_src comp="104" pin="0"/><net_sink comp="1489" pin=2"/></net>

<net id="1498"><net_src comp="106" pin="0"/><net_sink comp="1489" pin=3"/></net>

<net id="1503"><net_src comp="1489" pin="4"/><net_sink comp="1499" pin=0"/></net>

<net id="1504"><net_src comp="108" pin="0"/><net_sink comp="1499" pin=1"/></net>

<net id="1510"><net_src comp="110" pin="0"/><net_sink comp="1505" pin=0"/></net>

<net id="1511"><net_src comp="1382" pin="1"/><net_sink comp="1505" pin=1"/></net>

<net id="1512"><net_src comp="106" pin="0"/><net_sink comp="1505" pin=2"/></net>

<net id="1517"><net_src comp="1499" pin="2"/><net_sink comp="1513" pin=0"/></net>

<net id="1518"><net_src comp="1505" pin="3"/><net_sink comp="1513" pin=1"/></net>

<net id="1523"><net_src comp="114" pin="0"/><net_sink comp="1519" pin=1"/></net>

<net id="1527"><net_src comp="1519" pin="2"/><net_sink comp="1524" pin=0"/></net>

<net id="1535"><net_src comp="0" pin="0"/><net_sink comp="1531" pin=0"/></net>

<net id="1536"><net_src comp="1528" pin="1"/><net_sink comp="1531" pin=1"/></net>

<net id="1537"><net_src comp="1531" pin="2"/><net_sink comp="266" pin=1"/></net>

<net id="1542"><net_src comp="1524" pin="1"/><net_sink comp="1538" pin=0"/></net>

<net id="1547"><net_src comp="118" pin="0"/><net_sink comp="1543" pin=1"/></net>

<net id="1551"><net_src comp="1543" pin="2"/><net_sink comp="1548" pin=0"/></net>

<net id="1559"><net_src comp="0" pin="0"/><net_sink comp="1555" pin=0"/></net>

<net id="1560"><net_src comp="1552" pin="1"/><net_sink comp="1555" pin=1"/></net>

<net id="1561"><net_src comp="1555" pin="2"/><net_sink comp="273" pin=1"/></net>

<net id="1566"><net_src comp="1548" pin="1"/><net_sink comp="1562" pin=0"/></net>

<net id="1571"><net_src comp="120" pin="0"/><net_sink comp="1567" pin=1"/></net>

<net id="1575"><net_src comp="1567" pin="2"/><net_sink comp="1572" pin=0"/></net>

<net id="1583"><net_src comp="0" pin="0"/><net_sink comp="1579" pin=0"/></net>

<net id="1584"><net_src comp="1576" pin="1"/><net_sink comp="1579" pin=1"/></net>

<net id="1585"><net_src comp="1579" pin="2"/><net_sink comp="280" pin=1"/></net>

<net id="1590"><net_src comp="1572" pin="1"/><net_sink comp="1586" pin=0"/></net>

<net id="1595"><net_src comp="122" pin="0"/><net_sink comp="1591" pin=1"/></net>

<net id="1599"><net_src comp="1591" pin="2"/><net_sink comp="1596" pin=0"/></net>

<net id="1607"><net_src comp="0" pin="0"/><net_sink comp="1603" pin=0"/></net>

<net id="1608"><net_src comp="1600" pin="1"/><net_sink comp="1603" pin=1"/></net>

<net id="1609"><net_src comp="1603" pin="2"/><net_sink comp="287" pin=1"/></net>

<net id="1614"><net_src comp="1596" pin="1"/><net_sink comp="1610" pin=0"/></net>

<net id="1619"><net_src comp="124" pin="0"/><net_sink comp="1615" pin=1"/></net>

<net id="1623"><net_src comp="1615" pin="2"/><net_sink comp="1620" pin=0"/></net>

<net id="1631"><net_src comp="0" pin="0"/><net_sink comp="1627" pin=0"/></net>

<net id="1632"><net_src comp="1624" pin="1"/><net_sink comp="1627" pin=1"/></net>

<net id="1633"><net_src comp="1627" pin="2"/><net_sink comp="294" pin=1"/></net>

<net id="1638"><net_src comp="1620" pin="1"/><net_sink comp="1634" pin=0"/></net>

<net id="1643"><net_src comp="126" pin="0"/><net_sink comp="1639" pin=1"/></net>

<net id="1647"><net_src comp="1639" pin="2"/><net_sink comp="1644" pin=0"/></net>

<net id="1655"><net_src comp="0" pin="0"/><net_sink comp="1651" pin=0"/></net>

<net id="1656"><net_src comp="1648" pin="1"/><net_sink comp="1651" pin=1"/></net>

<net id="1657"><net_src comp="1651" pin="2"/><net_sink comp="301" pin=1"/></net>

<net id="1662"><net_src comp="1644" pin="1"/><net_sink comp="1658" pin=0"/></net>

<net id="1667"><net_src comp="128" pin="0"/><net_sink comp="1663" pin=1"/></net>

<net id="1671"><net_src comp="1663" pin="2"/><net_sink comp="1668" pin=0"/></net>

<net id="1679"><net_src comp="0" pin="0"/><net_sink comp="1675" pin=0"/></net>

<net id="1680"><net_src comp="1672" pin="1"/><net_sink comp="1675" pin=1"/></net>

<net id="1681"><net_src comp="1675" pin="2"/><net_sink comp="308" pin=1"/></net>

<net id="1686"><net_src comp="1668" pin="1"/><net_sink comp="1682" pin=0"/></net>

<net id="1694"><net_src comp="0" pin="0"/><net_sink comp="1690" pin=0"/></net>

<net id="1695"><net_src comp="1687" pin="1"/><net_sink comp="1690" pin=1"/></net>

<net id="1696"><net_src comp="1690" pin="2"/><net_sink comp="315" pin=1"/></net>

<net id="1704"><net_src comp="0" pin="0"/><net_sink comp="1700" pin=0"/></net>

<net id="1705"><net_src comp="1697" pin="1"/><net_sink comp="1700" pin=1"/></net>

<net id="1706"><net_src comp="1700" pin="2"/><net_sink comp="327" pin=1"/></net>

<net id="1714"><net_src comp="0" pin="0"/><net_sink comp="1710" pin=0"/></net>

<net id="1715"><net_src comp="1707" pin="1"/><net_sink comp="1710" pin=1"/></net>

<net id="1716"><net_src comp="1710" pin="2"/><net_sink comp="339" pin=1"/></net>

<net id="1721"><net_src comp="1037" pin="1"/><net_sink comp="1717" pin=1"/></net>

<net id="1729"><net_src comp="0" pin="0"/><net_sink comp="1725" pin=0"/></net>

<net id="1730"><net_src comp="1722" pin="1"/><net_sink comp="1725" pin=1"/></net>

<net id="1731"><net_src comp="1725" pin="2"/><net_sink comp="351" pin=1"/></net>

<net id="1736"><net_src comp="1717" pin="2"/><net_sink comp="1732" pin=0"/></net>

<net id="1737"><net_src comp="132" pin="0"/><net_sink comp="1732" pin=1"/></net>

<net id="1742"><net_src comp="1717" pin="2"/><net_sink comp="1738" pin=0"/></net>

<net id="1743"><net_src comp="134" pin="0"/><net_sink comp="1738" pin=1"/></net>

<net id="1751"><net_src comp="0" pin="0"/><net_sink comp="1747" pin=0"/></net>

<net id="1752"><net_src comp="1744" pin="1"/><net_sink comp="1747" pin=1"/></net>

<net id="1753"><net_src comp="1747" pin="2"/><net_sink comp="363" pin=1"/></net>

<net id="1759"><net_src comp="1732" pin="2"/><net_sink comp="1754" pin=0"/></net>

<net id="1760"><net_src comp="1738" pin="2"/><net_sink comp="1754" pin=1"/></net>

<net id="1768"><net_src comp="0" pin="0"/><net_sink comp="1764" pin=0"/></net>

<net id="1769"><net_src comp="1761" pin="1"/><net_sink comp="1764" pin=1"/></net>

<net id="1770"><net_src comp="1764" pin="2"/><net_sink comp="375" pin=1"/></net>

<net id="1778"><net_src comp="0" pin="0"/><net_sink comp="1774" pin=0"/></net>

<net id="1779"><net_src comp="1771" pin="1"/><net_sink comp="1774" pin=1"/></net>

<net id="1780"><net_src comp="1774" pin="2"/><net_sink comp="387" pin=1"/></net>

<net id="1788"><net_src comp="0" pin="0"/><net_sink comp="1784" pin=0"/></net>

<net id="1789"><net_src comp="1781" pin="1"/><net_sink comp="1784" pin=1"/></net>

<net id="1790"><net_src comp="1784" pin="2"/><net_sink comp="399" pin=1"/></net>

<net id="1798"><net_src comp="0" pin="0"/><net_sink comp="1794" pin=0"/></net>

<net id="1799"><net_src comp="1791" pin="1"/><net_sink comp="1794" pin=1"/></net>

<net id="1800"><net_src comp="1794" pin="2"/><net_sink comp="411" pin=1"/></net>

<net id="1808"><net_src comp="0" pin="0"/><net_sink comp="1804" pin=0"/></net>

<net id="1809"><net_src comp="1801" pin="1"/><net_sink comp="1804" pin=1"/></net>

<net id="1810"><net_src comp="1804" pin="2"/><net_sink comp="423" pin=1"/></net>

<net id="1818"><net_src comp="0" pin="0"/><net_sink comp="1814" pin=0"/></net>

<net id="1819"><net_src comp="1811" pin="1"/><net_sink comp="1814" pin=1"/></net>

<net id="1820"><net_src comp="1814" pin="2"/><net_sink comp="435" pin=1"/></net>

<net id="1828"><net_src comp="0" pin="0"/><net_sink comp="1824" pin=0"/></net>

<net id="1829"><net_src comp="1821" pin="1"/><net_sink comp="1824" pin=1"/></net>

<net id="1830"><net_src comp="1824" pin="2"/><net_sink comp="447" pin=1"/></net>

<net id="1838"><net_src comp="0" pin="0"/><net_sink comp="1834" pin=0"/></net>

<net id="1839"><net_src comp="1831" pin="1"/><net_sink comp="1834" pin=1"/></net>

<net id="1840"><net_src comp="1834" pin="2"/><net_sink comp="459" pin=1"/></net>

<net id="1848"><net_src comp="0" pin="0"/><net_sink comp="1844" pin=0"/></net>

<net id="1849"><net_src comp="1841" pin="1"/><net_sink comp="1844" pin=1"/></net>

<net id="1850"><net_src comp="1844" pin="2"/><net_sink comp="471" pin=1"/></net>

<net id="1858"><net_src comp="0" pin="0"/><net_sink comp="1854" pin=0"/></net>

<net id="1859"><net_src comp="1851" pin="1"/><net_sink comp="1854" pin=1"/></net>

<net id="1860"><net_src comp="1854" pin="2"/><net_sink comp="483" pin=1"/></net>

<net id="1868"><net_src comp="0" pin="0"/><net_sink comp="1864" pin=0"/></net>

<net id="1869"><net_src comp="1861" pin="1"/><net_sink comp="1864" pin=1"/></net>

<net id="1870"><net_src comp="1864" pin="2"/><net_sink comp="495" pin=1"/></net>

<net id="1878"><net_src comp="0" pin="0"/><net_sink comp="1874" pin=0"/></net>

<net id="1879"><net_src comp="1871" pin="1"/><net_sink comp="1874" pin=1"/></net>

<net id="1880"><net_src comp="1874" pin="2"/><net_sink comp="507" pin=1"/></net>

<net id="1885"><net_src comp="1097" pin="1"/><net_sink comp="1881" pin=1"/></net>

<net id="1890"><net_src comp="1881" pin="2"/><net_sink comp="1886" pin=0"/></net>

<net id="1891"><net_src comp="132" pin="0"/><net_sink comp="1886" pin=1"/></net>

<net id="1896"><net_src comp="1881" pin="2"/><net_sink comp="1892" pin=0"/></net>

<net id="1897"><net_src comp="134" pin="0"/><net_sink comp="1892" pin=1"/></net>

<net id="1902"><net_src comp="1101" pin="1"/><net_sink comp="1898" pin=1"/></net>

<net id="1908"><net_src comp="1886" pin="2"/><net_sink comp="1903" pin=0"/></net>

<net id="1909"><net_src comp="1892" pin="2"/><net_sink comp="1903" pin=1"/></net>

<net id="1914"><net_src comp="1898" pin="2"/><net_sink comp="1910" pin=0"/></net>

<net id="1915"><net_src comp="132" pin="0"/><net_sink comp="1910" pin=1"/></net>

<net id="1920"><net_src comp="1898" pin="2"/><net_sink comp="1916" pin=0"/></net>

<net id="1921"><net_src comp="134" pin="0"/><net_sink comp="1916" pin=1"/></net>

<net id="1927"><net_src comp="1910" pin="2"/><net_sink comp="1922" pin=0"/></net>

<net id="1928"><net_src comp="1916" pin="2"/><net_sink comp="1922" pin=1"/></net>

<net id="1933"><net_src comp="1113" pin="1"/><net_sink comp="1929" pin=1"/></net>

<net id="1938"><net_src comp="1929" pin="2"/><net_sink comp="1934" pin=0"/></net>

<net id="1939"><net_src comp="132" pin="0"/><net_sink comp="1934" pin=1"/></net>

<net id="1944"><net_src comp="1929" pin="2"/><net_sink comp="1940" pin=0"/></net>

<net id="1945"><net_src comp="134" pin="0"/><net_sink comp="1940" pin=1"/></net>

<net id="1950"><net_src comp="1117" pin="1"/><net_sink comp="1946" pin=1"/></net>

<net id="1956"><net_src comp="1934" pin="2"/><net_sink comp="1951" pin=0"/></net>

<net id="1957"><net_src comp="1940" pin="2"/><net_sink comp="1951" pin=1"/></net>

<net id="1962"><net_src comp="1946" pin="2"/><net_sink comp="1958" pin=0"/></net>

<net id="1963"><net_src comp="132" pin="0"/><net_sink comp="1958" pin=1"/></net>

<net id="1968"><net_src comp="1946" pin="2"/><net_sink comp="1964" pin=0"/></net>

<net id="1969"><net_src comp="134" pin="0"/><net_sink comp="1964" pin=1"/></net>

<net id="1974"><net_src comp="1121" pin="1"/><net_sink comp="1970" pin=1"/></net>

<net id="1980"><net_src comp="1958" pin="2"/><net_sink comp="1975" pin=0"/></net>

<net id="1981"><net_src comp="1964" pin="2"/><net_sink comp="1975" pin=1"/></net>

<net id="1986"><net_src comp="1970" pin="2"/><net_sink comp="1982" pin=0"/></net>

<net id="1987"><net_src comp="132" pin="0"/><net_sink comp="1982" pin=1"/></net>

<net id="1992"><net_src comp="1970" pin="2"/><net_sink comp="1988" pin=0"/></net>

<net id="1993"><net_src comp="134" pin="0"/><net_sink comp="1988" pin=1"/></net>

<net id="1998"><net_src comp="1125" pin="1"/><net_sink comp="1994" pin=1"/></net>

<net id="2003"><net_src comp="1041" pin="1"/><net_sink comp="1999" pin=1"/></net>

<net id="2008"><net_src comp="1045" pin="1"/><net_sink comp="2004" pin=1"/></net>

<net id="2013"><net_src comp="1049" pin="1"/><net_sink comp="2009" pin=1"/></net>

<net id="2018"><net_src comp="1053" pin="1"/><net_sink comp="2014" pin=1"/></net>

<net id="2023"><net_src comp="1057" pin="1"/><net_sink comp="2019" pin=1"/></net>

<net id="2028"><net_src comp="1061" pin="1"/><net_sink comp="2024" pin=1"/></net>

<net id="2033"><net_src comp="1065" pin="1"/><net_sink comp="2029" pin=1"/></net>

<net id="2038"><net_src comp="1069" pin="1"/><net_sink comp="2034" pin=1"/></net>

<net id="2043"><net_src comp="1073" pin="1"/><net_sink comp="2039" pin=1"/></net>

<net id="2048"><net_src comp="1077" pin="1"/><net_sink comp="2044" pin=1"/></net>

<net id="2053"><net_src comp="1081" pin="1"/><net_sink comp="2049" pin=1"/></net>

<net id="2058"><net_src comp="1085" pin="1"/><net_sink comp="2054" pin=1"/></net>

<net id="2063"><net_src comp="1089" pin="1"/><net_sink comp="2059" pin=1"/></net>

<net id="2068"><net_src comp="1093" pin="1"/><net_sink comp="2064" pin=1"/></net>

<net id="2073"><net_src comp="1105" pin="1"/><net_sink comp="2069" pin=1"/></net>

<net id="2078"><net_src comp="1109" pin="1"/><net_sink comp="2074" pin=1"/></net>

<net id="2084"><net_src comp="1982" pin="2"/><net_sink comp="2079" pin=0"/></net>

<net id="2085"><net_src comp="1988" pin="2"/><net_sink comp="2079" pin=1"/></net>

<net id="2090"><net_src comp="1994" pin="2"/><net_sink comp="2086" pin=0"/></net>

<net id="2091"><net_src comp="132" pin="0"/><net_sink comp="2086" pin=1"/></net>

<net id="2096"><net_src comp="1994" pin="2"/><net_sink comp="2092" pin=0"/></net>

<net id="2097"><net_src comp="134" pin="0"/><net_sink comp="2092" pin=1"/></net>

<net id="2102"><net_src comp="1129" pin="1"/><net_sink comp="2098" pin=1"/></net>

<net id="2107"><net_src comp="1999" pin="2"/><net_sink comp="2103" pin=0"/></net>

<net id="2108"><net_src comp="132" pin="0"/><net_sink comp="2103" pin=1"/></net>

<net id="2113"><net_src comp="1999" pin="2"/><net_sink comp="2109" pin=0"/></net>

<net id="2114"><net_src comp="134" pin="0"/><net_sink comp="2109" pin=1"/></net>

<net id="2119"><net_src comp="2004" pin="2"/><net_sink comp="2115" pin=0"/></net>

<net id="2120"><net_src comp="132" pin="0"/><net_sink comp="2115" pin=1"/></net>

<net id="2125"><net_src comp="2004" pin="2"/><net_sink comp="2121" pin=0"/></net>

<net id="2126"><net_src comp="134" pin="0"/><net_sink comp="2121" pin=1"/></net>

<net id="2131"><net_src comp="2009" pin="2"/><net_sink comp="2127" pin=0"/></net>

<net id="2132"><net_src comp="132" pin="0"/><net_sink comp="2127" pin=1"/></net>

<net id="2137"><net_src comp="2009" pin="2"/><net_sink comp="2133" pin=0"/></net>

<net id="2138"><net_src comp="134" pin="0"/><net_sink comp="2133" pin=1"/></net>

<net id="2143"><net_src comp="2014" pin="2"/><net_sink comp="2139" pin=0"/></net>

<net id="2144"><net_src comp="132" pin="0"/><net_sink comp="2139" pin=1"/></net>

<net id="2149"><net_src comp="2014" pin="2"/><net_sink comp="2145" pin=0"/></net>

<net id="2150"><net_src comp="134" pin="0"/><net_sink comp="2145" pin=1"/></net>

<net id="2155"><net_src comp="2019" pin="2"/><net_sink comp="2151" pin=0"/></net>

<net id="2156"><net_src comp="132" pin="0"/><net_sink comp="2151" pin=1"/></net>

<net id="2161"><net_src comp="2019" pin="2"/><net_sink comp="2157" pin=0"/></net>

<net id="2162"><net_src comp="134" pin="0"/><net_sink comp="2157" pin=1"/></net>

<net id="2167"><net_src comp="2024" pin="2"/><net_sink comp="2163" pin=0"/></net>

<net id="2168"><net_src comp="132" pin="0"/><net_sink comp="2163" pin=1"/></net>

<net id="2173"><net_src comp="2024" pin="2"/><net_sink comp="2169" pin=0"/></net>

<net id="2174"><net_src comp="134" pin="0"/><net_sink comp="2169" pin=1"/></net>

<net id="2179"><net_src comp="2029" pin="2"/><net_sink comp="2175" pin=0"/></net>

<net id="2180"><net_src comp="132" pin="0"/><net_sink comp="2175" pin=1"/></net>

<net id="2185"><net_src comp="2029" pin="2"/><net_sink comp="2181" pin=0"/></net>

<net id="2186"><net_src comp="134" pin="0"/><net_sink comp="2181" pin=1"/></net>

<net id="2191"><net_src comp="2034" pin="2"/><net_sink comp="2187" pin=0"/></net>

<net id="2192"><net_src comp="132" pin="0"/><net_sink comp="2187" pin=1"/></net>

<net id="2197"><net_src comp="2034" pin="2"/><net_sink comp="2193" pin=0"/></net>

<net id="2198"><net_src comp="134" pin="0"/><net_sink comp="2193" pin=1"/></net>

<net id="2203"><net_src comp="2039" pin="2"/><net_sink comp="2199" pin=0"/></net>

<net id="2204"><net_src comp="132" pin="0"/><net_sink comp="2199" pin=1"/></net>

<net id="2209"><net_src comp="2039" pin="2"/><net_sink comp="2205" pin=0"/></net>

<net id="2210"><net_src comp="134" pin="0"/><net_sink comp="2205" pin=1"/></net>

<net id="2215"><net_src comp="2044" pin="2"/><net_sink comp="2211" pin=0"/></net>

<net id="2216"><net_src comp="132" pin="0"/><net_sink comp="2211" pin=1"/></net>

<net id="2221"><net_src comp="2044" pin="2"/><net_sink comp="2217" pin=0"/></net>

<net id="2222"><net_src comp="134" pin="0"/><net_sink comp="2217" pin=1"/></net>

<net id="2227"><net_src comp="2049" pin="2"/><net_sink comp="2223" pin=0"/></net>

<net id="2228"><net_src comp="132" pin="0"/><net_sink comp="2223" pin=1"/></net>

<net id="2233"><net_src comp="2049" pin="2"/><net_sink comp="2229" pin=0"/></net>

<net id="2234"><net_src comp="134" pin="0"/><net_sink comp="2229" pin=1"/></net>

<net id="2239"><net_src comp="2054" pin="2"/><net_sink comp="2235" pin=0"/></net>

<net id="2240"><net_src comp="132" pin="0"/><net_sink comp="2235" pin=1"/></net>

<net id="2245"><net_src comp="2054" pin="2"/><net_sink comp="2241" pin=0"/></net>

<net id="2246"><net_src comp="134" pin="0"/><net_sink comp="2241" pin=1"/></net>

<net id="2251"><net_src comp="2059" pin="2"/><net_sink comp="2247" pin=0"/></net>

<net id="2252"><net_src comp="132" pin="0"/><net_sink comp="2247" pin=1"/></net>

<net id="2257"><net_src comp="2059" pin="2"/><net_sink comp="2253" pin=0"/></net>

<net id="2258"><net_src comp="134" pin="0"/><net_sink comp="2253" pin=1"/></net>

<net id="2263"><net_src comp="2064" pin="2"/><net_sink comp="2259" pin=0"/></net>

<net id="2264"><net_src comp="132" pin="0"/><net_sink comp="2259" pin=1"/></net>

<net id="2269"><net_src comp="2064" pin="2"/><net_sink comp="2265" pin=0"/></net>

<net id="2270"><net_src comp="134" pin="0"/><net_sink comp="2265" pin=1"/></net>

<net id="2275"><net_src comp="2069" pin="2"/><net_sink comp="2271" pin=0"/></net>

<net id="2276"><net_src comp="132" pin="0"/><net_sink comp="2271" pin=1"/></net>

<net id="2281"><net_src comp="2069" pin="2"/><net_sink comp="2277" pin=0"/></net>

<net id="2282"><net_src comp="134" pin="0"/><net_sink comp="2277" pin=1"/></net>

<net id="2287"><net_src comp="2074" pin="2"/><net_sink comp="2283" pin=0"/></net>

<net id="2288"><net_src comp="132" pin="0"/><net_sink comp="2283" pin=1"/></net>

<net id="2293"><net_src comp="2074" pin="2"/><net_sink comp="2289" pin=0"/></net>

<net id="2294"><net_src comp="134" pin="0"/><net_sink comp="2289" pin=1"/></net>

<net id="2300"><net_src comp="2086" pin="2"/><net_sink comp="2295" pin=0"/></net>

<net id="2301"><net_src comp="2092" pin="2"/><net_sink comp="2295" pin=1"/></net>

<net id="2306"><net_src comp="2098" pin="2"/><net_sink comp="2302" pin=0"/></net>

<net id="2307"><net_src comp="132" pin="0"/><net_sink comp="2302" pin=1"/></net>

<net id="2312"><net_src comp="2098" pin="2"/><net_sink comp="2308" pin=0"/></net>

<net id="2313"><net_src comp="134" pin="0"/><net_sink comp="2308" pin=1"/></net>

<net id="2319"><net_src comp="2103" pin="2"/><net_sink comp="2314" pin=0"/></net>

<net id="2320"><net_src comp="2109" pin="2"/><net_sink comp="2314" pin=1"/></net>

<net id="2326"><net_src comp="2115" pin="2"/><net_sink comp="2321" pin=0"/></net>

<net id="2327"><net_src comp="2121" pin="2"/><net_sink comp="2321" pin=1"/></net>

<net id="2333"><net_src comp="2127" pin="2"/><net_sink comp="2328" pin=0"/></net>

<net id="2334"><net_src comp="2133" pin="2"/><net_sink comp="2328" pin=1"/></net>

<net id="2340"><net_src comp="2139" pin="2"/><net_sink comp="2335" pin=0"/></net>

<net id="2341"><net_src comp="2145" pin="2"/><net_sink comp="2335" pin=1"/></net>

<net id="2347"><net_src comp="2151" pin="2"/><net_sink comp="2342" pin=0"/></net>

<net id="2348"><net_src comp="2157" pin="2"/><net_sink comp="2342" pin=1"/></net>

<net id="2354"><net_src comp="2163" pin="2"/><net_sink comp="2349" pin=0"/></net>

<net id="2355"><net_src comp="2169" pin="2"/><net_sink comp="2349" pin=1"/></net>

<net id="2361"><net_src comp="2175" pin="2"/><net_sink comp="2356" pin=0"/></net>

<net id="2362"><net_src comp="2181" pin="2"/><net_sink comp="2356" pin=1"/></net>

<net id="2368"><net_src comp="2187" pin="2"/><net_sink comp="2363" pin=0"/></net>

<net id="2369"><net_src comp="2193" pin="2"/><net_sink comp="2363" pin=1"/></net>

<net id="2375"><net_src comp="2199" pin="2"/><net_sink comp="2370" pin=0"/></net>

<net id="2376"><net_src comp="2205" pin="2"/><net_sink comp="2370" pin=1"/></net>

<net id="2382"><net_src comp="2211" pin="2"/><net_sink comp="2377" pin=0"/></net>

<net id="2383"><net_src comp="2217" pin="2"/><net_sink comp="2377" pin=1"/></net>

<net id="2389"><net_src comp="2223" pin="2"/><net_sink comp="2384" pin=0"/></net>

<net id="2390"><net_src comp="2229" pin="2"/><net_sink comp="2384" pin=1"/></net>

<net id="2396"><net_src comp="2235" pin="2"/><net_sink comp="2391" pin=0"/></net>

<net id="2397"><net_src comp="2241" pin="2"/><net_sink comp="2391" pin=1"/></net>

<net id="2403"><net_src comp="2247" pin="2"/><net_sink comp="2398" pin=0"/></net>

<net id="2404"><net_src comp="2253" pin="2"/><net_sink comp="2398" pin=1"/></net>

<net id="2410"><net_src comp="2259" pin="2"/><net_sink comp="2405" pin=0"/></net>

<net id="2411"><net_src comp="2265" pin="2"/><net_sink comp="2405" pin=1"/></net>

<net id="2417"><net_src comp="2271" pin="2"/><net_sink comp="2412" pin=0"/></net>

<net id="2418"><net_src comp="2277" pin="2"/><net_sink comp="2412" pin=1"/></net>

<net id="2424"><net_src comp="2283" pin="2"/><net_sink comp="2419" pin=0"/></net>

<net id="2425"><net_src comp="2289" pin="2"/><net_sink comp="2419" pin=1"/></net>

<net id="2430"><net_src comp="146" pin="0"/><net_sink comp="2426" pin=1"/></net>

<net id="2436"><net_src comp="2302" pin="2"/><net_sink comp="2431" pin=0"/></net>

<net id="2437"><net_src comp="2308" pin="2"/><net_sink comp="2431" pin=1"/></net>

<net id="2441"><net_src comp="844" pin="2"/><net_sink comp="2438" pin=0"/></net>

<net id="2445"><net_src comp="849" pin="2"/><net_sink comp="2442" pin=0"/></net>

<net id="2449"><net_src comp="854" pin="2"/><net_sink comp="2446" pin=0"/></net>

<net id="2453"><net_src comp="859" pin="2"/><net_sink comp="2450" pin=0"/></net>

<net id="2457"><net_src comp="864" pin="2"/><net_sink comp="2454" pin=0"/></net>

<net id="2461"><net_src comp="869" pin="2"/><net_sink comp="2458" pin=0"/></net>

<net id="2465"><net_src comp="874" pin="2"/><net_sink comp="2462" pin=0"/></net>

<net id="2469"><net_src comp="879" pin="2"/><net_sink comp="2466" pin=0"/></net>

<net id="2473"><net_src comp="884" pin="2"/><net_sink comp="2470" pin=0"/></net>

<net id="2477"><net_src comp="889" pin="2"/><net_sink comp="2474" pin=0"/></net>

<net id="2481"><net_src comp="894" pin="2"/><net_sink comp="2478" pin=0"/></net>

<net id="2485"><net_src comp="899" pin="2"/><net_sink comp="2482" pin=0"/></net>

<net id="2489"><net_src comp="904" pin="2"/><net_sink comp="2486" pin=0"/></net>

<net id="2493"><net_src comp="909" pin="2"/><net_sink comp="2490" pin=0"/></net>

<net id="2497"><net_src comp="914" pin="2"/><net_sink comp="2494" pin=0"/></net>

<net id="2501"><net_src comp="919" pin="2"/><net_sink comp="2498" pin=0"/></net>

<net id="2505"><net_src comp="924" pin="2"/><net_sink comp="2502" pin=0"/></net>

<net id="2509"><net_src comp="929" pin="2"/><net_sink comp="2506" pin=0"/></net>

<net id="2513"><net_src comp="934" pin="2"/><net_sink comp="2510" pin=0"/></net>

<net id="2517"><net_src comp="939" pin="2"/><net_sink comp="2514" pin=0"/></net>

<net id="2521"><net_src comp="944" pin="2"/><net_sink comp="2518" pin=0"/></net>

<net id="2525"><net_src comp="949" pin="2"/><net_sink comp="2522" pin=0"/></net>

<net id="2529"><net_src comp="954" pin="2"/><net_sink comp="2526" pin=0"/></net>

<net id="2541"><net_src comp="150" pin="1"/><net_sink comp="2538" pin=0"/></net>

<net id="2542"><net_src comp="2538" pin="1"/><net_sink comp="1278" pin=1"/></net>

<net id="2543"><net_src comp="2538" pin="1"/><net_sink comp="1382" pin=0"/></net>

<net id="2544"><net_src comp="2538" pin="1"/><net_sink comp="2534" pin=1"/></net>

<net id="2548"><net_src comp="154" pin="1"/><net_sink comp="2545" pin=0"/></net>

<net id="2549"><net_src comp="2545" pin="1"/><net_sink comp="784" pin=25"/></net>

<net id="2550"><net_src comp="2545" pin="1"/><net_sink comp="1037" pin=0"/></net>

<net id="2551"><net_src comp="2545" pin="1"/><net_sink comp="959" pin=50"/></net>

<net id="2555"><net_src comp="158" pin="1"/><net_sink comp="2552" pin=0"/></net>

<net id="2556"><net_src comp="2552" pin="1"/><net_sink comp="784" pin=24"/></net>

<net id="2557"><net_src comp="2552" pin="1"/><net_sink comp="1041" pin=0"/></net>

<net id="2558"><net_src comp="2552" pin="1"/><net_sink comp="959" pin=49"/></net>

<net id="2562"><net_src comp="162" pin="1"/><net_sink comp="2559" pin=0"/></net>

<net id="2563"><net_src comp="2559" pin="1"/><net_sink comp="784" pin=23"/></net>

<net id="2564"><net_src comp="2559" pin="1"/><net_sink comp="1045" pin=0"/></net>

<net id="2565"><net_src comp="2559" pin="1"/><net_sink comp="959" pin=48"/></net>

<net id="2569"><net_src comp="166" pin="1"/><net_sink comp="2566" pin=0"/></net>

<net id="2570"><net_src comp="2566" pin="1"/><net_sink comp="784" pin=22"/></net>

<net id="2571"><net_src comp="2566" pin="1"/><net_sink comp="1049" pin=0"/></net>

<net id="2572"><net_src comp="2566" pin="1"/><net_sink comp="959" pin=47"/></net>

<net id="2576"><net_src comp="170" pin="1"/><net_sink comp="2573" pin=0"/></net>

<net id="2577"><net_src comp="2573" pin="1"/><net_sink comp="784" pin=21"/></net>

<net id="2578"><net_src comp="2573" pin="1"/><net_sink comp="1053" pin=0"/></net>

<net id="2579"><net_src comp="2573" pin="1"/><net_sink comp="959" pin=46"/></net>

<net id="2583"><net_src comp="174" pin="1"/><net_sink comp="2580" pin=0"/></net>

<net id="2584"><net_src comp="2580" pin="1"/><net_sink comp="784" pin=20"/></net>

<net id="2585"><net_src comp="2580" pin="1"/><net_sink comp="1057" pin=0"/></net>

<net id="2586"><net_src comp="2580" pin="1"/><net_sink comp="959" pin=45"/></net>

<net id="2590"><net_src comp="178" pin="1"/><net_sink comp="2587" pin=0"/></net>

<net id="2591"><net_src comp="2587" pin="1"/><net_sink comp="784" pin=19"/></net>

<net id="2592"><net_src comp="2587" pin="1"/><net_sink comp="1061" pin=0"/></net>

<net id="2593"><net_src comp="2587" pin="1"/><net_sink comp="959" pin=44"/></net>

<net id="2597"><net_src comp="182" pin="1"/><net_sink comp="2594" pin=0"/></net>

<net id="2598"><net_src comp="2594" pin="1"/><net_sink comp="784" pin=18"/></net>

<net id="2599"><net_src comp="2594" pin="1"/><net_sink comp="1065" pin=0"/></net>

<net id="2600"><net_src comp="2594" pin="1"/><net_sink comp="959" pin=43"/></net>

<net id="2604"><net_src comp="186" pin="1"/><net_sink comp="2601" pin=0"/></net>

<net id="2605"><net_src comp="2601" pin="1"/><net_sink comp="784" pin=17"/></net>

<net id="2606"><net_src comp="2601" pin="1"/><net_sink comp="1069" pin=0"/></net>

<net id="2607"><net_src comp="2601" pin="1"/><net_sink comp="959" pin=42"/></net>

<net id="2611"><net_src comp="190" pin="1"/><net_sink comp="2608" pin=0"/></net>

<net id="2612"><net_src comp="2608" pin="1"/><net_sink comp="784" pin=16"/></net>

<net id="2613"><net_src comp="2608" pin="1"/><net_sink comp="1073" pin=0"/></net>

<net id="2614"><net_src comp="2608" pin="1"/><net_sink comp="959" pin=41"/></net>

<net id="2618"><net_src comp="194" pin="1"/><net_sink comp="2615" pin=0"/></net>

<net id="2619"><net_src comp="2615" pin="1"/><net_sink comp="784" pin=15"/></net>

<net id="2620"><net_src comp="2615" pin="1"/><net_sink comp="1077" pin=0"/></net>

<net id="2621"><net_src comp="2615" pin="1"/><net_sink comp="959" pin=40"/></net>

<net id="2625"><net_src comp="198" pin="1"/><net_sink comp="2622" pin=0"/></net>

<net id="2626"><net_src comp="2622" pin="1"/><net_sink comp="784" pin=14"/></net>

<net id="2627"><net_src comp="2622" pin="1"/><net_sink comp="1081" pin=0"/></net>

<net id="2628"><net_src comp="2622" pin="1"/><net_sink comp="959" pin=39"/></net>

<net id="2632"><net_src comp="202" pin="1"/><net_sink comp="2629" pin=0"/></net>

<net id="2633"><net_src comp="2629" pin="1"/><net_sink comp="784" pin=13"/></net>

<net id="2634"><net_src comp="2629" pin="1"/><net_sink comp="1085" pin=0"/></net>

<net id="2635"><net_src comp="2629" pin="1"/><net_sink comp="959" pin=38"/></net>

<net id="2639"><net_src comp="206" pin="1"/><net_sink comp="2636" pin=0"/></net>

<net id="2640"><net_src comp="2636" pin="1"/><net_sink comp="784" pin=12"/></net>

<net id="2641"><net_src comp="2636" pin="1"/><net_sink comp="1089" pin=0"/></net>

<net id="2642"><net_src comp="2636" pin="1"/><net_sink comp="959" pin=37"/></net>

<net id="2646"><net_src comp="210" pin="1"/><net_sink comp="2643" pin=0"/></net>

<net id="2647"><net_src comp="2643" pin="1"/><net_sink comp="784" pin=11"/></net>

<net id="2648"><net_src comp="2643" pin="1"/><net_sink comp="1093" pin=0"/></net>

<net id="2649"><net_src comp="2643" pin="1"/><net_sink comp="959" pin=36"/></net>

<net id="2653"><net_src comp="214" pin="1"/><net_sink comp="2650" pin=0"/></net>

<net id="2654"><net_src comp="2650" pin="1"/><net_sink comp="784" pin=10"/></net>

<net id="2655"><net_src comp="2650" pin="1"/><net_sink comp="1097" pin=0"/></net>

<net id="2656"><net_src comp="2650" pin="1"/><net_sink comp="959" pin=35"/></net>

<net id="2660"><net_src comp="218" pin="1"/><net_sink comp="2657" pin=0"/></net>

<net id="2661"><net_src comp="2657" pin="1"/><net_sink comp="784" pin=9"/></net>

<net id="2662"><net_src comp="2657" pin="1"/><net_sink comp="1101" pin=0"/></net>

<net id="2663"><net_src comp="2657" pin="1"/><net_sink comp="959" pin=34"/></net>

<net id="2667"><net_src comp="222" pin="1"/><net_sink comp="2664" pin=0"/></net>

<net id="2668"><net_src comp="2664" pin="1"/><net_sink comp="784" pin=8"/></net>

<net id="2669"><net_src comp="2664" pin="1"/><net_sink comp="1105" pin=0"/></net>

<net id="2670"><net_src comp="2664" pin="1"/><net_sink comp="959" pin=33"/></net>

<net id="2674"><net_src comp="226" pin="1"/><net_sink comp="2671" pin=0"/></net>

<net id="2675"><net_src comp="2671" pin="1"/><net_sink comp="784" pin=7"/></net>

<net id="2676"><net_src comp="2671" pin="1"/><net_sink comp="1109" pin=0"/></net>

<net id="2677"><net_src comp="2671" pin="1"/><net_sink comp="959" pin=32"/></net>

<net id="2681"><net_src comp="230" pin="1"/><net_sink comp="2678" pin=0"/></net>

<net id="2682"><net_src comp="2678" pin="1"/><net_sink comp="784" pin=6"/></net>

<net id="2683"><net_src comp="2678" pin="1"/><net_sink comp="1113" pin=0"/></net>

<net id="2684"><net_src comp="2678" pin="1"/><net_sink comp="959" pin=31"/></net>

<net id="2688"><net_src comp="234" pin="1"/><net_sink comp="2685" pin=0"/></net>

<net id="2689"><net_src comp="2685" pin="1"/><net_sink comp="784" pin=5"/></net>

<net id="2690"><net_src comp="2685" pin="1"/><net_sink comp="1117" pin=0"/></net>

<net id="2691"><net_src comp="2685" pin="1"/><net_sink comp="959" pin=30"/></net>

<net id="2695"><net_src comp="238" pin="1"/><net_sink comp="2692" pin=0"/></net>

<net id="2696"><net_src comp="2692" pin="1"/><net_sink comp="784" pin=4"/></net>

<net id="2697"><net_src comp="2692" pin="1"/><net_sink comp="1121" pin=0"/></net>

<net id="2698"><net_src comp="2692" pin="1"/><net_sink comp="959" pin=29"/></net>

<net id="2702"><net_src comp="242" pin="1"/><net_sink comp="2699" pin=0"/></net>

<net id="2703"><net_src comp="2699" pin="1"/><net_sink comp="784" pin=3"/></net>

<net id="2704"><net_src comp="2699" pin="1"/><net_sink comp="1125" pin=0"/></net>

<net id="2705"><net_src comp="2699" pin="1"/><net_sink comp="959" pin=28"/></net>

<net id="2709"><net_src comp="246" pin="1"/><net_sink comp="2706" pin=0"/></net>

<net id="2710"><net_src comp="2706" pin="1"/><net_sink comp="784" pin=2"/></net>

<net id="2711"><net_src comp="2706" pin="1"/><net_sink comp="1129" pin=0"/></net>

<net id="2712"><net_src comp="2706" pin="1"/><net_sink comp="959" pin=27"/></net>

<net id="2716"><net_src comp="250" pin="1"/><net_sink comp="2713" pin=0"/></net>

<net id="2717"><net_src comp="2713" pin="1"/><net_sink comp="1273" pin=1"/></net>

<net id="2718"><net_src comp="2713" pin="1"/><net_sink comp="1397" pin=0"/></net>

<net id="2719"><net_src comp="2713" pin="1"/><net_sink comp="2530" pin=1"/></net>

<net id="2723"><net_src comp="1253" pin="4"/><net_sink comp="2720" pin=0"/></net>

<net id="2724"><net_src comp="2720" pin="1"/><net_sink comp="1283" pin=0"/></net>

<net id="2728"><net_src comp="1263" pin="4"/><net_sink comp="2725" pin=0"/></net>

<net id="2729"><net_src comp="2725" pin="1"/><net_sink comp="959" pin=2"/></net>

<net id="2733"><net_src comp="1283" pin="1"/><net_sink comp="2730" pin=0"/></net>

<net id="2734"><net_src comp="2730" pin="1"/><net_sink comp="1404" pin=1"/></net>

<net id="2735"><net_src comp="2730" pin="1"/><net_sink comp="1538" pin=1"/></net>

<net id="2736"><net_src comp="2730" pin="1"/><net_sink comp="1562" pin=1"/></net>

<net id="2737"><net_src comp="2730" pin="1"/><net_sink comp="1586" pin=1"/></net>

<net id="2738"><net_src comp="2730" pin="1"/><net_sink comp="1610" pin=1"/></net>

<net id="2739"><net_src comp="2730" pin="1"/><net_sink comp="1634" pin=1"/></net>

<net id="2740"><net_src comp="2730" pin="1"/><net_sink comp="1658" pin=1"/></net>

<net id="2741"><net_src comp="2730" pin="1"/><net_sink comp="1682" pin=1"/></net>

<net id="2745"><net_src comp="1286" pin="2"/><net_sink comp="2742" pin=0"/></net>

<net id="2746"><net_src comp="2742" pin="1"/><net_sink comp="1409" pin=0"/></net>

<net id="2750"><net_src comp="1292" pin="2"/><net_sink comp="2747" pin=0"/></net>

<net id="2751"><net_src comp="2747" pin="1"/><net_sink comp="1414" pin=0"/></net>

<net id="2755"><net_src comp="1298" pin="2"/><net_sink comp="2752" pin=0"/></net>

<net id="2756"><net_src comp="2752" pin="1"/><net_sink comp="1419" pin=0"/></net>

<net id="2760"><net_src comp="1304" pin="2"/><net_sink comp="2757" pin=0"/></net>

<net id="2761"><net_src comp="2757" pin="1"/><net_sink comp="1424" pin=0"/></net>

<net id="2765"><net_src comp="1310" pin="2"/><net_sink comp="2762" pin=0"/></net>

<net id="2766"><net_src comp="2762" pin="1"/><net_sink comp="1429" pin=0"/></net>

<net id="2770"><net_src comp="1316" pin="2"/><net_sink comp="2767" pin=0"/></net>

<net id="2771"><net_src comp="2767" pin="1"/><net_sink comp="1434" pin=0"/></net>

<net id="2775"><net_src comp="1322" pin="2"/><net_sink comp="2772" pin=0"/></net>

<net id="2776"><net_src comp="2772" pin="1"/><net_sink comp="1439" pin=0"/></net>

<net id="2780"><net_src comp="1328" pin="2"/><net_sink comp="2777" pin=0"/></net>

<net id="2781"><net_src comp="2777" pin="1"/><net_sink comp="1444" pin=0"/></net>

<net id="2785"><net_src comp="1334" pin="2"/><net_sink comp="2782" pin=0"/></net>

<net id="2786"><net_src comp="2782" pin="1"/><net_sink comp="1449" pin=0"/></net>

<net id="2790"><net_src comp="1340" pin="2"/><net_sink comp="2787" pin=0"/></net>

<net id="2791"><net_src comp="2787" pin="1"/><net_sink comp="1454" pin=0"/></net>

<net id="2795"><net_src comp="1346" pin="2"/><net_sink comp="2792" pin=0"/></net>

<net id="2796"><net_src comp="2792" pin="1"/><net_sink comp="1459" pin=0"/></net>

<net id="2800"><net_src comp="1352" pin="2"/><net_sink comp="2797" pin=0"/></net>

<net id="2801"><net_src comp="2797" pin="1"/><net_sink comp="1464" pin=0"/></net>

<net id="2805"><net_src comp="1358" pin="2"/><net_sink comp="2802" pin=0"/></net>

<net id="2806"><net_src comp="2802" pin="1"/><net_sink comp="1469" pin=0"/></net>

<net id="2810"><net_src comp="1364" pin="2"/><net_sink comp="2807" pin=0"/></net>

<net id="2811"><net_src comp="2807" pin="1"/><net_sink comp="1474" pin=0"/></net>

<net id="2815"><net_src comp="1370" pin="2"/><net_sink comp="2812" pin=0"/></net>

<net id="2816"><net_src comp="2812" pin="1"/><net_sink comp="1479" pin=0"/></net>

<net id="2820"><net_src comp="1376" pin="2"/><net_sink comp="2817" pin=0"/></net>

<net id="2821"><net_src comp="2817" pin="1"/><net_sink comp="1484" pin=0"/></net>

<net id="2828"><net_src comp="1391" pin="2"/><net_sink comp="2825" pin=0"/></net>

<net id="2829"><net_src comp="2825" pin="1"/><net_sink comp="2534" pin=0"/></net>

<net id="2836"><net_src comp="1404" pin="2"/><net_sink comp="2833" pin=0"/></net>

<net id="2837"><net_src comp="2833" pin="1"/><net_sink comp="1528" pin=0"/></net>

<net id="2841"><net_src comp="1409" pin="2"/><net_sink comp="2838" pin=0"/></net>

<net id="2842"><net_src comp="2838" pin="1"/><net_sink comp="1697" pin=0"/></net>

<net id="2846"><net_src comp="1414" pin="2"/><net_sink comp="2843" pin=0"/></net>

<net id="2847"><net_src comp="2843" pin="1"/><net_sink comp="1707" pin=0"/></net>

<net id="2851"><net_src comp="1419" pin="2"/><net_sink comp="2848" pin=0"/></net>

<net id="2852"><net_src comp="2848" pin="1"/><net_sink comp="1722" pin=0"/></net>

<net id="2856"><net_src comp="1424" pin="2"/><net_sink comp="2853" pin=0"/></net>

<net id="2857"><net_src comp="2853" pin="1"/><net_sink comp="1744" pin=0"/></net>

<net id="2861"><net_src comp="1429" pin="2"/><net_sink comp="2858" pin=0"/></net>

<net id="2862"><net_src comp="2858" pin="1"/><net_sink comp="1761" pin=0"/></net>

<net id="2866"><net_src comp="1434" pin="2"/><net_sink comp="2863" pin=0"/></net>

<net id="2867"><net_src comp="2863" pin="1"/><net_sink comp="1771" pin=0"/></net>

<net id="2871"><net_src comp="1439" pin="2"/><net_sink comp="2868" pin=0"/></net>

<net id="2872"><net_src comp="2868" pin="1"/><net_sink comp="1781" pin=0"/></net>

<net id="2876"><net_src comp="1444" pin="2"/><net_sink comp="2873" pin=0"/></net>

<net id="2877"><net_src comp="2873" pin="1"/><net_sink comp="1791" pin=0"/></net>

<net id="2881"><net_src comp="1449" pin="2"/><net_sink comp="2878" pin=0"/></net>

<net id="2882"><net_src comp="2878" pin="1"/><net_sink comp="1801" pin=0"/></net>

<net id="2886"><net_src comp="1454" pin="2"/><net_sink comp="2883" pin=0"/></net>

<net id="2887"><net_src comp="2883" pin="1"/><net_sink comp="1811" pin=0"/></net>

<net id="2891"><net_src comp="1459" pin="2"/><net_sink comp="2888" pin=0"/></net>

<net id="2892"><net_src comp="2888" pin="1"/><net_sink comp="1821" pin=0"/></net>

<net id="2896"><net_src comp="1464" pin="2"/><net_sink comp="2893" pin=0"/></net>

<net id="2897"><net_src comp="2893" pin="1"/><net_sink comp="1831" pin=0"/></net>

<net id="2901"><net_src comp="1469" pin="2"/><net_sink comp="2898" pin=0"/></net>

<net id="2902"><net_src comp="2898" pin="1"/><net_sink comp="1841" pin=0"/></net>

<net id="2906"><net_src comp="1474" pin="2"/><net_sink comp="2903" pin=0"/></net>

<net id="2907"><net_src comp="2903" pin="1"/><net_sink comp="1851" pin=0"/></net>

<net id="2911"><net_src comp="1479" pin="2"/><net_sink comp="2908" pin=0"/></net>

<net id="2912"><net_src comp="2908" pin="1"/><net_sink comp="1861" pin=0"/></net>

<net id="2916"><net_src comp="1484" pin="2"/><net_sink comp="2913" pin=0"/></net>

<net id="2917"><net_src comp="2913" pin="1"/><net_sink comp="1871" pin=0"/></net>

<net id="2921"><net_src comp="1513" pin="2"/><net_sink comp="2918" pin=0"/></net>

<net id="2925"><net_src comp="1531" pin="2"/><net_sink comp="2922" pin=0"/></net>

<net id="2926"><net_src comp="2922" pin="1"/><net_sink comp="266" pin=1"/></net>

<net id="2927"><net_src comp="2922" pin="1"/><net_sink comp="322" pin=1"/></net>

<net id="2931"><net_src comp="1538" pin="2"/><net_sink comp="2928" pin=0"/></net>

<net id="2932"><net_src comp="2928" pin="1"/><net_sink comp="1552" pin=0"/></net>

<net id="2936"><net_src comp="1555" pin="2"/><net_sink comp="2933" pin=0"/></net>

<net id="2937"><net_src comp="2933" pin="1"/><net_sink comp="273" pin=1"/></net>

<net id="2938"><net_src comp="2933" pin="1"/><net_sink comp="334" pin=1"/></net>

<net id="2942"><net_src comp="1562" pin="2"/><net_sink comp="2939" pin=0"/></net>

<net id="2943"><net_src comp="2939" pin="1"/><net_sink comp="1576" pin=0"/></net>

<net id="2947"><net_src comp="1579" pin="2"/><net_sink comp="2944" pin=0"/></net>

<net id="2948"><net_src comp="2944" pin="1"/><net_sink comp="280" pin=1"/></net>

<net id="2949"><net_src comp="2944" pin="1"/><net_sink comp="346" pin=1"/></net>

<net id="2953"><net_src comp="1586" pin="2"/><net_sink comp="2950" pin=0"/></net>

<net id="2954"><net_src comp="2950" pin="1"/><net_sink comp="1600" pin=0"/></net>

<net id="2958"><net_src comp="1603" pin="2"/><net_sink comp="2955" pin=0"/></net>

<net id="2959"><net_src comp="2955" pin="1"/><net_sink comp="287" pin=1"/></net>

<net id="2960"><net_src comp="2955" pin="1"/><net_sink comp="358" pin=1"/></net>

<net id="2964"><net_src comp="1610" pin="2"/><net_sink comp="2961" pin=0"/></net>

<net id="2965"><net_src comp="2961" pin="1"/><net_sink comp="1624" pin=0"/></net>

<net id="2969"><net_src comp="1627" pin="2"/><net_sink comp="2966" pin=0"/></net>

<net id="2970"><net_src comp="2966" pin="1"/><net_sink comp="294" pin=1"/></net>

<net id="2971"><net_src comp="2966" pin="1"/><net_sink comp="370" pin=1"/></net>

<net id="2975"><net_src comp="1634" pin="2"/><net_sink comp="2972" pin=0"/></net>

<net id="2976"><net_src comp="2972" pin="1"/><net_sink comp="1648" pin=0"/></net>

<net id="2980"><net_src comp="1651" pin="2"/><net_sink comp="2977" pin=0"/></net>

<net id="2981"><net_src comp="2977" pin="1"/><net_sink comp="301" pin=1"/></net>

<net id="2982"><net_src comp="2977" pin="1"/><net_sink comp="382" pin=1"/></net>

<net id="2986"><net_src comp="1658" pin="2"/><net_sink comp="2983" pin=0"/></net>

<net id="2987"><net_src comp="2983" pin="1"/><net_sink comp="1672" pin=0"/></net>

<net id="2991"><net_src comp="1675" pin="2"/><net_sink comp="2988" pin=0"/></net>

<net id="2992"><net_src comp="2988" pin="1"/><net_sink comp="308" pin=1"/></net>

<net id="2993"><net_src comp="2988" pin="1"/><net_sink comp="394" pin=1"/></net>

<net id="2997"><net_src comp="1682" pin="2"/><net_sink comp="2994" pin=0"/></net>

<net id="2998"><net_src comp="2994" pin="1"/><net_sink comp="1687" pin=0"/></net>

<net id="3002"><net_src comp="1690" pin="2"/><net_sink comp="2999" pin=0"/></net>

<net id="3003"><net_src comp="2999" pin="1"/><net_sink comp="315" pin=1"/></net>

<net id="3004"><net_src comp="2999" pin="1"/><net_sink comp="406" pin=1"/></net>

<net id="3008"><net_src comp="322" pin="2"/><net_sink comp="3005" pin=0"/></net>

<net id="3009"><net_src comp="3005" pin="1"/><net_sink comp="1717" pin=0"/></net>

<net id="3013"><net_src comp="1700" pin="2"/><net_sink comp="3010" pin=0"/></net>

<net id="3014"><net_src comp="3010" pin="1"/><net_sink comp="327" pin=1"/></net>

<net id="3015"><net_src comp="3010" pin="1"/><net_sink comp="418" pin=1"/></net>

<net id="3019"><net_src comp="334" pin="2"/><net_sink comp="3016" pin=0"/></net>

<net id="3020"><net_src comp="3016" pin="1"/><net_sink comp="1999" pin=0"/></net>

<net id="3024"><net_src comp="1710" pin="2"/><net_sink comp="3021" pin=0"/></net>

<net id="3025"><net_src comp="3021" pin="1"/><net_sink comp="339" pin=1"/></net>

<net id="3026"><net_src comp="3021" pin="1"/><net_sink comp="430" pin=1"/></net>

<net id="3030"><net_src comp="346" pin="2"/><net_sink comp="3027" pin=0"/></net>

<net id="3031"><net_src comp="3027" pin="1"/><net_sink comp="2004" pin=0"/></net>

<net id="3035"><net_src comp="1725" pin="2"/><net_sink comp="3032" pin=0"/></net>

<net id="3036"><net_src comp="3032" pin="1"/><net_sink comp="351" pin=1"/></net>

<net id="3037"><net_src comp="3032" pin="1"/><net_sink comp="442" pin=1"/></net>

<net id="3041"><net_src comp="1717" pin="2"/><net_sink comp="3038" pin=0"/></net>

<net id="3042"><net_src comp="3038" pin="1"/><net_sink comp="1732" pin=0"/></net>

<net id="3043"><net_src comp="3038" pin="1"/><net_sink comp="1738" pin=0"/></net>

<net id="3044"><net_src comp="3038" pin="1"/><net_sink comp="1754" pin=2"/></net>

<net id="3048"><net_src comp="358" pin="2"/><net_sink comp="3045" pin=0"/></net>

<net id="3049"><net_src comp="3045" pin="1"/><net_sink comp="2009" pin=0"/></net>

<net id="3053"><net_src comp="1747" pin="2"/><net_sink comp="3050" pin=0"/></net>

<net id="3054"><net_src comp="3050" pin="1"/><net_sink comp="363" pin=1"/></net>

<net id="3055"><net_src comp="3050" pin="1"/><net_sink comp="454" pin=1"/></net>

<net id="3059"><net_src comp="1754" pin="3"/><net_sink comp="3056" pin=0"/></net>

<net id="3060"><net_src comp="3056" pin="1"/><net_sink comp="844" pin=1"/></net>

<net id="3064"><net_src comp="370" pin="2"/><net_sink comp="3061" pin=0"/></net>

<net id="3065"><net_src comp="3061" pin="1"/><net_sink comp="2014" pin=0"/></net>

<net id="3069"><net_src comp="1764" pin="2"/><net_sink comp="3066" pin=0"/></net>

<net id="3070"><net_src comp="3066" pin="1"/><net_sink comp="375" pin=1"/></net>

<net id="3071"><net_src comp="3066" pin="1"/><net_sink comp="466" pin=1"/></net>

<net id="3075"><net_src comp="382" pin="2"/><net_sink comp="3072" pin=0"/></net>

<net id="3076"><net_src comp="3072" pin="1"/><net_sink comp="2019" pin=0"/></net>

<net id="3080"><net_src comp="1774" pin="2"/><net_sink comp="3077" pin=0"/></net>

<net id="3081"><net_src comp="3077" pin="1"/><net_sink comp="387" pin=1"/></net>

<net id="3082"><net_src comp="3077" pin="1"/><net_sink comp="478" pin=1"/></net>

<net id="3086"><net_src comp="844" pin="2"/><net_sink comp="3083" pin=0"/></net>

<net id="3087"><net_src comp="3083" pin="1"/><net_sink comp="959" pin=3"/></net>

<net id="3091"><net_src comp="394" pin="2"/><net_sink comp="3088" pin=0"/></net>

<net id="3092"><net_src comp="3088" pin="1"/><net_sink comp="2024" pin=0"/></net>

<net id="3096"><net_src comp="1784" pin="2"/><net_sink comp="3093" pin=0"/></net>

<net id="3097"><net_src comp="3093" pin="1"/><net_sink comp="399" pin=1"/></net>

<net id="3098"><net_src comp="3093" pin="1"/><net_sink comp="490" pin=1"/></net>

<net id="3102"><net_src comp="406" pin="2"/><net_sink comp="3099" pin=0"/></net>

<net id="3103"><net_src comp="3099" pin="1"/><net_sink comp="2029" pin=0"/></net>

<net id="3107"><net_src comp="1794" pin="2"/><net_sink comp="3104" pin=0"/></net>

<net id="3108"><net_src comp="3104" pin="1"/><net_sink comp="411" pin=1"/></net>

<net id="3109"><net_src comp="3104" pin="1"/><net_sink comp="502" pin=1"/></net>

<net id="3113"><net_src comp="418" pin="2"/><net_sink comp="3110" pin=0"/></net>

<net id="3114"><net_src comp="3110" pin="1"/><net_sink comp="2034" pin=0"/></net>

<net id="3118"><net_src comp="1804" pin="2"/><net_sink comp="3115" pin=0"/></net>

<net id="3119"><net_src comp="3115" pin="1"/><net_sink comp="423" pin=1"/></net>

<net id="3120"><net_src comp="3115" pin="1"/><net_sink comp="514" pin=1"/></net>

<net id="3124"><net_src comp="430" pin="2"/><net_sink comp="3121" pin=0"/></net>

<net id="3125"><net_src comp="3121" pin="1"/><net_sink comp="2039" pin=0"/></net>

<net id="3129"><net_src comp="1814" pin="2"/><net_sink comp="3126" pin=0"/></net>

<net id="3130"><net_src comp="3126" pin="1"/><net_sink comp="435" pin=1"/></net>

<net id="3131"><net_src comp="3126" pin="1"/><net_sink comp="519" pin=1"/></net>

<net id="3135"><net_src comp="442" pin="2"/><net_sink comp="3132" pin=0"/></net>

<net id="3136"><net_src comp="3132" pin="1"/><net_sink comp="2044" pin=0"/></net>

<net id="3140"><net_src comp="1824" pin="2"/><net_sink comp="3137" pin=0"/></net>

<net id="3141"><net_src comp="3137" pin="1"/><net_sink comp="447" pin=1"/></net>

<net id="3142"><net_src comp="3137" pin="1"/><net_sink comp="524" pin=1"/></net>

<net id="3146"><net_src comp="454" pin="2"/><net_sink comp="3143" pin=0"/></net>

<net id="3147"><net_src comp="3143" pin="1"/><net_sink comp="2049" pin=0"/></net>

<net id="3151"><net_src comp="1834" pin="2"/><net_sink comp="3148" pin=0"/></net>

<net id="3152"><net_src comp="3148" pin="1"/><net_sink comp="459" pin=1"/></net>

<net id="3153"><net_src comp="3148" pin="1"/><net_sink comp="529" pin=1"/></net>

<net id="3157"><net_src comp="466" pin="2"/><net_sink comp="3154" pin=0"/></net>

<net id="3158"><net_src comp="3154" pin="1"/><net_sink comp="2054" pin=0"/></net>

<net id="3162"><net_src comp="1844" pin="2"/><net_sink comp="3159" pin=0"/></net>

<net id="3163"><net_src comp="3159" pin="1"/><net_sink comp="471" pin=1"/></net>

<net id="3164"><net_src comp="3159" pin="1"/><net_sink comp="534" pin=1"/></net>

<net id="3168"><net_src comp="478" pin="2"/><net_sink comp="3165" pin=0"/></net>

<net id="3169"><net_src comp="3165" pin="1"/><net_sink comp="2059" pin=0"/></net>

<net id="3173"><net_src comp="1854" pin="2"/><net_sink comp="3170" pin=0"/></net>

<net id="3174"><net_src comp="3170" pin="1"/><net_sink comp="483" pin=1"/></net>

<net id="3175"><net_src comp="3170" pin="1"/><net_sink comp="539" pin=1"/></net>

<net id="3179"><net_src comp="490" pin="2"/><net_sink comp="3176" pin=0"/></net>

<net id="3180"><net_src comp="3176" pin="1"/><net_sink comp="2064" pin=0"/></net>

<net id="3184"><net_src comp="1864" pin="2"/><net_sink comp="3181" pin=0"/></net>

<net id="3185"><net_src comp="3181" pin="1"/><net_sink comp="495" pin=1"/></net>

<net id="3186"><net_src comp="3181" pin="1"/><net_sink comp="544" pin=1"/></net>

<net id="3190"><net_src comp="502" pin="2"/><net_sink comp="3187" pin=0"/></net>

<net id="3191"><net_src comp="3187" pin="1"/><net_sink comp="1881" pin=0"/></net>

<net id="3195"><net_src comp="1874" pin="2"/><net_sink comp="3192" pin=0"/></net>

<net id="3196"><net_src comp="3192" pin="1"/><net_sink comp="507" pin=1"/></net>

<net id="3197"><net_src comp="3192" pin="1"/><net_sink comp="549" pin=1"/></net>

<net id="3201"><net_src comp="514" pin="2"/><net_sink comp="3198" pin=0"/></net>

<net id="3202"><net_src comp="3198" pin="1"/><net_sink comp="1898" pin=0"/></net>

<net id="3206"><net_src comp="519" pin="2"/><net_sink comp="3203" pin=0"/></net>

<net id="3207"><net_src comp="3203" pin="1"/><net_sink comp="2069" pin=0"/></net>

<net id="3211"><net_src comp="1881" pin="2"/><net_sink comp="3208" pin=0"/></net>

<net id="3212"><net_src comp="3208" pin="1"/><net_sink comp="1886" pin=0"/></net>

<net id="3213"><net_src comp="3208" pin="1"/><net_sink comp="1892" pin=0"/></net>

<net id="3214"><net_src comp="3208" pin="1"/><net_sink comp="1903" pin=2"/></net>

<net id="3218"><net_src comp="524" pin="2"/><net_sink comp="3215" pin=0"/></net>

<net id="3219"><net_src comp="3215" pin="1"/><net_sink comp="2074" pin=0"/></net>

<net id="3223"><net_src comp="1903" pin="3"/><net_sink comp="3220" pin=0"/></net>

<net id="3224"><net_src comp="3220" pin="1"/><net_sink comp="914" pin=1"/></net>

<net id="3225"><net_src comp="3220" pin="1"/><net_sink comp="637" pin=2"/></net>

<net id="3229"><net_src comp="1898" pin="2"/><net_sink comp="3226" pin=0"/></net>

<net id="3230"><net_src comp="3226" pin="1"/><net_sink comp="1910" pin=0"/></net>

<net id="3231"><net_src comp="3226" pin="1"/><net_sink comp="1916" pin=0"/></net>

<net id="3232"><net_src comp="3226" pin="1"/><net_sink comp="1922" pin=2"/></net>

<net id="3236"><net_src comp="529" pin="2"/><net_sink comp="3233" pin=0"/></net>

<net id="3237"><net_src comp="3233" pin="1"/><net_sink comp="1929" pin=0"/></net>

<net id="3241"><net_src comp="1922" pin="3"/><net_sink comp="3238" pin=0"/></net>

<net id="3242"><net_src comp="3238" pin="1"/><net_sink comp="919" pin=1"/></net>

<net id="3243"><net_src comp="3238" pin="1"/><net_sink comp="627" pin=2"/></net>

<net id="3247"><net_src comp="534" pin="2"/><net_sink comp="3244" pin=0"/></net>

<net id="3248"><net_src comp="3244" pin="1"/><net_sink comp="1946" pin=0"/></net>

<net id="3252"><net_src comp="539" pin="2"/><net_sink comp="3249" pin=0"/></net>

<net id="3253"><net_src comp="3249" pin="1"/><net_sink comp="1970" pin=0"/></net>

<net id="3257"><net_src comp="1929" pin="2"/><net_sink comp="3254" pin=0"/></net>

<net id="3258"><net_src comp="3254" pin="1"/><net_sink comp="1934" pin=0"/></net>

<net id="3259"><net_src comp="3254" pin="1"/><net_sink comp="1940" pin=0"/></net>

<net id="3260"><net_src comp="3254" pin="1"/><net_sink comp="1951" pin=2"/></net>

<net id="3264"><net_src comp="544" pin="2"/><net_sink comp="3261" pin=0"/></net>

<net id="3265"><net_src comp="3261" pin="1"/><net_sink comp="1994" pin=0"/></net>

<net id="3269"><net_src comp="1951" pin="3"/><net_sink comp="3266" pin=0"/></net>

<net id="3270"><net_src comp="3266" pin="1"/><net_sink comp="934" pin=1"/></net>

<net id="3271"><net_src comp="3266" pin="1"/><net_sink comp="597" pin=2"/></net>

<net id="3275"><net_src comp="1946" pin="2"/><net_sink comp="3272" pin=0"/></net>

<net id="3276"><net_src comp="3272" pin="1"/><net_sink comp="1958" pin=0"/></net>

<net id="3277"><net_src comp="3272" pin="1"/><net_sink comp="1964" pin=0"/></net>

<net id="3278"><net_src comp="3272" pin="1"/><net_sink comp="1975" pin=2"/></net>

<net id="3282"><net_src comp="549" pin="2"/><net_sink comp="3279" pin=0"/></net>

<net id="3283"><net_src comp="3279" pin="1"/><net_sink comp="2098" pin=0"/></net>

<net id="3287"><net_src comp="1975" pin="3"/><net_sink comp="3284" pin=0"/></net>

<net id="3288"><net_src comp="3284" pin="1"/><net_sink comp="939" pin=1"/></net>

<net id="3289"><net_src comp="3284" pin="1"/><net_sink comp="587" pin=2"/></net>

<net id="3293"><net_src comp="1970" pin="2"/><net_sink comp="3290" pin=0"/></net>

<net id="3294"><net_src comp="3290" pin="1"/><net_sink comp="1982" pin=0"/></net>

<net id="3295"><net_src comp="3290" pin="1"/><net_sink comp="1988" pin=0"/></net>

<net id="3296"><net_src comp="3290" pin="1"/><net_sink comp="2079" pin=2"/></net>

<net id="3300"><net_src comp="2079" pin="3"/><net_sink comp="3297" pin=0"/></net>

<net id="3301"><net_src comp="3297" pin="1"/><net_sink comp="944" pin=1"/></net>

<net id="3302"><net_src comp="3297" pin="1"/><net_sink comp="577" pin=2"/></net>

<net id="3306"><net_src comp="1994" pin="2"/><net_sink comp="3303" pin=0"/></net>

<net id="3307"><net_src comp="3303" pin="1"/><net_sink comp="2086" pin=0"/></net>

<net id="3308"><net_src comp="3303" pin="1"/><net_sink comp="2092" pin=0"/></net>

<net id="3309"><net_src comp="3303" pin="1"/><net_sink comp="2295" pin=2"/></net>

<net id="3313"><net_src comp="1999" pin="2"/><net_sink comp="3310" pin=0"/></net>

<net id="3314"><net_src comp="3310" pin="1"/><net_sink comp="2103" pin=0"/></net>

<net id="3315"><net_src comp="3310" pin="1"/><net_sink comp="2109" pin=0"/></net>

<net id="3316"><net_src comp="3310" pin="1"/><net_sink comp="2314" pin=2"/></net>

<net id="3320"><net_src comp="2004" pin="2"/><net_sink comp="3317" pin=0"/></net>

<net id="3321"><net_src comp="3317" pin="1"/><net_sink comp="2115" pin=0"/></net>

<net id="3322"><net_src comp="3317" pin="1"/><net_sink comp="2121" pin=0"/></net>

<net id="3323"><net_src comp="3317" pin="1"/><net_sink comp="2321" pin=2"/></net>

<net id="3327"><net_src comp="2009" pin="2"/><net_sink comp="3324" pin=0"/></net>

<net id="3328"><net_src comp="3324" pin="1"/><net_sink comp="2127" pin=0"/></net>

<net id="3329"><net_src comp="3324" pin="1"/><net_sink comp="2133" pin=0"/></net>

<net id="3330"><net_src comp="3324" pin="1"/><net_sink comp="2328" pin=2"/></net>

<net id="3334"><net_src comp="2014" pin="2"/><net_sink comp="3331" pin=0"/></net>

<net id="3335"><net_src comp="3331" pin="1"/><net_sink comp="2139" pin=0"/></net>

<net id="3336"><net_src comp="3331" pin="1"/><net_sink comp="2145" pin=0"/></net>

<net id="3337"><net_src comp="3331" pin="1"/><net_sink comp="2335" pin=2"/></net>

<net id="3341"><net_src comp="2019" pin="2"/><net_sink comp="3338" pin=0"/></net>

<net id="3342"><net_src comp="3338" pin="1"/><net_sink comp="2151" pin=0"/></net>

<net id="3343"><net_src comp="3338" pin="1"/><net_sink comp="2157" pin=0"/></net>

<net id="3344"><net_src comp="3338" pin="1"/><net_sink comp="2342" pin=2"/></net>

<net id="3348"><net_src comp="2024" pin="2"/><net_sink comp="3345" pin=0"/></net>

<net id="3349"><net_src comp="3345" pin="1"/><net_sink comp="2163" pin=0"/></net>

<net id="3350"><net_src comp="3345" pin="1"/><net_sink comp="2169" pin=0"/></net>

<net id="3351"><net_src comp="3345" pin="1"/><net_sink comp="2349" pin=2"/></net>

<net id="3355"><net_src comp="2029" pin="2"/><net_sink comp="3352" pin=0"/></net>

<net id="3356"><net_src comp="3352" pin="1"/><net_sink comp="2175" pin=0"/></net>

<net id="3357"><net_src comp="3352" pin="1"/><net_sink comp="2181" pin=0"/></net>

<net id="3358"><net_src comp="3352" pin="1"/><net_sink comp="2356" pin=2"/></net>

<net id="3362"><net_src comp="2034" pin="2"/><net_sink comp="3359" pin=0"/></net>

<net id="3363"><net_src comp="3359" pin="1"/><net_sink comp="2187" pin=0"/></net>

<net id="3364"><net_src comp="3359" pin="1"/><net_sink comp="2193" pin=0"/></net>

<net id="3365"><net_src comp="3359" pin="1"/><net_sink comp="2363" pin=2"/></net>

<net id="3369"><net_src comp="2039" pin="2"/><net_sink comp="3366" pin=0"/></net>

<net id="3370"><net_src comp="3366" pin="1"/><net_sink comp="2199" pin=0"/></net>

<net id="3371"><net_src comp="3366" pin="1"/><net_sink comp="2205" pin=0"/></net>

<net id="3372"><net_src comp="3366" pin="1"/><net_sink comp="2370" pin=2"/></net>

<net id="3376"><net_src comp="2044" pin="2"/><net_sink comp="3373" pin=0"/></net>

<net id="3377"><net_src comp="3373" pin="1"/><net_sink comp="2211" pin=0"/></net>

<net id="3378"><net_src comp="3373" pin="1"/><net_sink comp="2217" pin=0"/></net>

<net id="3379"><net_src comp="3373" pin="1"/><net_sink comp="2377" pin=2"/></net>

<net id="3383"><net_src comp="2049" pin="2"/><net_sink comp="3380" pin=0"/></net>

<net id="3384"><net_src comp="3380" pin="1"/><net_sink comp="2223" pin=0"/></net>

<net id="3385"><net_src comp="3380" pin="1"/><net_sink comp="2229" pin=0"/></net>

<net id="3386"><net_src comp="3380" pin="1"/><net_sink comp="2384" pin=2"/></net>

<net id="3390"><net_src comp="2054" pin="2"/><net_sink comp="3387" pin=0"/></net>

<net id="3391"><net_src comp="3387" pin="1"/><net_sink comp="2235" pin=0"/></net>

<net id="3392"><net_src comp="3387" pin="1"/><net_sink comp="2241" pin=0"/></net>

<net id="3393"><net_src comp="3387" pin="1"/><net_sink comp="2391" pin=2"/></net>

<net id="3397"><net_src comp="2059" pin="2"/><net_sink comp="3394" pin=0"/></net>

<net id="3398"><net_src comp="3394" pin="1"/><net_sink comp="2247" pin=0"/></net>

<net id="3399"><net_src comp="3394" pin="1"/><net_sink comp="2253" pin=0"/></net>

<net id="3400"><net_src comp="3394" pin="1"/><net_sink comp="2398" pin=2"/></net>

<net id="3404"><net_src comp="2064" pin="2"/><net_sink comp="3401" pin=0"/></net>

<net id="3405"><net_src comp="3401" pin="1"/><net_sink comp="2259" pin=0"/></net>

<net id="3406"><net_src comp="3401" pin="1"/><net_sink comp="2265" pin=0"/></net>

<net id="3407"><net_src comp="3401" pin="1"/><net_sink comp="2405" pin=2"/></net>

<net id="3411"><net_src comp="2069" pin="2"/><net_sink comp="3408" pin=0"/></net>

<net id="3412"><net_src comp="3408" pin="1"/><net_sink comp="2271" pin=0"/></net>

<net id="3413"><net_src comp="3408" pin="1"/><net_sink comp="2277" pin=0"/></net>

<net id="3414"><net_src comp="3408" pin="1"/><net_sink comp="2412" pin=2"/></net>

<net id="3418"><net_src comp="2074" pin="2"/><net_sink comp="3415" pin=0"/></net>

<net id="3419"><net_src comp="3415" pin="1"/><net_sink comp="2283" pin=0"/></net>

<net id="3420"><net_src comp="3415" pin="1"/><net_sink comp="2289" pin=0"/></net>

<net id="3421"><net_src comp="3415" pin="1"/><net_sink comp="2419" pin=2"/></net>

<net id="3425"><net_src comp="2295" pin="3"/><net_sink comp="3422" pin=0"/></net>

<net id="3426"><net_src comp="3422" pin="1"/><net_sink comp="949" pin=1"/></net>

<net id="3427"><net_src comp="3422" pin="1"/><net_sink comp="567" pin=2"/></net>

<net id="3431"><net_src comp="2098" pin="2"/><net_sink comp="3428" pin=0"/></net>

<net id="3432"><net_src comp="3428" pin="1"/><net_sink comp="2302" pin=0"/></net>

<net id="3433"><net_src comp="3428" pin="1"/><net_sink comp="2308" pin=0"/></net>

<net id="3434"><net_src comp="3428" pin="1"/><net_sink comp="2431" pin=2"/></net>

<net id="3438"><net_src comp="2314" pin="3"/><net_sink comp="3435" pin=0"/></net>

<net id="3439"><net_src comp="3435" pin="1"/><net_sink comp="844" pin=1"/></net>

<net id="3440"><net_src comp="3435" pin="1"/><net_sink comp="777" pin=2"/></net>

<net id="3444"><net_src comp="2321" pin="3"/><net_sink comp="3441" pin=0"/></net>

<net id="3445"><net_src comp="3441" pin="1"/><net_sink comp="849" pin=1"/></net>

<net id="3446"><net_src comp="3441" pin="1"/><net_sink comp="767" pin=2"/></net>

<net id="3450"><net_src comp="2328" pin="3"/><net_sink comp="3447" pin=0"/></net>

<net id="3451"><net_src comp="3447" pin="1"/><net_sink comp="854" pin=1"/></net>

<net id="3452"><net_src comp="3447" pin="1"/><net_sink comp="757" pin=2"/></net>

<net id="3456"><net_src comp="2335" pin="3"/><net_sink comp="3453" pin=0"/></net>

<net id="3457"><net_src comp="3453" pin="1"/><net_sink comp="859" pin=1"/></net>

<net id="3458"><net_src comp="3453" pin="1"/><net_sink comp="747" pin=2"/></net>

<net id="3462"><net_src comp="2342" pin="3"/><net_sink comp="3459" pin=0"/></net>

<net id="3463"><net_src comp="3459" pin="1"/><net_sink comp="864" pin=1"/></net>

<net id="3464"><net_src comp="3459" pin="1"/><net_sink comp="737" pin=2"/></net>

<net id="3468"><net_src comp="2349" pin="3"/><net_sink comp="3465" pin=0"/></net>

<net id="3469"><net_src comp="3465" pin="1"/><net_sink comp="869" pin=1"/></net>

<net id="3470"><net_src comp="3465" pin="1"/><net_sink comp="727" pin=2"/></net>

<net id="3474"><net_src comp="2356" pin="3"/><net_sink comp="3471" pin=0"/></net>

<net id="3475"><net_src comp="3471" pin="1"/><net_sink comp="874" pin=1"/></net>

<net id="3476"><net_src comp="3471" pin="1"/><net_sink comp="717" pin=2"/></net>

<net id="3480"><net_src comp="2363" pin="3"/><net_sink comp="3477" pin=0"/></net>

<net id="3481"><net_src comp="3477" pin="1"/><net_sink comp="879" pin=1"/></net>

<net id="3482"><net_src comp="3477" pin="1"/><net_sink comp="707" pin=2"/></net>

<net id="3486"><net_src comp="2370" pin="3"/><net_sink comp="3483" pin=0"/></net>

<net id="3487"><net_src comp="3483" pin="1"/><net_sink comp="884" pin=1"/></net>

<net id="3488"><net_src comp="3483" pin="1"/><net_sink comp="697" pin=2"/></net>

<net id="3492"><net_src comp="2377" pin="3"/><net_sink comp="3489" pin=0"/></net>

<net id="3493"><net_src comp="3489" pin="1"/><net_sink comp="889" pin=1"/></net>

<net id="3494"><net_src comp="3489" pin="1"/><net_sink comp="687" pin=2"/></net>

<net id="3498"><net_src comp="2384" pin="3"/><net_sink comp="3495" pin=0"/></net>

<net id="3499"><net_src comp="3495" pin="1"/><net_sink comp="894" pin=1"/></net>

<net id="3500"><net_src comp="3495" pin="1"/><net_sink comp="677" pin=2"/></net>

<net id="3504"><net_src comp="2391" pin="3"/><net_sink comp="3501" pin=0"/></net>

<net id="3505"><net_src comp="3501" pin="1"/><net_sink comp="899" pin=1"/></net>

<net id="3506"><net_src comp="3501" pin="1"/><net_sink comp="667" pin=2"/></net>

<net id="3510"><net_src comp="2398" pin="3"/><net_sink comp="3507" pin=0"/></net>

<net id="3511"><net_src comp="3507" pin="1"/><net_sink comp="904" pin=1"/></net>

<net id="3512"><net_src comp="3507" pin="1"/><net_sink comp="657" pin=2"/></net>

<net id="3516"><net_src comp="2405" pin="3"/><net_sink comp="3513" pin=0"/></net>

<net id="3517"><net_src comp="3513" pin="1"/><net_sink comp="909" pin=1"/></net>

<net id="3518"><net_src comp="3513" pin="1"/><net_sink comp="647" pin=2"/></net>

<net id="3522"><net_src comp="2412" pin="3"/><net_sink comp="3519" pin=0"/></net>

<net id="3523"><net_src comp="3519" pin="1"/><net_sink comp="924" pin=1"/></net>

<net id="3524"><net_src comp="3519" pin="1"/><net_sink comp="617" pin=2"/></net>

<net id="3528"><net_src comp="2419" pin="3"/><net_sink comp="3525" pin=0"/></net>

<net id="3529"><net_src comp="3525" pin="1"/><net_sink comp="929" pin=1"/></net>

<net id="3530"><net_src comp="3525" pin="1"/><net_sink comp="607" pin=2"/></net>

<net id="3534"><net_src comp="2426" pin="2"/><net_sink comp="3531" pin=0"/></net>

<net id="3535"><net_src comp="3531" pin="1"/><net_sink comp="2530" pin=0"/></net>

<net id="3539"><net_src comp="2431" pin="3"/><net_sink comp="3536" pin=0"/></net>

<net id="3540"><net_src comp="3536" pin="1"/><net_sink comp="954" pin=1"/></net>

<net id="3541"><net_src comp="3536" pin="1"/><net_sink comp="557" pin=2"/></net>

<net id="3545"><net_src comp="2438" pin="1"/><net_sink comp="3542" pin=0"/></net>

<net id="3546"><net_src comp="3542" pin="1"/><net_sink comp="777" pin=0"/></net>

<net id="3550"><net_src comp="2442" pin="1"/><net_sink comp="3547" pin=0"/></net>

<net id="3551"><net_src comp="3547" pin="1"/><net_sink comp="767" pin=0"/></net>

<net id="3555"><net_src comp="2446" pin="1"/><net_sink comp="3552" pin=0"/></net>

<net id="3556"><net_src comp="3552" pin="1"/><net_sink comp="757" pin=0"/></net>

<net id="3560"><net_src comp="2450" pin="1"/><net_sink comp="3557" pin=0"/></net>

<net id="3561"><net_src comp="3557" pin="1"/><net_sink comp="747" pin=0"/></net>

<net id="3565"><net_src comp="2454" pin="1"/><net_sink comp="3562" pin=0"/></net>

<net id="3566"><net_src comp="3562" pin="1"/><net_sink comp="737" pin=0"/></net>

<net id="3570"><net_src comp="2458" pin="1"/><net_sink comp="3567" pin=0"/></net>

<net id="3571"><net_src comp="3567" pin="1"/><net_sink comp="727" pin=0"/></net>

<net id="3575"><net_src comp="2462" pin="1"/><net_sink comp="3572" pin=0"/></net>

<net id="3576"><net_src comp="3572" pin="1"/><net_sink comp="717" pin=0"/></net>

<net id="3580"><net_src comp="2466" pin="1"/><net_sink comp="3577" pin=0"/></net>

<net id="3581"><net_src comp="3577" pin="1"/><net_sink comp="707" pin=0"/></net>

<net id="3585"><net_src comp="2470" pin="1"/><net_sink comp="3582" pin=0"/></net>

<net id="3586"><net_src comp="3582" pin="1"/><net_sink comp="697" pin=0"/></net>

<net id="3590"><net_src comp="2474" pin="1"/><net_sink comp="3587" pin=0"/></net>

<net id="3591"><net_src comp="3587" pin="1"/><net_sink comp="687" pin=0"/></net>

<net id="3595"><net_src comp="2478" pin="1"/><net_sink comp="3592" pin=0"/></net>

<net id="3596"><net_src comp="3592" pin="1"/><net_sink comp="677" pin=0"/></net>

<net id="3600"><net_src comp="2482" pin="1"/><net_sink comp="3597" pin=0"/></net>

<net id="3601"><net_src comp="3597" pin="1"/><net_sink comp="667" pin=0"/></net>

<net id="3605"><net_src comp="2486" pin="1"/><net_sink comp="3602" pin=0"/></net>

<net id="3606"><net_src comp="3602" pin="1"/><net_sink comp="657" pin=0"/></net>

<net id="3610"><net_src comp="2490" pin="1"/><net_sink comp="3607" pin=0"/></net>

<net id="3611"><net_src comp="3607" pin="1"/><net_sink comp="647" pin=0"/></net>

<net id="3615"><net_src comp="2494" pin="1"/><net_sink comp="3612" pin=0"/></net>

<net id="3616"><net_src comp="3612" pin="1"/><net_sink comp="637" pin=0"/></net>

<net id="3620"><net_src comp="2498" pin="1"/><net_sink comp="3617" pin=0"/></net>

<net id="3621"><net_src comp="3617" pin="1"/><net_sink comp="627" pin=0"/></net>

<net id="3625"><net_src comp="2502" pin="1"/><net_sink comp="3622" pin=0"/></net>

<net id="3626"><net_src comp="3622" pin="1"/><net_sink comp="617" pin=0"/></net>

<net id="3630"><net_src comp="2506" pin="1"/><net_sink comp="3627" pin=0"/></net>

<net id="3631"><net_src comp="3627" pin="1"/><net_sink comp="607" pin=0"/></net>

<net id="3635"><net_src comp="2510" pin="1"/><net_sink comp="3632" pin=0"/></net>

<net id="3636"><net_src comp="3632" pin="1"/><net_sink comp="597" pin=0"/></net>

<net id="3640"><net_src comp="2514" pin="1"/><net_sink comp="3637" pin=0"/></net>

<net id="3641"><net_src comp="3637" pin="1"/><net_sink comp="587" pin=0"/></net>

<net id="3645"><net_src comp="2518" pin="1"/><net_sink comp="3642" pin=0"/></net>

<net id="3646"><net_src comp="3642" pin="1"/><net_sink comp="577" pin=0"/></net>

<net id="3650"><net_src comp="2522" pin="1"/><net_sink comp="3647" pin=0"/></net>

<net id="3651"><net_src comp="3647" pin="1"/><net_sink comp="567" pin=0"/></net>

<net id="3655"><net_src comp="2526" pin="1"/><net_sink comp="3652" pin=0"/></net>

<net id="3656"><net_src comp="3652" pin="1"/><net_sink comp="557" pin=0"/></net>

</net_list>

</model> 
---------------- Datapath Model END ------------------

* FSMD analyzer results:
  - Output states:
	Port: out_stream | {5 45 }
 - Input state : 
	Port: poseidon_top : gmem | {6 7 8 9 10 11 12 13 14 15 16 17 18 19 20 21 22 23 24 25 26 27 28 29 30 31 32 33 34 35 36 37 43 44 }
	Port: poseidon_top : in_stream | {2 3 }
	Port: poseidon_top : round_constants | {1 }
	Port: poseidon_top : mds_matrix | {1 }
  - Chain level:
	State 1
		store_ln49 : 1
		store_ln50 : 1
	State 2
	State 3
	State 4
		add_ln55_8 : 1
		add_ln55_10 : 1
		add_ln55_12 : 1
		add_ln55_14 : 1
		add_ln55_16 : 1
		add_ln55_18 : 1
		add_ln55_20 : 1
		add_ln55_22 : 1
		add_ln55_24 : 1
		add_ln55_26 : 1
		add_ln55_28 : 1
		add_ln55_30 : 1
		add_ln55_32 : 1
		add_ln55_34 : 1
		add_ln55_36 : 1
		add_ln55_38 : 1
	State 5
		icmp_ln50 : 1
		r_2 : 1
		br_ln50 : 2
		zext_ln50 : 1
		add_ln55 : 2
		add_ln55_9 : 2
		add_ln55_11 : 2
		add_ln55_13 : 2
		add_ln55_15 : 2
		add_ln55_17 : 2
		add_ln55_19 : 2
		add_ln55_21 : 2
		add_ln55_23 : 2
		add_ln55_25 : 2
		add_ln55_27 : 2
		add_ln55_29 : 2
		add_ln55_31 : 2
		add_ln55_33 : 2
		add_ln55_35 : 2
		add_ln55_37 : 2
		add_ln55_39 : 2
		tmp : 1
		icmp : 2
		tmp_1 : 1
		or_ln62 : 3
		call_ln0 : 1
	State 6
		gmem_addr : 1
		gmem_load_req : 2
		add_ln55_1 : 1
	State 7
		gmem_addr_1 : 1
		gmem_load_1_req : 2
		add_ln55_2 : 1
	State 8
		gmem_addr_2 : 1
		gmem_load_2_req : 2
		add_ln55_3 : 1
	State 9
		gmem_addr_3 : 1
		gmem_load_3_req : 2
		add_ln55_4 : 1
	State 10
		gmem_addr_4 : 1
		gmem_load_4_req : 2
		add_ln55_5 : 1
	State 11
		gmem_addr_5 : 1
		gmem_load_5_req : 2
		add_ln55_6 : 1
	State 12
		gmem_addr_6 : 1
		gmem_load_6_req : 2
		add_ln55_7 : 1
	State 13
		gmem_addr_7 : 1
		gmem_load_7_req : 2
	State 14
		gmem_addr_8 : 1
		gmem_load_8_req : 2
	State 15
		gmem_addr_9 : 1
		gmem_load_9_req : 2
		add_ln6 : 1
	State 16
		gmem_addr_10 : 1
		gmem_load_10_req : 2
		icmp_ln7 : 1
		add_ln7 : 1
	State 17
		gmem_addr_11 : 1
		gmem_load_11_req : 2
		select_ln7 : 1
	State 18
		gmem_addr_12 : 1
		gmem_load_12_req : 2
	State 19
		gmem_addr_13 : 1
		gmem_load_13_req : 2
	State 20
		gmem_addr_14 : 1
		gmem_load_14_req : 2
	State 21
		gmem_addr_15 : 1
		gmem_load_15_req : 2
	State 22
		gmem_addr_16 : 1
		gmem_load_16_req : 2
	State 23
		gmem_addr_17 : 1
		gmem_load_17_req : 2
	State 24
		gmem_addr_18 : 1
		gmem_load_18_req : 2
	State 25
		gmem_addr_19 : 1
		gmem_load_19_req : 2
	State 26
		gmem_addr_20 : 1
		gmem_load_20_req : 2
	State 27
		gmem_addr_21 : 1
		gmem_load_21_req : 2
	State 28
		gmem_addr_22 : 1
		gmem_load_22_req : 2
	State 29
		gmem_addr_23 : 1
		gmem_load_23_req : 2
	State 30
		add_ln6_37 : 1
	State 31
		icmp_ln7_38 : 1
		add_ln7_38 : 1
		add_ln6_38 : 1
	State 32
		select_ln7_15 : 1
		icmp_ln7_39 : 1
		add_ln7_39 : 1
	State 33
		select_ln7_16 : 1
	State 34
		add_ln6_41 : 1
	State 35
		icmp_ln7_42 : 1
		add_ln7_42 : 1
		add_ln6_42 : 1
	State 36
		select_ln7_19 : 1
		icmp_ln7_43 : 1
		add_ln7_43 : 1
		add_ln6_43 : 1
	State 37
		select_ln7_20 : 1
		icmp_ln7_44 : 1
		add_ln7_44 : 1
		add_ln6_44 : 1
	State 38
		add_ln6_23 : 1
		add_ln6_24 : 1
		add_ln6_25 : 1
		add_ln6_26 : 1
		add_ln6_27 : 1
		add_ln6_28 : 1
		add_ln6_29 : 1
		add_ln6_30 : 1
		add_ln6_31 : 1
		add_ln6_32 : 1
		add_ln6_33 : 1
		add_ln6_34 : 1
		add_ln6_35 : 1
		add_ln6_36 : 1
		add_ln6_39 : 1
		add_ln6_40 : 1
		select_ln7_21 : 1
		icmp_ln7_45 : 1
		add_ln7_45 : 1
		add_ln6_45 : 1
	State 39
		icmp_ln7_24 : 1
		add_ln7_24 : 1
		icmp_ln7_25 : 1
		add_ln7_25 : 1
		icmp_ln7_26 : 1
		add_ln7_26 : 1
		icmp_ln7_27 : 1
		add_ln7_27 : 1
		icmp_ln7_28 : 1
		add_ln7_28 : 1
		icmp_ln7_29 : 1
		add_ln7_29 : 1
		icmp_ln7_30 : 1
		add_ln7_30 : 1
		icmp_ln7_31 : 1
		add_ln7_31 : 1
		icmp_ln7_32 : 1
		add_ln7_32 : 1
		icmp_ln7_33 : 1
		add_ln7_33 : 1
		icmp_ln7_34 : 1
		add_ln7_34 : 1
		icmp_ln7_35 : 1
		add_ln7_35 : 1
		icmp_ln7_36 : 1
		add_ln7_36 : 1
		icmp_ln7_37 : 1
		add_ln7_37 : 1
		icmp_ln7_40 : 1
		add_ln7_40 : 1
		icmp_ln7_41 : 1
		add_ln7_41 : 1
		select_ln7_22 : 1
		icmp_ln7_46 : 1
		add_ln7_46 : 1
	State 40
		select_ln7_1 : 1
		select_ln7_2 : 1
		select_ln7_3 : 1
		select_ln7_4 : 1
		select_ln7_5 : 1
		select_ln7_6 : 1
		select_ln7_7 : 1
		select_ln7_8 : 1
		select_ln7_9 : 1
		select_ln7_10 : 1
		select_ln7_11 : 1
		select_ln7_12 : 1
		select_ln7_13 : 1
		select_ln7_14 : 1
		select_ln7_17 : 1
		select_ln7_18 : 1
		select_ln7_23 : 1
	State 41
	State 42
		zext_ln63 : 1
		zext_ln63_1 : 1
		zext_ln63_2 : 1
		zext_ln63_3 : 1
		zext_ln63_4 : 1
		zext_ln63_5 : 1
		zext_ln63_6 : 1
		zext_ln63_7 : 1
		zext_ln63_8 : 1
		zext_ln63_9 : 1
		zext_ln63_10 : 1
		zext_ln63_11 : 1
		zext_ln63_12 : 1
		zext_ln63_13 : 1
		zext_ln63_14 : 1
		zext_ln63_15 : 1
		zext_ln63_16 : 1
		zext_ln63_17 : 1
		zext_ln63_18 : 1
		zext_ln63_19 : 1
		zext_ln63_20 : 1
		zext_ln63_21 : 1
		zext_ln64 : 1
	State 43
		call_ln73 : 1
	State 44
	State 45
	State 46


============================================================
+ Verbose Summary: Datapath Resource usage 
============================================================

* Functional unit list:
|----------|--------------------------------------------------|---------|---------|---------|---------|
| Operation|                  Functional Unit                 |   DSP   |  Delay  |    FF   |   LUT   |
|----------|--------------------------------------------------|---------|---------|---------|---------|
|          | grp_poseidon_top_Pipeline_VITIS_LOOP_42_1_fu_784 |    0    |    0    |    5    |    26   |
|          | grp_poseidon_top_Pipeline_VITIS_LOOP_92_3_fu_814 |    0    |    0    |   262   |   152   |
|          |              grp_sbox_quintic_fu_844             |   915   |  9.528  |   8513  |   2229  |
|          |              grp_sbox_quintic_fu_849             |   915   |  9.528  |   8513  |   2229  |
|          |              grp_sbox_quintic_fu_854             |   915   |  9.528  |   8513  |   2229  |
|          |              grp_sbox_quintic_fu_859             |   915   |  9.528  |   8513  |   2229  |
|          |              grp_sbox_quintic_fu_864             |   915   |  9.528  |   8513  |   2229  |
|          |              grp_sbox_quintic_fu_869             |   915   |  9.528  |   8513  |   2229  |
|          |              grp_sbox_quintic_fu_874             |   915   |  9.528  |   8513  |   2229  |
|          |              grp_sbox_quintic_fu_879             |   915   |  9.528  |   8513  |   2229  |
|          |              grp_sbox_quintic_fu_884             |   915   |  9.528  |   8513  |   2229  |
|          |              grp_sbox_quintic_fu_889             |   915   |  9.528  |   8513  |   2229  |
|   call   |              grp_sbox_quintic_fu_894             |   915   |  9.528  |   8513  |   2229  |
|          |              grp_sbox_quintic_fu_899             |   915   |  9.528  |   8513  |   2229  |
|          |              grp_sbox_quintic_fu_904             |   915   |  9.528  |   8513  |   2229  |
|          |              grp_sbox_quintic_fu_909             |   915   |  9.528  |   8513  |   2229  |
|          |              grp_sbox_quintic_fu_914             |   915   |  9.528  |   8513  |   2229  |
|          |              grp_sbox_quintic_fu_919             |   915   |  9.528  |   8513  |   2229  |
|          |              grp_sbox_quintic_fu_924             |   915   |  9.528  |   8513  |   2229  |
|          |              grp_sbox_quintic_fu_929             |   915   |  9.528  |   8513  |   2229  |
|          |              grp_sbox_quintic_fu_934             |   915   |  9.528  |   8513  |   2229  |
|          |              grp_sbox_quintic_fu_939             |   915   |  9.528  |   8513  |   2229  |
|          |              grp_sbox_quintic_fu_944             |   915   |  9.528  |   8513  |   2229  |
|          |              grp_sbox_quintic_fu_949             |   915   |  9.528  |   8513  |   2229  |
|          |              grp_sbox_quintic_fu_954             |   915   |  9.528  |   8513  |   2229  |
|          |     grp_poseidon_top_Pipeline_mds_row_fu_959     |   450   | 160.425 |  324739 |  178253 |
|----------|--------------------------------------------------|---------|---------|---------|---------|
|          |                add_ln55_8_fu_1286                |    0    |    0    |    0    |    66   |
|          |                add_ln55_10_fu_1292               |    0    |    0    |    0    |    66   |
|          |                add_ln55_12_fu_1298               |    0    |    0    |    0    |    66   |
|          |                add_ln55_14_fu_1304               |    0    |    0    |    0    |    66   |
|          |                add_ln55_16_fu_1310               |    0    |    0    |    0    |    66   |
|          |                add_ln55_18_fu_1316               |    0    |    0    |    0    |    66   |
|          |                add_ln55_20_fu_1322               |    0    |    0    |    0    |    66   |
|          |                add_ln55_22_fu_1328               |    0    |    0    |    0    |    66   |
|          |                add_ln55_24_fu_1334               |    0    |    0    |    0    |    66   |
|          |                add_ln55_26_fu_1340               |    0    |    0    |    0    |    66   |
|          |                add_ln55_28_fu_1346               |    0    |    0    |    0    |    66   |
|          |                add_ln55_30_fu_1352               |    0    |    0    |    0    |    66   |
|          |                add_ln55_32_fu_1358               |    0    |    0    |    0    |    66   |
|          |                add_ln55_34_fu_1364               |    0    |    0    |    0    |    66   |
|          |                add_ln55_36_fu_1370               |    0    |    0    |    0    |    66   |
|          |                add_ln55_38_fu_1376               |    0    |    0    |    0    |    66   |
|          |                    r_2_fu_1391                   |    0    |    0    |    0    |    14   |
|          |                 add_ln55_fu_1404                 |    0    |    0    |    0    |    66   |
|          |                add_ln55_9_fu_1409                |    0    |    0    |    0    |    67   |
|          |                add_ln55_11_fu_1414               |    0    |    0    |    0    |    67   |
|          |                add_ln55_13_fu_1419               |    0    |    0    |    0    |    67   |
|          |                add_ln55_15_fu_1424               |    0    |    0    |    0    |    67   |
|          |                add_ln55_17_fu_1429               |    0    |    0    |    0    |    67   |
|          |                add_ln55_19_fu_1434               |    0    |    0    |    0    |    67   |
|          |                add_ln55_21_fu_1439               |    0    |    0    |    0    |    67   |
|          |                add_ln55_23_fu_1444               |    0    |    0    |    0    |    67   |
|          |                add_ln55_25_fu_1449               |    0    |    0    |    0    |    67   |
|          |                add_ln55_27_fu_1454               |    0    |    0    |    0    |    67   |
|          |                add_ln55_29_fu_1459               |    0    |    0    |    0    |    67   |
|          |                add_ln55_31_fu_1464               |    0    |    0    |    0    |    67   |
|          |                add_ln55_33_fu_1469               |    0    |    0    |    0    |    67   |
|          |                add_ln55_35_fu_1474               |    0    |    0    |    0    |    67   |
|          |                add_ln55_37_fu_1479               |    0    |    0    |    0    |    67   |
|          |                add_ln55_39_fu_1484               |    0    |    0    |    0    |    67   |
|          |                add_ln55_1_fu_1538                |    0    |    0    |    0    |    66   |
|          |                add_ln55_2_fu_1562                |    0    |    0    |    0    |    66   |
|          |                add_ln55_3_fu_1586                |    0    |    0    |    0    |    66   |
|          |                add_ln55_4_fu_1610                |    0    |    0    |    0    |    66   |
|          |                add_ln55_5_fu_1634                |    0    |    0    |    0    |    66   |
|          |                add_ln55_6_fu_1658                |    0    |    0    |    0    |    66   |
|          |                add_ln55_7_fu_1682                |    0    |    0    |    0    |    66   |
|          |                    grp_fu_1717                   |    0    |    0    |   580   |   132   |
|          |                    grp_fu_1738                   |    0    |    0    |   580   |   132   |
|          |                    grp_fu_1881                   |    0    |    0    |   580   |   132   |
|    add   |                    grp_fu_1892                   |    0    |    0    |   580   |   132   |
|          |                    grp_fu_1898                   |    0    |    0    |   580   |   132   |
|          |                    grp_fu_1916                   |    0    |    0    |   580   |   132   |
|          |                    grp_fu_1929                   |    0    |    0    |   580   |   132   |
|          |                    grp_fu_1940                   |    0    |    0    |   580   |   132   |
|          |                    grp_fu_1946                   |    0    |    0    |   580   |   132   |
|          |                    grp_fu_1964                   |    0    |    0    |   580   |   132   |
|          |                    grp_fu_1970                   |    0    |    0    |   580   |   132   |
|          |                    grp_fu_1988                   |    0    |    0    |   580   |   132   |
|          |                    grp_fu_1994                   |    0    |    0    |   580   |   132   |
|          |                    grp_fu_1999                   |    0    |    0    |   580   |   132   |
|          |                    grp_fu_2004                   |    0    |    0    |   580   |   132   |
|          |                    grp_fu_2009                   |    0    |    0    |   580   |   132   |
|          |                    grp_fu_2014                   |    0    |    0    |   580   |   132   |
|          |                    grp_fu_2019                   |    0    |    0    |   580   |   132   |
|          |                    grp_fu_2024                   |    0    |    0    |   580   |   132   |
|          |                    grp_fu_2029                   |    0    |    0    |   580   |   132   |
|          |                    grp_fu_2034                   |    0    |    0    |   580   |   132   |
|          |                    grp_fu_2039                   |    0    |    0    |   580   |   132   |
|          |                    grp_fu_2044                   |    0    |    0    |   580   |   132   |
|          |                    grp_fu_2049                   |    0    |    0    |   580   |   132   |
|          |                    grp_fu_2054                   |    0    |    0    |   580   |   132   |
|          |                    grp_fu_2059                   |    0    |    0    |   580   |   132   |
|          |                    grp_fu_2064                   |    0    |    0    |   580   |   132   |
|          |                    grp_fu_2069                   |    0    |    0    |   580   |   132   |
|          |                    grp_fu_2074                   |    0    |    0    |   580   |   132   |
|          |                    grp_fu_2092                   |    0    |    0    |   580   |   132   |
|          |                    grp_fu_2098                   |    0    |    0    |   580   |   132   |
|          |                    grp_fu_2109                   |    0    |    0    |   580   |   132   |
|          |                    grp_fu_2121                   |    0    |    0    |   580   |   132   |
|          |                    grp_fu_2133                   |    0    |    0    |   580   |   132   |
|          |                    grp_fu_2145                   |    0    |    0    |   580   |   132   |
|          |                    grp_fu_2157                   |    0    |    0    |   580   |   132   |
|          |                    grp_fu_2169                   |    0    |    0    |   580   |   132   |
|          |                    grp_fu_2181                   |    0    |    0    |   580   |   132   |
|          |                    grp_fu_2193                   |    0    |    0    |   580   |   132   |
|          |                    grp_fu_2205                   |    0    |    0    |   580   |   132   |
|          |                    grp_fu_2217                   |    0    |    0    |   580   |   132   |
|          |                    grp_fu_2229                   |    0    |    0    |   580   |   132   |
|          |                    grp_fu_2241                   |    0    |    0    |   580   |   132   |
|          |                    grp_fu_2253                   |    0    |    0    |   580   |   132   |
|          |                    grp_fu_2265                   |    0    |    0    |   580   |   132   |
|          |                    grp_fu_2277                   |    0    |    0    |   580   |   132   |
|          |                    grp_fu_2289                   |    0    |    0    |   580   |   132   |
|          |                    grp_fu_2308                   |    0    |    0    |   580   |   132   |
|          |                add_ln55_40_fu_2426               |    0    |    0    |    0    |    12   |
|----------|--------------------------------------------------|---------|---------|---------|---------|
|          |                 icmp_ln50_fu_1385                |    0    |    0    |    0    |    14   |
|          |                   icmp_fu_1499                   |    0    |    0    |    0    |    13   |
|          |                    grp_fu_1732                   |    0    |    0    |   580   |   132   |
|          |                    grp_fu_1886                   |    0    |    0    |   580   |   132   |
|          |                    grp_fu_1910                   |    0    |    0    |   580   |   132   |
|          |                    grp_fu_1934                   |    0    |    0    |   580   |   132   |
|          |                    grp_fu_1958                   |    0    |    0    |   580   |   132   |
|          |                    grp_fu_1982                   |    0    |    0    |   580   |   132   |
|          |                    grp_fu_2086                   |    0    |    0    |   580   |   132   |
|          |                    grp_fu_2103                   |    0    |    0    |   580   |   132   |
|          |                    grp_fu_2115                   |    0    |    0    |   580   |   132   |
|          |                    grp_fu_2127                   |    0    |    0    |   580   |   132   |
|   icmp   |                    grp_fu_2139                   |    0    |    0    |   580   |   132   |
|          |                    grp_fu_2151                   |    0    |    0    |   580   |   132   |
|          |                    grp_fu_2163                   |    0    |    0    |   580   |   132   |
|          |                    grp_fu_2175                   |    0    |    0    |   580   |   132   |
|          |                    grp_fu_2187                   |    0    |    0    |   580   |   132   |
|          |                    grp_fu_2199                   |    0    |    0    |   580   |   132   |
|          |                    grp_fu_2211                   |    0    |    0    |   580   |   132   |
|          |                    grp_fu_2223                   |    0    |    0    |   580   |   132   |
|          |                    grp_fu_2235                   |    0    |    0    |   580   |   132   |
|          |                    grp_fu_2247                   |    0    |    0    |   580   |   132   |
|          |                    grp_fu_2259                   |    0    |    0    |   580   |   132   |
|          |                    grp_fu_2271                   |    0    |    0    |   580   |   132   |
|          |                    grp_fu_2283                   |    0    |    0    |   580   |   132   |
|          |                    grp_fu_2302                   |    0    |    0    |   580   |   132   |
|----------|--------------------------------------------------|---------|---------|---------|---------|
|          |                select_ln7_fu_1754                |    0    |    0    |    0    |   256   |
|          |               select_ln7_15_fu_1903              |    0    |    0    |    0    |   256   |
|          |               select_ln7_16_fu_1922              |    0    |    0    |    0    |   256   |
|          |               select_ln7_19_fu_1951              |    0    |    0    |    0    |   256   |
|          |               select_ln7_20_fu_1975              |    0    |    0    |    0    |   256   |
|          |               select_ln7_21_fu_2079              |    0    |    0    |    0    |   256   |
|          |               select_ln7_22_fu_2295              |    0    |    0    |    0    |   256   |
|          |               select_ln7_1_fu_2314               |    0    |    0    |    0    |   256   |
|          |               select_ln7_2_fu_2321               |    0    |    0    |    0    |   256   |
|          |               select_ln7_3_fu_2328               |    0    |    0    |    0    |   256   |
|          |               select_ln7_4_fu_2335               |    0    |    0    |    0    |   256   |
|  select  |               select_ln7_5_fu_2342               |    0    |    0    |    0    |   256   |
|          |               select_ln7_6_fu_2349               |    0    |    0    |    0    |   256   |
|          |               select_ln7_7_fu_2356               |    0    |    0    |    0    |   256   |
|          |               select_ln7_8_fu_2363               |    0    |    0    |    0    |   256   |
|          |               select_ln7_9_fu_2370               |    0    |    0    |    0    |   256   |
|          |               select_ln7_10_fu_2377              |    0    |    0    |    0    |   256   |
|          |               select_ln7_11_fu_2384              |    0    |    0    |    0    |   256   |
|          |               select_ln7_12_fu_2391              |    0    |    0    |    0    |   256   |
|          |               select_ln7_13_fu_2398              |    0    |    0    |    0    |   256   |
|          |               select_ln7_14_fu_2405              |    0    |    0    |    0    |   256   |
|          |               select_ln7_17_fu_2412              |    0    |    0    |    0    |   256   |
|          |               select_ln7_18_fu_2419              |    0    |    0    |    0    |   256   |
|          |               select_ln7_23_fu_2431              |    0    |    0    |    0    |   256   |
|----------|--------------------------------------------------|---------|---------|---------|---------|
|          |                  or_ln62_fu_1513                 |    0    |    0    |    0    |    2    |
|          |                  or_ln55_fu_1519                 |    0    |    0    |    0    |    0    |
|          |                 or_ln55_1_fu_1543                |    0    |    0    |    0    |    0    |
|    or    |                 or_ln55_2_fu_1567                |    0    |    0    |    0    |    0    |
|          |                 or_ln55_3_fu_1591                |    0    |    0    |    0    |    0    |
|          |                 or_ln55_4_fu_1615                |    0    |    0    |    0    |    0    |
|          |                 or_ln55_5_fu_1639                |    0    |    0    |    0    |    0    |
|          |                 or_ln55_6_fu_1663                |    0    |    0    |    0    |    0    |
|----------|--------------------------------------------------|---------|---------|---------|---------|
|          |            mds_matrix_read_read_fu_254           |    0    |    0    |    0    |    0    |
|          |         round_constants_read_read_fu_260         |    0    |    0    |    0    |    0    |
|          |            gmem_addr_read_read_fu_322            |    0    |    0    |    0    |    0    |
|          |           gmem_addr_1_read_read_fu_334           |    0    |    0    |    0    |    0    |
|          |           gmem_addr_2_read_read_fu_346           |    0    |    0    |    0    |    0    |
|          |           gmem_addr_3_read_read_fu_358           |    0    |    0    |    0    |    0    |
|          |           gmem_addr_4_read_read_fu_370           |    0    |    0    |    0    |    0    |
|          |           gmem_addr_5_read_read_fu_382           |    0    |    0    |    0    |    0    |
|          |           gmem_addr_6_read_read_fu_394           |    0    |    0    |    0    |    0    |
|          |           gmem_addr_7_read_read_fu_406           |    0    |    0    |    0    |    0    |
|          |           gmem_addr_8_read_read_fu_418           |    0    |    0    |    0    |    0    |
|          |           gmem_addr_9_read_read_fu_430           |    0    |    0    |    0    |    0    |
|   read   |           gmem_addr_10_read_read_fu_442          |    0    |    0    |    0    |    0    |
|          |           gmem_addr_11_read_read_fu_454          |    0    |    0    |    0    |    0    |
|          |           gmem_addr_12_read_read_fu_466          |    0    |    0    |    0    |    0    |
|          |           gmem_addr_13_read_read_fu_478          |    0    |    0    |    0    |    0    |
|          |           gmem_addr_14_read_read_fu_490          |    0    |    0    |    0    |    0    |
|          |           gmem_addr_15_read_read_fu_502          |    0    |    0    |    0    |    0    |
|          |           gmem_addr_16_read_read_fu_514          |    0    |    0    |    0    |    0    |
|          |           gmem_addr_17_read_read_fu_519          |    0    |    0    |    0    |    0    |
|          |           gmem_addr_18_read_read_fu_524          |    0    |    0    |    0    |    0    |
|          |           gmem_addr_19_read_read_fu_529          |    0    |    0    |    0    |    0    |
|          |           gmem_addr_20_read_read_fu_534          |    0    |    0    |    0    |    0    |
|          |           gmem_addr_21_read_read_fu_539          |    0    |    0    |    0    |    0    |
|          |           gmem_addr_22_read_read_fu_544          |    0    |    0    |    0    |    0    |
|          |           gmem_addr_23_read_read_fu_549          |    0    |    0    |    0    |    0    |
|----------|--------------------------------------------------|---------|---------|---------|---------|
|          |                grp_readreq_fu_266                |    0    |    0    |    0    |    0    |
|          |                grp_readreq_fu_273                |    0    |    0    |    0    |    0    |
|          |                grp_readreq_fu_280                |    0    |    0    |    0    |    0    |
|          |                grp_readreq_fu_287                |    0    |    0    |    0    |    0    |
|          |                grp_readreq_fu_294                |    0    |    0    |    0    |    0    |
|          |                grp_readreq_fu_301                |    0    |    0    |    0    |    0    |
|          |                grp_readreq_fu_308                |    0    |    0    |    0    |    0    |
|          |                grp_readreq_fu_315                |    0    |    0    |    0    |    0    |
|          |                grp_readreq_fu_327                |    0    |    0    |    0    |    0    |
|          |                grp_readreq_fu_339                |    0    |    0    |    0    |    0    |
|          |                grp_readreq_fu_351                |    0    |    0    |    0    |    0    |
|  readreq |                grp_readreq_fu_363                |    0    |    0    |    0    |    0    |
|          |                grp_readreq_fu_375                |    0    |    0    |    0    |    0    |
|          |                grp_readreq_fu_387                |    0    |    0    |    0    |    0    |
|          |                grp_readreq_fu_399                |    0    |    0    |    0    |    0    |
|          |                grp_readreq_fu_411                |    0    |    0    |    0    |    0    |
|          |                grp_readreq_fu_423                |    0    |    0    |    0    |    0    |
|          |                grp_readreq_fu_435                |    0    |    0    |    0    |    0    |
|          |                grp_readreq_fu_447                |    0    |    0    |    0    |    0    |
|          |                grp_readreq_fu_459                |    0    |    0    |    0    |    0    |
|          |                grp_readreq_fu_471                |    0    |    0    |    0    |    0    |
|          |                grp_readreq_fu_483                |    0    |    0    |    0    |    0    |
|          |                grp_readreq_fu_495                |    0    |    0    |    0    |    0    |
|          |                grp_readreq_fu_507                |    0    |    0    |    0    |    0    |
|----------|--------------------------------------------------|---------|---------|---------|---------|
|          |                 trunc_ln_fu_1253                 |    0    |    0    |    0    |    0    |
|partselect|               trunc_ln73_1_fu_1263               |    0    |    0    |    0    |    0    |
|          |                    tmp_fu_1489                   |    0    |    0    |    0    |    0    |
|----------|--------------------------------------------------|---------|---------|---------|---------|
|          |                 sext_ln73_fu_1283                |    0    |    0    |    0    |    0    |
|          |                 sext_ln55_fu_1528                |    0    |    0    |    0    |    0    |
|          |                sext_ln55_1_fu_1552               |    0    |    0    |    0    |    0    |
|          |                sext_ln55_2_fu_1576               |    0    |    0    |    0    |    0    |
|          |                sext_ln55_3_fu_1600               |    0    |    0    |    0    |    0    |
|          |                sext_ln55_4_fu_1624               |    0    |    0    |    0    |    0    |
|          |                sext_ln55_5_fu_1648               |    0    |    0    |    0    |    0    |
|          |                sext_ln55_6_fu_1672               |    0    |    0    |    0    |    0    |
|          |                sext_ln55_7_fu_1687               |    0    |    0    |    0    |    0    |
|          |                sext_ln55_8_fu_1697               |    0    |    0    |    0    |    0    |
|          |                sext_ln55_9_fu_1707               |    0    |    0    |    0    |    0    |
|          |               sext_ln55_10_fu_1722               |    0    |    0    |    0    |    0    |
|   sext   |               sext_ln55_11_fu_1744               |    0    |    0    |    0    |    0    |
|          |               sext_ln55_12_fu_1761               |    0    |    0    |    0    |    0    |
|          |               sext_ln55_13_fu_1771               |    0    |    0    |    0    |    0    |
|          |               sext_ln55_14_fu_1781               |    0    |    0    |    0    |    0    |
|          |               sext_ln55_15_fu_1791               |    0    |    0    |    0    |    0    |
|          |               sext_ln55_16_fu_1801               |    0    |    0    |    0    |    0    |
|          |               sext_ln55_17_fu_1811               |    0    |    0    |    0    |    0    |
|          |               sext_ln55_18_fu_1821               |    0    |    0    |    0    |    0    |
|          |               sext_ln55_19_fu_1831               |    0    |    0    |    0    |    0    |
|          |               sext_ln55_20_fu_1841               |    0    |    0    |    0    |    0    |
|          |               sext_ln55_21_fu_1851               |    0    |    0    |    0    |    0    |
|          |               sext_ln55_22_fu_1861               |    0    |    0    |    0    |    0    |
|          |               sext_ln55_23_fu_1871               |    0    |    0    |    0    |    0    |
|----------|--------------------------------------------------|---------|---------|---------|---------|
|          |                 zext_ln50_fu_1400                |    0    |    0    |    0    |    0    |
|          |                 zext_ln55_fu_1524                |    0    |    0    |    0    |    0    |
|          |                zext_ln55_1_fu_1548               |    0    |    0    |    0    |    0    |
|          |                zext_ln55_2_fu_1572               |    0    |    0    |    0    |    0    |
|          |                zext_ln55_3_fu_1596               |    0    |    0    |    0    |    0    |
|          |                zext_ln55_4_fu_1620               |    0    |    0    |    0    |    0    |
|          |                zext_ln55_5_fu_1644               |    0    |    0    |    0    |    0    |
|          |                zext_ln55_6_fu_1668               |    0    |    0    |    0    |    0    |
|          |                 zext_ln63_fu_2438                |    0    |    0    |    0    |    0    |
|          |                zext_ln63_1_fu_2442               |    0    |    0    |    0    |    0    |
|          |                zext_ln63_2_fu_2446               |    0    |    0    |    0    |    0    |
|          |                zext_ln63_3_fu_2450               |    0    |    0    |    0    |    0    |
|          |                zext_ln63_4_fu_2454               |    0    |    0    |    0    |    0    |
|          |                zext_ln63_5_fu_2458               |    0    |    0    |    0    |    0    |
|          |                zext_ln63_6_fu_2462               |    0    |    0    |    0    |    0    |
|   zext   |                zext_ln63_7_fu_2466               |    0    |    0    |    0    |    0    |
|          |                zext_ln63_8_fu_2470               |    0    |    0    |    0    |    0    |
|          |                zext_ln63_9_fu_2474               |    0    |    0    |    0    |    0    |
|          |               zext_ln63_10_fu_2478               |    0    |    0    |    0    |    0    |
|          |               zext_ln63_11_fu_2482               |    0    |    0    |    0    |    0    |
|          |               zext_ln63_12_fu_2486               |    0    |    0    |    0    |    0    |
|          |               zext_ln63_13_fu_2490               |    0    |    0    |    0    |    0    |
|          |               zext_ln63_14_fu_2494               |    0    |    0    |    0    |    0    |
|          |               zext_ln63_15_fu_2498               |    0    |    0    |    0    |    0    |
|          |               zext_ln63_16_fu_2502               |    0    |    0    |    0    |    0    |
|          |               zext_ln63_17_fu_2506               |    0    |    0    |    0    |    0    |
|          |               zext_ln63_18_fu_2510               |    0    |    0    |    0    |    0    |
|          |               zext_ln63_19_fu_2514               |    0    |    0    |    0    |    0    |
|          |               zext_ln63_20_fu_2518               |    0    |    0    |    0    |    0    |
|          |               zext_ln63_21_fu_2522               |    0    |    0    |    0    |    0    |
|          |                 zext_ln64_fu_2526                |    0    |    0    |    0    |    0    |
|----------|--------------------------------------------------|---------|---------|---------|---------|
| bitselect|                   tmp_1_fu_1505                  |    0    |    0    |    0    |    0    |
|----------|--------------------------------------------------|---------|---------|---------|---------|
|   Total  |                                                  |  21495  | 379.569 |  562565 |  248057 |
|----------|--------------------------------------------------|---------|---------|---------|---------|

Memories:
N/A

* Register list:
+---------------------------+--------+
|                           |   FF   |
+---------------------------+--------+
|    add_ln55_10_reg_2747   |   60   |
|    add_ln55_11_reg_2843   |   60   |
|    add_ln55_12_reg_2752   |   60   |
|    add_ln55_13_reg_2848   |   60   |
|    add_ln55_14_reg_2757   |   60   |
|    add_ln55_15_reg_2853   |   60   |
|    add_ln55_16_reg_2762   |   60   |
|    add_ln55_17_reg_2858   |   60   |
|    add_ln55_18_reg_2767   |   60   |
|    add_ln55_19_reg_2863   |   60   |
|    add_ln55_1_reg_2928    |   60   |
|    add_ln55_20_reg_2772   |   60   |
|    add_ln55_21_reg_2868   |   60   |
|    add_ln55_22_reg_2777   |   60   |
|    add_ln55_23_reg_2873   |   60   |
|    add_ln55_24_reg_2782   |   60   |
|    add_ln55_25_reg_2878   |   60   |
|    add_ln55_26_reg_2787   |   60   |
|    add_ln55_27_reg_2883   |   60   |
|    add_ln55_28_reg_2792   |   60   |
|    add_ln55_29_reg_2888   |   60   |
|    add_ln55_2_reg_2939    |   60   |
|    add_ln55_30_reg_2797   |   60   |
|    add_ln55_31_reg_2893   |   60   |
|    add_ln55_32_reg_2802   |   60   |
|    add_ln55_33_reg_2898   |   60   |
|    add_ln55_34_reg_2807   |   60   |
|    add_ln55_35_reg_2903   |   60   |
|    add_ln55_36_reg_2812   |   60   |
|    add_ln55_37_reg_2908   |   60   |
|    add_ln55_38_reg_2817   |   60   |
|    add_ln55_39_reg_2913   |   60   |
|    add_ln55_3_reg_2950    |   60   |
|    add_ln55_40_reg_3531   |   11   |
|    add_ln55_4_reg_2961    |   60   |
|    add_ln55_5_reg_2972    |   60   |
|    add_ln55_6_reg_2983    |   60   |
|    add_ln55_7_reg_2994    |   60   |
|    add_ln55_8_reg_2742    |   60   |
|    add_ln55_9_reg_2838    |   60   |
|     add_ln55_reg_2833     |   60   |
|    add_ln6_23_reg_3310    |   256  |
|    add_ln6_24_reg_3317    |   256  |
|    add_ln6_25_reg_3324    |   256  |
|    add_ln6_26_reg_3331    |   256  |
|    add_ln6_27_reg_3338    |   256  |
|    add_ln6_28_reg_3345    |   256  |
|    add_ln6_29_reg_3352    |   256  |
|    add_ln6_30_reg_3359    |   256  |
|    add_ln6_31_reg_3366    |   256  |
|    add_ln6_32_reg_3373    |   256  |
|    add_ln6_33_reg_3380    |   256  |
|    add_ln6_34_reg_3387    |   256  |
|    add_ln6_35_reg_3394    |   256  |
|    add_ln6_36_reg_3401    |   256  |
|    add_ln6_37_reg_3208    |   256  |
|    add_ln6_38_reg_3226    |   256  |
|    add_ln6_39_reg_3408    |   256  |
|    add_ln6_40_reg_3415    |   256  |
|    add_ln6_41_reg_3254    |   256  |
|    add_ln6_42_reg_3272    |   256  |
|    add_ln6_43_reg_3290    |   256  |
|    add_ln6_44_reg_3303    |   256  |
|    add_ln6_45_reg_3428    |   256  |
|      add_ln6_reg_3038     |   256  |
| gmem_addr_10_read_reg_3132|   256  |
|   gmem_addr_10_reg_3032   |   256  |
| gmem_addr_11_read_reg_3143|   256  |
|   gmem_addr_11_reg_3050   |   256  |
| gmem_addr_12_read_reg_3154|   256  |
|   gmem_addr_12_reg_3066   |   256  |
| gmem_addr_13_read_reg_3165|   256  |
|   gmem_addr_13_reg_3077   |   256  |
| gmem_addr_14_read_reg_3176|   256  |
|   gmem_addr_14_reg_3093   |   256  |
| gmem_addr_15_read_reg_3187|   256  |
|   gmem_addr_15_reg_3104   |   256  |
| gmem_addr_16_read_reg_3198|   256  |
|   gmem_addr_16_reg_3115   |   256  |
| gmem_addr_17_read_reg_3203|   256  |
|   gmem_addr_17_reg_3126   |   256  |
| gmem_addr_18_read_reg_3215|   256  |
|   gmem_addr_18_reg_3137   |   256  |
| gmem_addr_19_read_reg_3233|   256  |
|   gmem_addr_19_reg_3148   |   256  |
| gmem_addr_1_read_reg_3016 |   256  |
|    gmem_addr_1_reg_2933   |   256  |
| gmem_addr_20_read_reg_3244|   256  |
|   gmem_addr_20_reg_3159   |   256  |
| gmem_addr_21_read_reg_3249|   256  |
|   gmem_addr_21_reg_3170   |   256  |
| gmem_addr_22_read_reg_3261|   256  |
|   gmem_addr_22_reg_3181   |   256  |
| gmem_addr_23_read_reg_3279|   256  |
|   gmem_addr_23_reg_3192   |   256  |
| gmem_addr_2_read_reg_3027 |   256  |
|    gmem_addr_2_reg_2944   |   256  |
| gmem_addr_3_read_reg_3045 |   256  |
|    gmem_addr_3_reg_2955   |   256  |
| gmem_addr_4_read_reg_3061 |   256  |
|    gmem_addr_4_reg_2966   |   256  |
| gmem_addr_5_read_reg_3072 |   256  |
|    gmem_addr_5_reg_2977   |   256  |
| gmem_addr_6_read_reg_3088 |   256  |
|    gmem_addr_6_reg_2988   |   256  |
| gmem_addr_7_read_reg_3099 |   256  |
|    gmem_addr_7_reg_2999   |   256  |
| gmem_addr_8_read_reg_3110 |   256  |
|    gmem_addr_8_reg_3010   |   256  |
| gmem_addr_9_read_reg_3121 |   256  |
|    gmem_addr_9_reg_3021   |   256  |
|  gmem_addr_read_reg_3005  |   256  |
|     gmem_addr_reg_2922    |   256  |
|      or_ln62_reg_2918     |    1   |
|   p_0_0_011_1061_reg_684  |   256  |
|  p_0_0_011_1062_reg_2615  |   256  |
|   p_0_0_011_1163_reg_674  |   256  |
|  p_0_0_011_1164_reg_2622  |   256  |
|   p_0_0_011_1265_reg_664  |   256  |
|  p_0_0_011_1266_reg_2629  |   256  |
|   p_0_0_011_1367_reg_654  |   256  |
|  p_0_0_011_1368_reg_2636  |   256  |
|   p_0_0_011_143_reg_774   |   256  |
|   p_0_0_011_144_reg_2552  |   256  |
|   p_0_0_011_1469_reg_644  |   256  |
|  p_0_0_011_1470_reg_2643  |   256  |
|   p_0_0_011_1571_reg_634  |   256  |
|  p_0_0_011_1572_reg_2650  |   256  |
|   p_0_0_011_1673_reg_624  |   256  |
|  p_0_0_011_1674_reg_2657  |   256  |
|   p_0_0_011_1775_reg_614  |   256  |
|  p_0_0_011_1776_reg_2664  |   256  |
|   p_0_0_011_1877_reg_604  |   256  |
|  p_0_0_011_1878_reg_2671  |   256  |
|   p_0_0_011_1979_reg_594  |   256  |
|  p_0_0_011_1980_reg_2678  |   256  |
|   p_0_0_011_2081_reg_584  |   256  |
|  p_0_0_011_2082_reg_2685  |   256  |
|   p_0_0_011_2183_reg_574  |   256  |
|  p_0_0_011_2184_reg_2692  |   256  |
|   p_0_0_011_2285_reg_564  |   256  |
|  p_0_0_011_2286_reg_2699  |   256  |
|   p_0_0_011_2387_reg_554  |   256  |
|  p_0_0_011_2388_reg_2706  |   256  |
|   p_0_0_011_245_reg_764   |   256  |
|   p_0_0_011_246_reg_2559  |   256  |
|   p_0_0_011_347_reg_754   |   256  |
|   p_0_0_011_348_reg_2566  |   256  |
|   p_0_0_011_449_reg_744   |   256  |
|   p_0_0_011_450_reg_2573  |   256  |
|   p_0_0_011_551_reg_734   |   256  |
|   p_0_0_011_552_reg_2580  |   256  |
|   p_0_0_011_653_reg_724   |   256  |
|   p_0_0_011_654_reg_2587  |   256  |
|   p_0_0_011_755_reg_714   |   256  |
|   p_0_0_011_756_reg_2594  |   256  |
|   p_0_0_011_857_reg_704   |   256  |
|   p_0_0_011_858_reg_2601  |   256  |
|   p_0_0_011_959_reg_694   |   256  |
|   p_0_0_011_960_reg_2608  |   256  |
|    p_0_0_01942_reg_2545   |   256  |
|        r_2_reg_2825       |    7   |
|         r_reg_2538        |    7   |
|      rc_idx_reg_2713      |   11   |
|ref_tmp28_assign_s_reg_3083|   255  |
|          reg_1133         |   256  |
|          reg_1138         |   256  |
|          reg_1143         |   256  |
|          reg_1148         |   256  |
|          reg_1153         |   256  |
|          reg_1158         |   256  |
|          reg_1163         |   256  |
|          reg_1168         |   256  |
|          reg_1173         |   256  |
|          reg_1178         |   256  |
|          reg_1183         |   256  |
|          reg_1188         |   256  |
|          reg_1193         |   256  |
|          reg_1198         |   256  |
|          reg_1203         |   256  |
|          reg_1208         |   256  |
|          reg_1213         |   256  |
|          reg_1218         |   256  |
|          reg_1223         |   256  |
|          reg_1228         |   256  |
|          reg_1233         |   256  |
|          reg_1238         |   256  |
|          reg_1243         |   256  |
|          reg_1248         |   256  |
|   select_ln7_10_reg_3489  |   256  |
|   select_ln7_11_reg_3495  |   256  |
|   select_ln7_12_reg_3501  |   256  |
|   select_ln7_13_reg_3507  |   256  |
|   select_ln7_14_reg_3513  |   256  |
|   select_ln7_15_reg_3220  |   256  |
|   select_ln7_16_reg_3238  |   256  |
|   select_ln7_17_reg_3519  |   256  |
|   select_ln7_18_reg_3525  |   256  |
|   select_ln7_19_reg_3266  |   256  |
|   select_ln7_1_reg_3435   |   256  |
|   select_ln7_20_reg_3284  |   256  |
|   select_ln7_21_reg_3297  |   256  |
|   select_ln7_22_reg_3422  |   256  |
|   select_ln7_23_reg_3536  |   256  |
|   select_ln7_2_reg_3441   |   256  |
|   select_ln7_3_reg_3447   |   256  |
|   select_ln7_4_reg_3453   |   256  |
|   select_ln7_5_reg_3459   |   256  |
|   select_ln7_6_reg_3465   |   256  |
|   select_ln7_7_reg_3471   |   256  |
|   select_ln7_8_reg_3477   |   256  |
|   select_ln7_9_reg_3483   |   256  |
|    select_ln7_reg_3056    |   256  |
|     sext_ln73_reg_2730    |   60   |
|   trunc_ln73_1_reg_2725   |   59   |
|     trunc_ln_reg_2720     |   59   |
|   zext_ln63_10_reg_3592   |   256  |
|   zext_ln63_11_reg_3597   |   256  |
|   zext_ln63_12_reg_3602   |   256  |
|   zext_ln63_13_reg_3607   |   256  |
|   zext_ln63_14_reg_3612   |   256  |
|   zext_ln63_15_reg_3617   |   256  |
|   zext_ln63_16_reg_3622   |   256  |
|   zext_ln63_17_reg_3627   |   256  |
|   zext_ln63_18_reg_3632   |   256  |
|   zext_ln63_19_reg_3637   |   256  |
|    zext_ln63_1_reg_3547   |   256  |
|   zext_ln63_20_reg_3642   |   256  |
|   zext_ln63_21_reg_3647   |   256  |
|    zext_ln63_2_reg_3552   |   256  |
|    zext_ln63_3_reg_3557   |   256  |
|    zext_ln63_4_reg_3562   |   256  |
|    zext_ln63_5_reg_3567   |   256  |
|    zext_ln63_6_reg_3572   |   256  |
|    zext_ln63_7_reg_3577   |   256  |
|    zext_ln63_8_reg_3582   |   256  |
|    zext_ln63_9_reg_3587   |   256  |
|     zext_ln63_reg_3542    |   256  |
|     zext_ln64_reg_3652    |   256  |
+---------------------------+--------+
|           Total           |  51510 |
+---------------------------+--------+

* Multiplexer (MUX) list: 
|--------------------------------------------------|------|------|------|--------||---------||---------|
|                       Comp                       |  Pin | Size |  BW  | S x BW ||  Delay  ||   LUT   |
|--------------------------------------------------|------|------|------|--------||---------||---------|
|                grp_readreq_fu_266                |  p1  |   2  |  256 |   512  ||    9    |
|                grp_readreq_fu_273                |  p1  |   2  |  256 |   512  ||    9    |
|                grp_readreq_fu_280                |  p1  |   2  |  256 |   512  ||    9    |
|                grp_readreq_fu_287                |  p1  |   2  |  256 |   512  ||    9    |
|                grp_readreq_fu_294                |  p1  |   2  |  256 |   512  ||    9    |
|                grp_readreq_fu_301                |  p1  |   2  |  256 |   512  ||    9    |
|                grp_readreq_fu_308                |  p1  |   2  |  256 |   512  ||    9    |
|                grp_readreq_fu_315                |  p1  |   2  |  256 |   512  ||    9    |
|                grp_readreq_fu_327                |  p1  |   2  |  256 |   512  ||    9    |
|                grp_readreq_fu_339                |  p1  |   2  |  256 |   512  ||    9    |
|                grp_readreq_fu_351                |  p1  |   2  |  256 |   512  ||    9    |
|                grp_readreq_fu_363                |  p1  |   2  |  256 |   512  ||    9    |
|                grp_readreq_fu_375                |  p1  |   2  |  256 |   512  ||    9    |
|                grp_readreq_fu_387                |  p1  |   2  |  256 |   512  ||    9    |
|                grp_readreq_fu_399                |  p1  |   2  |  256 |   512  ||    9    |
|                grp_readreq_fu_411                |  p1  |   2  |  256 |   512  ||    9    |
|                grp_readreq_fu_423                |  p1  |   2  |  256 |   512  ||    9    |
|                grp_readreq_fu_435                |  p1  |   2  |  256 |   512  ||    9    |
|                grp_readreq_fu_447                |  p1  |   2  |  256 |   512  ||    9    |
|                grp_readreq_fu_459                |  p1  |   2  |  256 |   512  ||    9    |
|                grp_readreq_fu_471                |  p1  |   2  |  256 |   512  ||    9    |
|                grp_readreq_fu_483                |  p1  |   2  |  256 |   512  ||    9    |
|                grp_readreq_fu_495                |  p1  |   2  |  256 |   512  ||    9    |
|                grp_readreq_fu_507                |  p1  |   2  |  256 |   512  ||    9    |
| grp_poseidon_top_Pipeline_VITIS_LOOP_92_3_fu_814 |  p1  |   2  |  256 |   512  ||    9    |
| grp_poseidon_top_Pipeline_VITIS_LOOP_92_3_fu_814 |  p2  |   2  |  256 |   512  ||    9    |
| grp_poseidon_top_Pipeline_VITIS_LOOP_92_3_fu_814 |  p3  |   2  |  256 |   512  ||    9    |
| grp_poseidon_top_Pipeline_VITIS_LOOP_92_3_fu_814 |  p4  |   2  |  256 |   512  ||    9    |
| grp_poseidon_top_Pipeline_VITIS_LOOP_92_3_fu_814 |  p5  |   2  |  256 |   512  ||    9    |
| grp_poseidon_top_Pipeline_VITIS_LOOP_92_3_fu_814 |  p6  |   2  |  256 |   512  ||    9    |
| grp_poseidon_top_Pipeline_VITIS_LOOP_92_3_fu_814 |  p7  |   2  |  256 |   512  ||    9    |
| grp_poseidon_top_Pipeline_VITIS_LOOP_92_3_fu_814 |  p8  |   2  |  256 |   512  ||    9    |
| grp_poseidon_top_Pipeline_VITIS_LOOP_92_3_fu_814 |  p9  |   2  |  256 |   512  ||    9    |
| grp_poseidon_top_Pipeline_VITIS_LOOP_92_3_fu_814 |  p10 |   2  |  256 |   512  ||    9    |
| grp_poseidon_top_Pipeline_VITIS_LOOP_92_3_fu_814 |  p11 |   2  |  256 |   512  ||    9    |
| grp_poseidon_top_Pipeline_VITIS_LOOP_92_3_fu_814 |  p12 |   2  |  256 |   512  ||    9    |
| grp_poseidon_top_Pipeline_VITIS_LOOP_92_3_fu_814 |  p13 |   2  |  256 |   512  ||    9    |
| grp_poseidon_top_Pipeline_VITIS_LOOP_92_3_fu_814 |  p14 |   2  |  256 |   512  ||    9    |
| grp_poseidon_top_Pipeline_VITIS_LOOP_92_3_fu_814 |  p15 |   2  |  256 |   512  ||    9    |
| grp_poseidon_top_Pipeline_VITIS_LOOP_92_3_fu_814 |  p16 |   2  |  256 |   512  ||    9    |
| grp_poseidon_top_Pipeline_VITIS_LOOP_92_3_fu_814 |  p17 |   2  |  256 |   512  ||    9    |
| grp_poseidon_top_Pipeline_VITIS_LOOP_92_3_fu_814 |  p18 |   2  |  256 |   512  ||    9    |
| grp_poseidon_top_Pipeline_VITIS_LOOP_92_3_fu_814 |  p19 |   2  |  256 |   512  ||    9    |
| grp_poseidon_top_Pipeline_VITIS_LOOP_92_3_fu_814 |  p20 |   2  |  256 |   512  ||    9    |
| grp_poseidon_top_Pipeline_VITIS_LOOP_92_3_fu_814 |  p21 |   2  |  256 |   512  ||    9    |
| grp_poseidon_top_Pipeline_VITIS_LOOP_92_3_fu_814 |  p22 |   2  |  256 |   512  ||    9    |
| grp_poseidon_top_Pipeline_VITIS_LOOP_92_3_fu_814 |  p23 |   2  |  256 |   512  ||    9    |
| grp_poseidon_top_Pipeline_VITIS_LOOP_92_3_fu_814 |  p24 |   2  |  256 |   512  ||    9    |
|              grp_sbox_quintic_fu_844             |  p1  |   2  |  256 |   512  ||    9    |
|                    grp_fu_1732                   |  p0  |   2  |  256 |   512  ||    9    |
|                    grp_fu_1738                   |  p0  |   2  |  256 |   512  ||    9    |
|                    grp_fu_1886                   |  p0  |   2  |  256 |   512  ||    9    |
|                    grp_fu_1892                   |  p0  |   2  |  256 |   512  ||    9    |
|                    grp_fu_1910                   |  p0  |   2  |  256 |   512  ||    9    |
|                    grp_fu_1916                   |  p0  |   2  |  256 |   512  ||    9    |
|                    grp_fu_1934                   |  p0  |   2  |  256 |   512  ||    9    |
|                    grp_fu_1940                   |  p0  |   2  |  256 |   512  ||    9    |
|                    grp_fu_1958                   |  p0  |   2  |  256 |   512  ||    9    |
|                    grp_fu_1964                   |  p0  |   2  |  256 |   512  ||    9    |
|                    grp_fu_1982                   |  p0  |   2  |  256 |   512  ||    9    |
|                    grp_fu_1988                   |  p0  |   2  |  256 |   512  ||    9    |
|                    grp_fu_2086                   |  p0  |   2  |  256 |   512  ||    9    |
|                    grp_fu_2092                   |  p0  |   2  |  256 |   512  ||    9    |
|                    grp_fu_2103                   |  p0  |   2  |  256 |   512  ||    9    |
|                    grp_fu_2109                   |  p0  |   2  |  256 |   512  ||    9    |
|                    grp_fu_2115                   |  p0  |   2  |  256 |   512  ||    9    |
|                    grp_fu_2121                   |  p0  |   2  |  256 |   512  ||    9    |
|                    grp_fu_2127                   |  p0  |   2  |  256 |   512  ||    9    |
|                    grp_fu_2133                   |  p0  |   2  |  256 |   512  ||    9    |
|                    grp_fu_2139                   |  p0  |   2  |  256 |   512  ||    9    |
|                    grp_fu_2145                   |  p0  |   2  |  256 |   512  ||    9    |
|                    grp_fu_2151                   |  p0  |   2  |  256 |   512  ||    9    |
|                    grp_fu_2157                   |  p0  |   2  |  256 |   512  ||    9    |
|                    grp_fu_2163                   |  p0  |   2  |  256 |   512  ||    9    |
|                    grp_fu_2169                   |  p0  |   2  |  256 |   512  ||    9    |
|                    grp_fu_2175                   |  p0  |   2  |  256 |   512  ||    9    |
|                    grp_fu_2181                   |  p0  |   2  |  256 |   512  ||    9    |
|                    grp_fu_2187                   |  p0  |   2  |  256 |   512  ||    9    |
|                    grp_fu_2193                   |  p0  |   2  |  256 |   512  ||    9    |
|                    grp_fu_2199                   |  p0  |   2  |  256 |   512  ||    9    |
|                    grp_fu_2205                   |  p0  |   2  |  256 |   512  ||    9    |
|                    grp_fu_2211                   |  p0  |   2  |  256 |   512  ||    9    |
|                    grp_fu_2217                   |  p0  |   2  |  256 |   512  ||    9    |
|                    grp_fu_2223                   |  p0  |   2  |  256 |   512  ||    9    |
|                    grp_fu_2229                   |  p0  |   2  |  256 |   512  ||    9    |
|                    grp_fu_2235                   |  p0  |   2  |  256 |   512  ||    9    |
|                    grp_fu_2241                   |  p0  |   2  |  256 |   512  ||    9    |
|                    grp_fu_2247                   |  p0  |   2  |  256 |   512  ||    9    |
|                    grp_fu_2253                   |  p0  |   2  |  256 |   512  ||    9    |
|                    grp_fu_2259                   |  p0  |   2  |  256 |   512  ||    9    |
|                    grp_fu_2265                   |  p0  |   2  |  256 |   512  ||    9    |
|                    grp_fu_2271                   |  p0  |   2  |  256 |   512  ||    9    |
|                    grp_fu_2277                   |  p0  |   2  |  256 |   512  ||    9    |
|                    grp_fu_2283                   |  p0  |   2  |  256 |   512  ||    9    |
|                    grp_fu_2289                   |  p0  |   2  |  256 |   512  ||    9    |
|                    grp_fu_2302                   |  p0  |   2  |  256 |   512  ||    9    |
|                    grp_fu_2308                   |  p0  |   2  |  256 |   512  ||    9    |
|--------------------------------------------------|------|------|------|--------||---------||---------|
|                       Total                      |      |      |      |  49664 || 154.036 ||   873   |
|--------------------------------------------------|------|------|------|--------||---------||---------|



* Summary:
+-----------+--------+--------+--------+--------+
|           |   DSP  |  Delay |   FF   |   LUT  |
+-----------+--------+--------+--------+--------+
|  Function |  21495 |   379  | 562565 | 248057 |
|   Memory  |    -   |    -   |    -   |    -   |
|Multiplexer|    -   |   154  |    -   |   873  |
|  Register |    -   |    -   |  51510 |    -   |
+-----------+--------+--------+--------+--------+
|   Total   |  21495 |   533  | 614075 | 248930 |
+-----------+--------+--------+--------+--------+
