

================================================================
== Vitis HLS Report for 'poseidon_top'
================================================================
* Date:           Wed May  6 11:50:36 2026

* Version:        2023.2 (Build 4023990 on Oct 11 2023)
* Project:        poseidon_hls
* Solution:       solution1 (Vivado IP Flow Target)
* Product family: zynq
* Target device:  xc7z020-clg484-1


================================================================
== Performance Estimates
================================================================
+ Timing: 
    * Summary: 
    +--------+----------+----------+------------+
    |  Clock |  Target  | Estimated| Uncertainty|
    +--------+----------+----------+------------+
    |ap_clk  |  10.00 ns|  9.242 ns|     2.70 ns|
    +--------+----------+----------+------------+

+ Latency: 
    * Summary: 
    +---------+---------+----------+----------+--------+--------+---------+
    |  Latency (cycles) |  Latency (absolute) |     Interval    | Pipeline|
    |   min   |   max   |    min   |    max   |   min  |   max  |   Type  |
    +---------+---------+----------+----------+--------+--------+---------+
    |   187194|   293274|  1.872 ms|  2.933 ms|  187195|  293275|       no|
    +---------+---------+----------+----------+--------+--------+---------+

    + Detail: 
        * Instance: 
        N/A

        * Loop: 
        +--------------------+---------+---------+-------------+-----------+-----------+------+----------+
        |                    |  Latency (cycles) |  Iteration  |  Initiation Interval  | Trip |          |
        |      Loop Name     |   min   |   max   |   Latency   |  achieved |   target  | Count| Pipelined|
        +--------------------+---------+---------+-------------+-----------+-----------+------+----------+
        |- permutation_loop  |   187136|   293216|  2752 ~ 4312|          -|          -|    68|        no|
        +--------------------+---------+---------+-------------+-----------+-----------+------+----------+

============================================================
+ Verbose Summary: Synthesis Manager
============================================================
InlineROM: 1
ExposeGlobal: 0
============================================================
+ Verbose Summary: CDFG Model
============================================================
IsTopModel: 1
ResetActiveHigh: 1
IsCombinational: 0
IsDatapathOnly: 0
HasWiredReturn: 1
HasMFsm: 0
HasVarLatency: 1
IsPipeline: 0
IsRtlPipelined: 0
IsInstanceOverlapped: 0
IsDontTouch: 0
HasImplIP: 0
IsGatedGlobalClock: 0


============================================================
+ Verbose Summary: Schedule
============================================================
* Number of FSM states : 46
* Pipeline : 0
* Dataflow Pipeline: 0

* FSM state transitions: 
1 --> 2 
2 --> 3 
3 --> 4 
4 --> 5 
5 --> 6 45 
6 --> 7 
7 --> 8 
8 --> 9 
9 --> 10 
10 --> 11 
11 --> 12 
12 --> 13 
13 --> 14 
14 --> 15 
15 --> 16 
16 --> 17 
17 --> 18 
18 --> 19 
19 --> 20 
20 --> 21 
21 --> 22 
22 --> 23 
23 --> 24 
24 --> 25 
25 --> 26 
26 --> 27 
27 --> 28 
28 --> 29 
29 --> 30 
30 --> 31 
31 --> 32 
32 --> 33 
33 --> 34 
34 --> 35 
35 --> 36 
36 --> 37 
37 --> 38 
38 --> 39 
39 --> 40 
40 --> 41 42 
41 --> 42 
42 --> 43 
43 --> 44 
44 --> 5 
45 --> 46 
46 --> 

* FSM state operations: 

State 1 <SV = 0> <Delay = 1.58>
ST_1 : Operation 47 [1/1] (0.00ns)   --->   "%r = alloca i32 1" [poseidon.cpp:50]   --->   Operation 47 'alloca' 'r' <Predicate = true> <Delay = 0.00>
ST_1 : Operation 48 [1/1] (0.00ns)   --->   "%p_0_0_01942 = alloca i32 1"   --->   Operation 48 'alloca' 'p_0_0_01942' <Predicate = true> <Delay = 0.00>
ST_1 : Operation 49 [1/1] (0.00ns)   --->   "%p_0_0_011_144 = alloca i32 1"   --->   Operation 49 'alloca' 'p_0_0_011_144' <Predicate = true> <Delay = 0.00>
ST_1 : Operation 50 [1/1] (0.00ns)   --->   "%p_0_0_011_246 = alloca i32 1"   --->   Operation 50 'alloca' 'p_0_0_011_246' <Predicate = true> <Delay = 0.00>
ST_1 : Operation 51 [1/1] (0.00ns)   --->   "%p_0_0_011_348 = alloca i32 1"   --->   Operation 51 'alloca' 'p_0_0_011_348' <Predicate = true> <Delay = 0.00>
ST_1 : Operation 52 [1/1] (0.00ns)   --->   "%p_0_0_011_450 = alloca i32 1"   --->   Operation 52 'alloca' 'p_0_0_011_450' <Predicate = true> <Delay = 0.00>
ST_1 : Operation 53 [1/1] (0.00ns)   --->   "%p_0_0_011_552 = alloca i32 1"   --->   Operation 53 'alloca' 'p_0_0_011_552' <Predicate = true> <Delay = 0.00>
ST_1 : Operation 54 [1/1] (0.00ns)   --->   "%p_0_0_011_654 = alloca i32 1"   --->   Operation 54 'alloca' 'p_0_0_011_654' <Predicate = true> <Delay = 0.00>
ST_1 : Operation 55 [1/1] (0.00ns)   --->   "%p_0_0_011_756 = alloca i32 1"   --->   Operation 55 'alloca' 'p_0_0_011_756' <Predicate = true> <Delay = 0.00>
ST_1 : Operation 56 [1/1] (0.00ns)   --->   "%p_0_0_011_858 = alloca i32 1"   --->   Operation 56 'alloca' 'p_0_0_011_858' <Predicate = true> <Delay = 0.00>
ST_1 : Operation 57 [1/1] (0.00ns)   --->   "%p_0_0_011_960 = alloca i32 1"   --->   Operation 57 'alloca' 'p_0_0_011_960' <Predicate = true> <Delay = 0.00>
ST_1 : Operation 58 [1/1] (0.00ns)   --->   "%p_0_0_011_1062 = alloca i32 1"   --->   Operation 58 'alloca' 'p_0_0_011_1062' <Predicate = true> <Delay = 0.00>
ST_1 : Operation 59 [1/1] (0.00ns)   --->   "%p_0_0_011_1164 = alloca i32 1"   --->   Operation 59 'alloca' 'p_0_0_011_1164' <Predicate = true> <Delay = 0.00>
ST_1 : Operation 60 [1/1] (0.00ns)   --->   "%p_0_0_011_1266 = alloca i32 1"   --->   Operation 60 'alloca' 'p_0_0_011_1266' <Predicate = true> <Delay = 0.00>
ST_1 : Operation 61 [1/1] (0.00ns)   --->   "%p_0_0_011_1368 = alloca i32 1"   --->   Operation 61 'alloca' 'p_0_0_011_1368' <Predicate = true> <Delay = 0.00>
ST_1 : Operation 62 [1/1] (0.00ns)   --->   "%p_0_0_011_1470 = alloca i32 1"   --->   Operation 62 'alloca' 'p_0_0_011_1470' <Predicate = true> <Delay = 0.00>
ST_1 : Operation 63 [1/1] (0.00ns)   --->   "%p_0_0_011_1572 = alloca i32 1"   --->   Operation 63 'alloca' 'p_0_0_011_1572' <Predicate = true> <Delay = 0.00>
ST_1 : Operation 64 [1/1] (0.00ns)   --->   "%p_0_0_011_1674 = alloca i32 1"   --->   Operation 64 'alloca' 'p_0_0_011_1674' <Predicate = true> <Delay = 0.00>
ST_1 : Operation 65 [1/1] (0.00ns)   --->   "%p_0_0_011_1776 = alloca i32 1"   --->   Operation 65 'alloca' 'p_0_0_011_1776' <Predicate = true> <Delay = 0.00>
ST_1 : Operation 66 [1/1] (0.00ns)   --->   "%p_0_0_011_1878 = alloca i32 1"   --->   Operation 66 'alloca' 'p_0_0_011_1878' <Predicate = true> <Delay = 0.00>
ST_1 : Operation 67 [1/1] (0.00ns)   --->   "%p_0_0_011_1980 = alloca i32 1"   --->   Operation 67 'alloca' 'p_0_0_011_1980' <Predicate = true> <Delay = 0.00>
ST_1 : Operation 68 [1/1] (0.00ns)   --->   "%p_0_0_011_2082 = alloca i32 1"   --->   Operation 68 'alloca' 'p_0_0_011_2082' <Predicate = true> <Delay = 0.00>
ST_1 : Operation 69 [1/1] (0.00ns)   --->   "%p_0_0_011_2184 = alloca i32 1"   --->   Operation 69 'alloca' 'p_0_0_011_2184' <Predicate = true> <Delay = 0.00>
ST_1 : Operation 70 [1/1] (0.00ns)   --->   "%p_0_0_011_2286 = alloca i32 1"   --->   Operation 70 'alloca' 'p_0_0_011_2286' <Predicate = true> <Delay = 0.00>
ST_1 : Operation 71 [1/1] (0.00ns)   --->   "%p_0_0_011_2388 = alloca i32 1"   --->   Operation 71 'alloca' 'p_0_0_011_2388' <Predicate = true> <Delay = 0.00>
ST_1 : Operation 72 [1/1] (0.00ns)   --->   "%rc_idx = alloca i32 1" [poseidon.cpp:49]   --->   Operation 72 'alloca' 'rc_idx' <Predicate = true> <Delay = 0.00>
ST_1 : Operation 73 [1/1] (1.00ns)   --->   "%mds_matrix_read = read i64 @_ssdm_op_Read.s_axilite.i64, i64 %mds_matrix"   --->   Operation 73 'read' 'mds_matrix_read' <Predicate = true> <Delay = 1.00> <CoreInst = "s_axilite">   --->   Core 114 's_axilite' <Latency = 0> <II = 1> <Delay = 1.00> <Adapter> <Opcode : 'read' 'write'>
ST_1 : Operation 74 [1/1] (1.00ns)   --->   "%round_constants_read = read i64 @_ssdm_op_Read.s_axilite.i64, i64 %round_constants"   --->   Operation 74 'read' 'round_constants_read' <Predicate = true> <Delay = 1.00> <CoreInst = "s_axilite">   --->   Core 114 's_axilite' <Latency = 0> <II = 1> <Delay = 1.00> <Adapter> <Opcode : 'read' 'write'>
ST_1 : Operation 75 [1/1] (0.00ns)   --->   "%trunc_ln = partselect i59 @_ssdm_op_PartSelect.i59.i64.i32.i32, i64 %round_constants_read, i32 5, i32 63" [poseidon.cpp:50]   --->   Operation 75 'partselect' 'trunc_ln' <Predicate = true> <Delay = 0.00>
ST_1 : Operation 76 [1/1] (0.00ns)   --->   "%trunc_ln73_1 = partselect i59 @_ssdm_op_PartSelect.i59.i64.i32.i32, i64 %mds_matrix_read, i32 5, i32 63" [poseidon.cpp:73]   --->   Operation 76 'partselect' 'trunc_ln73_1' <Predicate = true> <Delay = 0.00>
ST_1 : Operation 77 [1/1] (1.58ns)   --->   "%store_ln49 = store i11 0, i11 %rc_idx" [poseidon.cpp:49]   --->   Operation 77 'store' 'store_ln49' <Predicate = true> <Delay = 1.58>
ST_1 : Operation 78 [1/1] (1.58ns)   --->   "%store_ln50 = store i7 0, i7 %r" [poseidon.cpp:50]   --->   Operation 78 'store' 'store_ln50' <Predicate = true> <Delay = 1.58>

State 2 <SV = 1> <Delay = 2.58>
ST_2 : Operation 79 [1/1] (0.00ns)   --->   "%empty = wait i32 @_ssdm_op_Wait"   --->   Operation 79 'wait' 'empty' <Predicate = true> <Delay = 0.00>
ST_2 : Operation 80 [2/2] (2.58ns)   --->   "%call_ln0 = call void @poseidon_top_Pipeline_VITIS_LOOP_42_1, i512 %in_stream, i256 %p_0_0_011_2388, i256 %p_0_0_011_2286, i256 %p_0_0_011_2184, i256 %p_0_0_011_2082, i256 %p_0_0_011_1980, i256 %p_0_0_011_1878, i256 %p_0_0_011_1776, i256 %p_0_0_011_1674, i256 %p_0_0_011_1572, i256 %p_0_0_011_1470, i256 %p_0_0_011_1368, i256 %p_0_0_011_1266, i256 %p_0_0_011_1164, i256 %p_0_0_011_1062, i256 %p_0_0_011_960, i256 %p_0_0_011_858, i256 %p_0_0_011_756, i256 %p_0_0_011_654, i256 %p_0_0_011_552, i256 %p_0_0_011_450, i256 %p_0_0_011_348, i256 %p_0_0_011_246, i256 %p_0_0_011_144, i256 %p_0_0_01942"   --->   Operation 80 'call' 'call_ln0' <Predicate = true> <Delay = 2.58> <CoreType = "Generic">   --->   Core 0 '' <Latency = 0> <II = 1> <Delay = 1.00> <Generic> <Opcode : >

State 3 <SV = 2> <Delay = 0.00>
ST_3 : Operation 81 [1/2] (0.00ns)   --->   "%call_ln0 = call void @poseidon_top_Pipeline_VITIS_LOOP_42_1, i512 %in_stream, i256 %p_0_0_011_2388, i256 %p_0_0_011_2286, i256 %p_0_0_011_2184, i256 %p_0_0_011_2082, i256 %p_0_0_011_1980, i256 %p_0_0_011_1878, i256 %p_0_0_011_1776, i256 %p_0_0_011_1674, i256 %p_0_0_011_1572, i256 %p_0_0_011_1470, i256 %p_0_0_011_1368, i256 %p_0_0_011_1266, i256 %p_0_0_011_1164, i256 %p_0_0_011_1062, i256 %p_0_0_011_960, i256 %p_0_0_011_858, i256 %p_0_0_011_756, i256 %p_0_0_011_654, i256 %p_0_0_011_552, i256 %p_0_0_011_450, i256 %p_0_0_011_348, i256 %p_0_0_011_246, i256 %p_0_0_011_144, i256 %p_0_0_01942"   --->   Operation 81 'call' 'call_ln0' <Predicate = true> <Delay = 0.00> <CoreType = "Generic">   --->   Core 0 '' <Latency = 0> <II = 1> <Delay = 1.00> <Generic> <Opcode : >

State 4 <SV = 3> <Delay = 3.39>
ST_4 : Operation 82 [1/1] (0.00ns)   --->   "%spectopmodule_ln26 = spectopmodule void @_ssdm_op_SpecTopModule, void @empty_15" [poseidon.cpp:26]   --->   Operation 82 'spectopmodule' 'spectopmodule_ln26' <Predicate = true> <Delay = 0.00>
ST_4 : Operation 83 [1/1] (0.00ns)   --->   "%specinterface_ln0 = specinterface void @_ssdm_op_SpecInterface, i256 %gmem, void @empty_2, i32 0, i32 0, void @empty_3, i32 0, i32 0, void @empty_4, void @empty_5, void @empty_3, i32 16, i32 16, i32 16, i32 16, void @empty_3, void @empty_3, i32 4294967295, i32 0"   --->   Operation 83 'specinterface' 'specinterface_ln0' <Predicate = true> <Delay = 0.00>
ST_4 : Operation 84 [1/1] (0.00ns)   --->   "%specbitsmap_ln0 = specbitsmap void @_ssdm_op_SpecBitsMap, i256 %gmem"   --->   Operation 84 'specbitsmap' 'specbitsmap_ln0' <Predicate = true> <Delay = 0.00>
ST_4 : Operation 85 [1/1] (0.00ns)   --->   "%specinterface_ln0 = specinterface void @_ssdm_op_SpecInterface, i512 %in_stream, void @empty_6, i32 1, i32 1, void @empty, i32 0, i32 0, void @empty_3, void @empty_3, void @empty_3, i32 0, i32 0, i32 0, i32 0, void @empty_3, void @empty_3, i32 4294967295, i32 0"   --->   Operation 85 'specinterface' 'specinterface_ln0' <Predicate = true> <Delay = 0.00>
ST_4 : Operation 86 [1/1] (0.00ns)   --->   "%specbitsmap_ln0 = specbitsmap void @_ssdm_op_SpecBitsMap, i512 %in_stream"   --->   Operation 86 'specbitsmap' 'specbitsmap_ln0' <Predicate = true> <Delay = 0.00>
ST_4 : Operation 87 [1/1] (0.00ns)   --->   "%specinterface_ln0 = specinterface void @_ssdm_op_SpecInterface, i512 %out_stream, void @empty_6, i32 1, i32 1, void @empty, i32 0, i32 0, void @empty_3, void @empty_3, void @empty_3, i32 0, i32 0, i32 0, i32 0, void @empty_3, void @empty_3, i32 4294967295, i32 0"   --->   Operation 87 'specinterface' 'specinterface_ln0' <Predicate = true> <Delay = 0.00>
ST_4 : Operation 88 [1/1] (0.00ns)   --->   "%specbitsmap_ln0 = specbitsmap void @_ssdm_op_SpecBitsMap, i512 %out_stream"   --->   Operation 88 'specbitsmap' 'specbitsmap_ln0' <Predicate = true> <Delay = 0.00>
ST_4 : Operation 89 [1/1] (0.00ns)   --->   "%specinterface_ln0 = specinterface void @_ssdm_op_SpecInterface, i64 %round_constants, void @empty_1, i32 0, i32 0, void @empty_3, i32 0, i32 0, void @empty_8, void @empty_11, void @empty_3, i32 0, i32 0, i32 0, i32 0, void @empty_3, void @empty_12, i32 4294967295, i32 0"   --->   Operation 89 'specinterface' 'specinterface_ln0' <Predicate = true> <Delay = 0.00>
ST_4 : Operation 90 [1/1] (0.00ns)   --->   "%specinterface_ln0 = specinterface void @_ssdm_op_SpecInterface, i64 %round_constants, void @empty_13, i32 0, i32 0, void @empty_3, i32 0, i32 0, void @empty_3, void @empty_3, void @empty_3, i32 0, i32 0, i32 0, i32 0, void @empty_3, void @empty_12, i32 4294967295, i32 0"   --->   Operation 90 'specinterface' 'specinterface_ln0' <Predicate = true> <Delay = 0.00>
ST_4 : Operation 91 [1/1] (0.00ns)   --->   "%specinterface_ln0 = specinterface void @_ssdm_op_SpecInterface, i64 %mds_matrix, void @empty_1, i32 0, i32 0, void @empty_3, i32 0, i32 0, void @empty_8, void @empty_14, void @empty_3, i32 0, i32 0, i32 0, i32 0, void @empty_3, void @empty_12, i32 4294967295, i32 0"   --->   Operation 91 'specinterface' 'specinterface_ln0' <Predicate = true> <Delay = 0.00>
ST_4 : Operation 92 [1/1] (0.00ns)   --->   "%specinterface_ln0 = specinterface void @_ssdm_op_SpecInterface, i64 %mds_matrix, void @empty_13, i32 0, i32 0, void @empty_3, i32 0, i32 0, void @empty_3, void @empty_3, void @empty_3, i32 0, i32 0, i32 0, i32 0, void @empty_3, void @empty_12, i32 4294967295, i32 0"   --->   Operation 92 'specinterface' 'specinterface_ln0' <Predicate = true> <Delay = 0.00>
ST_4 : Operation 93 [1/1] (0.00ns)   --->   "%specinterface_ln0 = specinterface void @_ssdm_op_SpecInterface, i32 0, void @empty_1, i32 0, i32 0, void @empty_3, i32 0, i32 0, void @empty_8, void @empty_3, void @empty_3, i32 0, i32 0, i32 0, i32 0, void @empty_3, void @empty_3, i32 4294967295, i32 0"   --->   Operation 93 'specinterface' 'specinterface_ln0' <Predicate = true> <Delay = 0.00>
ST_4 : Operation 94 [1/1] (0.00ns)   --->   "%empty_23 = wait i32 @_ssdm_op_Wait"   --->   Operation 94 'wait' 'empty_23' <Predicate = true> <Delay = 0.00>
ST_4 : Operation 95 [1/1] (0.00ns)   --->   "%sext_ln73 = sext i59 %trunc_ln" [poseidon.cpp:73]   --->   Operation 95 'sext' 'sext_ln73' <Predicate = true> <Delay = 0.00>
ST_4 : Operation 96 [1/1] (3.39ns)   --->   "%add_ln55_8 = add i60 %sext_ln73, i60 8" [poseidon.cpp:55]   --->   Operation 96 'add' 'add_ln55_8' <Predicate = true> <Delay = 3.39> <CoreInst = "Adder">   --->   Core 1 'Adder' <Latency = 0> <II = 1> <Delay = 3.39> <FuncUnit> <Opcode : 'add' 'sub'> <InPorts = 2> <OutPorts = 1>
ST_4 : Operation 97 [1/1] (3.39ns)   --->   "%add_ln55_10 = add i60 %sext_ln73, i60 9" [poseidon.cpp:55]   --->   Operation 97 'add' 'add_ln55_10' <Predicate = true> <Delay = 3.39> <CoreInst = "Adder">   --->   Core 1 'Adder' <Latency = 0> <II = 1> <Delay = 3.39> <FuncUnit> <Opcode : 'add' 'sub'> <InPorts = 2> <OutPorts = 1>
ST_4 : Operation 98 [1/1] (3.39ns)   --->   "%add_ln55_12 = add i60 %sext_ln73, i60 10" [poseidon.cpp:55]   --->   Operation 98 'add' 'add_ln55_12' <Predicate = true> <Delay = 3.39> <CoreInst = "Adder">   --->   Core 1 'Adder' <Latency = 0> <II = 1> <Delay = 3.39> <FuncUnit> <Opcode : 'add' 'sub'> <InPorts = 2> <OutPorts = 1>
ST_4 : Operation 99 [1/1] (3.39ns)   --->   "%add_ln55_14 = add i60 %sext_ln73, i60 11" [poseidon.cpp:55]   --->   Operation 99 'add' 'add_ln55_14' <Predicate = true> <Delay = 3.39> <CoreInst = "Adder">   --->   Core 1 'Adder' <Latency = 0> <II = 1> <Delay = 3.39> <FuncUnit> <Opcode : 'add' 'sub'> <InPorts = 2> <OutPorts = 1>
ST_4 : Operation 100 [1/1] (3.39ns)   --->   "%add_ln55_16 = add i60 %sext_ln73, i60 12" [poseidon.cpp:55]   --->   Operation 100 'add' 'add_ln55_16' <Predicate = true> <Delay = 3.39> <CoreInst = "Adder">   --->   Core 1 'Adder' <Latency = 0> <II = 1> <Delay = 3.39> <FuncUnit> <Opcode : 'add' 'sub'> <InPorts = 2> <OutPorts = 1>
ST_4 : Operation 101 [1/1] (3.39ns)   --->   "%add_ln55_18 = add i60 %sext_ln73, i60 13" [poseidon.cpp:55]   --->   Operation 101 'add' 'add_ln55_18' <Predicate = true> <Delay = 3.39> <CoreInst = "Adder">   --->   Core 1 'Adder' <Latency = 0> <II = 1> <Delay = 3.39> <FuncUnit> <Opcode : 'add' 'sub'> <InPorts = 2> <OutPorts = 1>
ST_4 : Operation 102 [1/1] (3.39ns)   --->   "%add_ln55_20 = add i60 %sext_ln73, i60 14" [poseidon.cpp:55]   --->   Operation 102 'add' 'add_ln55_20' <Predicate = true> <Delay = 3.39> <CoreInst = "Adder">   --->   Core 1 'Adder' <Latency = 0> <II = 1> <Delay = 3.39> <FuncUnit> <Opcode : 'add' 'sub'> <InPorts = 2> <OutPorts = 1>
ST_4 : Operation 103 [1/1] (3.39ns)   --->   "%add_ln55_22 = add i60 %sext_ln73, i60 15" [poseidon.cpp:55]   --->   Operation 103 'add' 'add_ln55_22' <Predicate = true> <Delay = 3.39> <CoreInst = "Adder">   --->   Core 1 'Adder' <Latency = 0> <II = 1> <Delay = 3.39> <FuncUnit> <Opcode : 'add' 'sub'> <InPorts = 2> <OutPorts = 1>
ST_4 : Operation 104 [1/1] (3.39ns)   --->   "%add_ln55_24 = add i60 %sext_ln73, i60 16" [poseidon.cpp:55]   --->   Operation 104 'add' 'add_ln55_24' <Predicate = true> <Delay = 3.39> <CoreInst = "Adder">   --->   Core 1 'Adder' <Latency = 0> <II = 1> <Delay = 3.39> <FuncUnit> <Opcode : 'add' 'sub'> <InPorts = 2> <OutPorts = 1>
ST_4 : Operation 105 [1/1] (3.39ns)   --->   "%add_ln55_26 = add i60 %sext_ln73, i60 17" [poseidon.cpp:55]   --->   Operation 105 'add' 'add_ln55_26' <Predicate = true> <Delay = 3.39> <CoreInst = "Adder">   --->   Core 1 'Adder' <Latency = 0> <II = 1> <Delay = 3.39> <FuncUnit> <Opcode : 'add' 'sub'> <InPorts = 2> <OutPorts = 1>
ST_4 : Operation 106 [1/1] (3.39ns)   --->   "%add_ln55_28 = add i60 %sext_ln73, i60 18" [poseidon.cpp:55]   --->   Operation 106 'add' 'add_ln55_28' <Predicate = true> <Delay = 3.39> <CoreInst = "Adder">   --->   Core 1 'Adder' <Latency = 0> <II = 1> <Delay = 3.39> <FuncUnit> <Opcode : 'add' 'sub'> <InPorts = 2> <OutPorts = 1>
ST_4 : Operation 107 [1/1] (3.39ns)   --->   "%add_ln55_30 = add i60 %sext_ln73, i60 19" [poseidon.cpp:55]   --->   Operation 107 'add' 'add_ln55_30' <Predicate = true> <Delay = 3.39> <CoreInst = "Adder">   --->   Core 1 'Adder' <Latency = 0> <II = 1> <Delay = 3.39> <FuncUnit> <Opcode : 'add' 'sub'> <InPorts = 2> <OutPorts = 1>
ST_4 : Operation 108 [1/1] (3.39ns)   --->   "%add_ln55_32 = add i60 %sext_ln73, i60 20" [poseidon.cpp:55]   --->   Operation 108 'add' 'add_ln55_32' <Predicate = true> <Delay = 3.39> <CoreInst = "Adder">   --->   Core 1 'Adder' <Latency = 0> <II = 1> <Delay = 3.39> <FuncUnit> <Opcode : 'add' 'sub'> <InPorts = 2> <OutPorts = 1>
ST_4 : Operation 109 [1/1] (3.39ns)   --->   "%add_ln55_34 = add i60 %sext_ln73, i60 21" [poseidon.cpp:55]   --->   Operation 109 'add' 'add_ln55_34' <Predicate = true> <Delay = 3.39> <CoreInst = "Adder">   --->   Core 1 'Adder' <Latency = 0> <II = 1> <Delay = 3.39> <FuncUnit> <Opcode : 'add' 'sub'> <InPorts = 2> <OutPorts = 1>
ST_4 : Operation 110 [1/1] (3.39ns)   --->   "%add_ln55_36 = add i60 %sext_ln73, i60 22" [poseidon.cpp:55]   --->   Operation 110 'add' 'add_ln55_36' <Predicate = true> <Delay = 3.39> <CoreInst = "Adder">   --->   Core 1 'Adder' <Latency = 0> <II = 1> <Delay = 3.39> <FuncUnit> <Opcode : 'add' 'sub'> <InPorts = 2> <OutPorts = 1>
ST_4 : Operation 111 [1/1] (3.39ns)   --->   "%add_ln55_38 = add i60 %sext_ln73, i60 23" [poseidon.cpp:55]   --->   Operation 111 'add' 'add_ln55_38' <Predicate = true> <Delay = 3.39> <CoreInst = "Adder">   --->   Core 1 'Adder' <Latency = 0> <II = 1> <Delay = 3.39> <FuncUnit> <Opcode : 'add' 'sub'> <InPorts = 2> <OutPorts = 1>
ST_4 : Operation 112 [1/1] (0.00ns)   --->   "%br_ln50 = br void %rc_add" [poseidon.cpp:50]   --->   Operation 112 'br' 'br_ln50' <Predicate = true> <Delay = 0.00>

State 5 <SV = 4> <Delay = 5.07>
ST_5 : Operation 113 [1/1] (0.00ns)   --->   "%r_1 = load i7 %r" [poseidon.cpp:50]   --->   Operation 113 'load' 'r_1' <Predicate = true> <Delay = 0.00>
ST_5 : Operation 114 [1/1] (1.87ns)   --->   "%icmp_ln50 = icmp_eq  i7 %r_1, i7 68" [poseidon.cpp:50]   --->   Operation 114 'icmp' 'icmp_ln50' <Predicate = true> <Delay = 1.87> <CoreInst = "Cmp">   --->   Core 9 'Cmp' <Latency = 0> <II = 1> <Delay = 1.87> <FuncUnit> <Opcode : 'icmp'> <InPorts = 2> <OutPorts = 1>
ST_5 : Operation 115 [1/1] (1.87ns)   --->   "%r_2 = add i7 %r_1, i7 1" [poseidon.cpp:50]   --->   Operation 115 'add' 'r_2' <Predicate = true> <Delay = 1.87> <CoreInst = "Adder">   --->   Core 1 'Adder' <Latency = 0> <II = 1> <Delay = 1.87> <FuncUnit> <Opcode : 'add' 'sub'> <InPorts = 2> <OutPorts = 1>
ST_5 : Operation 116 [1/1] (0.00ns)   --->   "%br_ln50 = br i1 %icmp_ln50, void %rc_add.split, void %for.inc100.preheader" [poseidon.cpp:50]   --->   Operation 116 'br' 'br_ln50' <Predicate = true> <Delay = 0.00>
ST_5 : Operation 117 [1/1] (0.00ns)   --->   "%rc_idx_load = load i11 %rc_idx" [poseidon.cpp:55]   --->   Operation 117 'load' 'rc_idx_load' <Predicate = (!icmp_ln50)> <Delay = 0.00>
ST_5 : Operation 118 [1/1] (0.00ns)   --->   "%zext_ln50 = zext i11 %rc_idx_load" [poseidon.cpp:50]   --->   Operation 118 'zext' 'zext_ln50' <Predicate = (!icmp_ln50)> <Delay = 0.00>
ST_5 : Operation 119 [1/1] (3.39ns)   --->   "%add_ln55 = add i60 %zext_ln50, i60 %sext_ln73" [poseidon.cpp:55]   --->   Operation 119 'add' 'add_ln55' <Predicate = (!icmp_ln50)> <Delay = 3.39> <CoreInst = "Adder">   --->   Core 1 'Adder' <Latency = 0> <II = 1> <Delay = 3.39> <FuncUnit> <Opcode : 'add' 'sub'> <InPorts = 2> <OutPorts = 1>
ST_5 : Operation 120 [1/1] (3.41ns)   --->   "%add_ln55_9 = add i60 %add_ln55_8, i60 %zext_ln50" [poseidon.cpp:55]   --->   Operation 120 'add' 'add_ln55_9' <Predicate = (!icmp_ln50)> <Delay = 3.41> <CoreInst = "Adder">   --->   Core 1 'Adder' <Latency = 0> <II = 1> <Delay = 3.41> <FuncUnit> <Opcode : 'add' 'sub'> <InPorts = 2> <OutPorts = 1>
ST_5 : Operation 121 [1/1] (3.41ns)   --->   "%add_ln55_11 = add i60 %add_ln55_10, i60 %zext_ln50" [poseidon.cpp:55]   --->   Operation 121 'add' 'add_ln55_11' <Predicate = (!icmp_ln50)> <Delay = 3.41> <CoreInst = "Adder">   --->   Core 1 'Adder' <Latency = 0> <II = 1> <Delay = 3.41> <FuncUnit> <Opcode : 'add' 'sub'> <InPorts = 2> <OutPorts = 1>
ST_5 : Operation 122 [1/1] (3.41ns)   --->   "%add_ln55_13 = add i60 %add_ln55_12, i60 %zext_ln50" [poseidon.cpp:55]   --->   Operation 122 'add' 'add_ln55_13' <Predicate = (!icmp_ln50)> <Delay = 3.41> <CoreInst = "Adder">   --->   Core 1 'Adder' <Latency = 0> <II = 1> <Delay = 3.41> <FuncUnit> <Opcode : 'add' 'sub'> <InPorts = 2> <OutPorts = 1>
ST_5 : Operation 123 [1/1] (3.41ns)   --->   "%add_ln55_15 = add i60 %add_ln55_14, i60 %zext_ln50" [poseidon.cpp:55]   --->   Operation 123 'add' 'add_ln55_15' <Predicate = (!icmp_ln50)> <Delay = 3.41> <CoreInst = "Adder">   --->   Core 1 'Adder' <Latency = 0> <II = 1> <Delay = 3.41> <FuncUnit> <Opcode : 'add' 'sub'> <InPorts = 2> <OutPorts = 1>
ST_5 : Operation 124 [1/1] (3.41ns)   --->   "%add_ln55_17 = add i60 %add_ln55_16, i60 %zext_ln50" [poseidon.cpp:55]   --->   Operation 124 'add' 'add_ln55_17' <Predicate = (!icmp_ln50)> <Delay = 3.41> <CoreInst = "Adder">   --->   Core 1 'Adder' <Latency = 0> <II = 1> <Delay = 3.41> <FuncUnit> <Opcode : 'add' 'sub'> <InPorts = 2> <OutPorts = 1>
ST_5 : Operation 125 [1/1] (3.41ns)   --->   "%add_ln55_19 = add i60 %add_ln55_18, i60 %zext_ln50" [poseidon.cpp:55]   --->   Operation 125 'add' 'add_ln55_19' <Predicate = (!icmp_ln50)> <Delay = 3.41> <CoreInst = "Adder">   --->   Core 1 'Adder' <Latency = 0> <II = 1> <Delay = 3.41> <FuncUnit> <Opcode : 'add' 'sub'> <InPorts = 2> <OutPorts = 1>
ST_5 : Operation 126 [1/1] (3.41ns)   --->   "%add_ln55_21 = add i60 %add_ln55_20, i60 %zext_ln50" [poseidon.cpp:55]   --->   Operation 126 'add' 'add_ln55_21' <Predicate = (!icmp_ln50)> <Delay = 3.41> <CoreInst = "Adder">   --->   Core 1 'Adder' <Latency = 0> <II = 1> <Delay = 3.41> <FuncUnit> <Opcode : 'add' 'sub'> <InPorts = 2> <OutPorts = 1>
ST_5 : Operation 127 [1/1] (3.41ns)   --->   "%add_ln55_23 = add i60 %add_ln55_22, i60 %zext_ln50" [poseidon.cpp:55]   --->   Operation 127 'add' 'add_ln55_23' <Predicate = (!icmp_ln50)> <Delay = 3.41> <CoreInst = "Adder">   --->   Core 1 'Adder' <Latency = 0> <II = 1> <Delay = 3.41> <FuncUnit> <Opcode : 'add' 'sub'> <InPorts = 2> <OutPorts = 1>
ST_5 : Operation 128 [1/1] (3.41ns)   --->   "%add_ln55_25 = add i60 %add_ln55_24, i60 %zext_ln50" [poseidon.cpp:55]   --->   Operation 128 'add' 'add_ln55_25' <Predicate = (!icmp_ln50)> <Delay = 3.41> <CoreInst = "Adder">   --->   Core 1 'Adder' <Latency = 0> <II = 1> <Delay = 3.41> <FuncUnit> <Opcode : 'add' 'sub'> <InPorts = 2> <OutPorts = 1>
ST_5 : Operation 129 [1/1] (3.41ns)   --->   "%add_ln55_27 = add i60 %add_ln55_26, i60 %zext_ln50" [poseidon.cpp:55]   --->   Operation 129 'add' 'add_ln55_27' <Predicate = (!icmp_ln50)> <Delay = 3.41> <CoreInst = "Adder">   --->   Core 1 'Adder' <Latency = 0> <II = 1> <Delay = 3.41> <FuncUnit> <Opcode : 'add' 'sub'> <InPorts = 2> <OutPorts = 1>
ST_5 : Operation 130 [1/1] (3.41ns)   --->   "%add_ln55_29 = add i60 %add_ln55_28, i60 %zext_ln50" [poseidon.cpp:55]   --->   Operation 130 'add' 'add_ln55_29' <Predicate = (!icmp_ln50)> <Delay = 3.41> <CoreInst = "Adder">   --->   Core 1 'Adder' <Latency = 0> <II = 1> <Delay = 3.41> <FuncUnit> <Opcode : 'add' 'sub'> <InPorts = 2> <OutPorts = 1>
ST_5 : Operation 131 [1/1] (3.41ns)   --->   "%add_ln55_31 = add i60 %add_ln55_30, i60 %zext_ln50" [poseidon.cpp:55]   --->   Operation 131 'add' 'add_ln55_31' <Predicate = (!icmp_ln50)> <Delay = 3.41> <CoreInst = "Adder">   --->   Core 1 'Adder' <Latency = 0> <II = 1> <Delay = 3.41> <FuncUnit> <Opcode : 'add' 'sub'> <InPorts = 2> <OutPorts = 1>
ST_5 : Operation 132 [1/1] (3.41ns)   --->   "%add_ln55_33 = add i60 %add_ln55_32, i60 %zext_ln50" [poseidon.cpp:55]   --->   Operation 132 'add' 'add_ln55_33' <Predicate = (!icmp_ln50)> <Delay = 3.41> <CoreInst = "Adder">   --->   Core 1 'Adder' <Latency = 0> <II = 1> <Delay = 3.41> <FuncUnit> <Opcode : 'add' 'sub'> <InPorts = 2> <OutPorts = 1>
ST_5 : Operation 133 [1/1] (3.41ns)   --->   "%add_ln55_35 = add i60 %add_ln55_34, i60 %zext_ln50" [poseidon.cpp:55]   --->   Operation 133 'add' 'add_ln55_35' <Predicate = (!icmp_ln50)> <Delay = 3.41> <CoreInst = "Adder">   --->   Core 1 'Adder' <Latency = 0> <II = 1> <Delay = 3.41> <FuncUnit> <Opcode : 'add' 'sub'> <InPorts = 2> <OutPorts = 1>
ST_5 : Operation 134 [1/1] (3.41ns)   --->   "%add_ln55_37 = add i60 %add_ln55_36, i60 %zext_ln50" [poseidon.cpp:55]   --->   Operation 134 'add' 'add_ln55_37' <Predicate = (!icmp_ln50)> <Delay = 3.41> <CoreInst = "Adder">   --->   Core 1 'Adder' <Latency = 0> <II = 1> <Delay = 3.41> <FuncUnit> <Opcode : 'add' 'sub'> <InPorts = 2> <OutPorts = 1>
ST_5 : Operation 135 [1/1] (3.41ns)   --->   "%add_ln55_39 = add i60 %add_ln55_38, i60 %zext_ln50" [poseidon.cpp:55]   --->   Operation 135 'add' 'add_ln55_39' <Predicate = (!icmp_ln50)> <Delay = 3.41> <CoreInst = "Adder">   --->   Core 1 'Adder' <Latency = 0> <II = 1> <Delay = 3.41> <FuncUnit> <Opcode : 'add' 'sub'> <InPorts = 2> <OutPorts = 1>
ST_5 : Operation 136 [1/1] (0.00ns)   --->   "%tmp = partselect i5 @_ssdm_op_PartSelect.i5.i7.i32.i32, i7 %r_1, i32 2, i32 6" [poseidon.cpp:50]   --->   Operation 136 'partselect' 'tmp' <Predicate = (!icmp_ln50)> <Delay = 0.00>
ST_5 : Operation 137 [1/1] (1.78ns)   --->   "%icmp = icmp_eq  i5 %tmp, i5 0" [poseidon.cpp:50]   --->   Operation 137 'icmp' 'icmp' <Predicate = (!icmp_ln50)> <Delay = 1.78> <CoreInst = "Cmp">   --->   Core 9 'Cmp' <Latency = 0> <II = 1> <Delay = 1.78> <FuncUnit> <Opcode : 'icmp'> <InPorts = 2> <OutPorts = 1>
ST_5 : Operation 138 [1/1] (0.00ns)   --->   "%tmp_1 = bitselect i1 @_ssdm_op_BitSelect.i1.i7.i32, i7 %r_1, i32 6" [poseidon.cpp:50]   --->   Operation 138 'bitselect' 'tmp_1' <Predicate = (!icmp_ln50)> <Delay = 0.00>
ST_5 : Operation 139 [1/1] (0.97ns)   --->   "%or_ln62 = or i1 %icmp, i1 %tmp_1" [poseidon.cpp:62]   --->   Operation 139 'or' 'or_ln62' <Predicate = (!icmp_ln50)> <Delay = 0.97> <CoreInst = "LogicGate">   --->   Core 74 'LogicGate' <Latency = 0> <II = 1> <Delay = 0.97> <FuncUnit> <Opcode : 'and' 'or' 'xor'> <InPorts = 2> <OutPorts = 1>
ST_5 : Operation 140 [1/1] (0.00ns)   --->   "%p_0_0_01942_load_1 = load i256 %p_0_0_01942"   --->   Operation 140 'load' 'p_0_0_01942_load_1' <Predicate = (icmp_ln50)> <Delay = 0.00>
ST_5 : Operation 141 [1/1] (0.00ns)   --->   "%p_0_0_011_144_load_1 = load i256 %p_0_0_011_144"   --->   Operation 141 'load' 'p_0_0_011_144_load_1' <Predicate = (icmp_ln50)> <Delay = 0.00>
ST_5 : Operation 142 [1/1] (0.00ns)   --->   "%p_0_0_011_246_load_1 = load i256 %p_0_0_011_246"   --->   Operation 142 'load' 'p_0_0_011_246_load_1' <Predicate = (icmp_ln50)> <Delay = 0.00>
ST_5 : Operation 143 [1/1] (0.00ns)   --->   "%p_0_0_011_348_load_1 = load i256 %p_0_0_011_348"   --->   Operation 143 'load' 'p_0_0_011_348_load_1' <Predicate = (icmp_ln50)> <Delay = 0.00>
ST_5 : Operation 144 [1/1] (0.00ns)   --->   "%p_0_0_011_450_load_1 = load i256 %p_0_0_011_450"   --->   Operation 144 'load' 'p_0_0_011_450_load_1' <Predicate = (icmp_ln50)> <Delay = 0.00>
ST_5 : Operation 145 [1/1] (0.00ns)   --->   "%p_0_0_011_552_load_1 = load i256 %p_0_0_011_552"   --->   Operation 145 'load' 'p_0_0_011_552_load_1' <Predicate = (icmp_ln50)> <Delay = 0.00>
ST_5 : Operation 146 [1/1] (0.00ns)   --->   "%p_0_0_011_654_load_1 = load i256 %p_0_0_011_654"   --->   Operation 146 'load' 'p_0_0_011_654_load_1' <Predicate = (icmp_ln50)> <Delay = 0.00>
ST_5 : Operation 147 [1/1] (0.00ns)   --->   "%p_0_0_011_756_load_1 = load i256 %p_0_0_011_756"   --->   Operation 147 'load' 'p_0_0_011_756_load_1' <Predicate = (icmp_ln50)> <Delay = 0.00>
ST_5 : Operation 148 [1/1] (0.00ns)   --->   "%p_0_0_011_858_load_1 = load i256 %p_0_0_011_858"   --->   Operation 148 'load' 'p_0_0_011_858_load_1' <Predicate = (icmp_ln50)> <Delay = 0.00>
ST_5 : Operation 149 [1/1] (0.00ns)   --->   "%p_0_0_011_960_load_1 = load i256 %p_0_0_011_960"   --->   Operation 149 'load' 'p_0_0_011_960_load_1' <Predicate = (icmp_ln50)> <Delay = 0.00>
ST_5 : Operation 150 [1/1] (0.00ns)   --->   "%p_0_0_011_1062_load_1 = load i256 %p_0_0_011_1062"   --->   Operation 150 'load' 'p_0_0_011_1062_load_1' <Predicate = (icmp_ln50)> <Delay = 0.00>
ST_5 : Operation 151 [1/1] (0.00ns)   --->   "%p_0_0_011_1164_load_1 = load i256 %p_0_0_011_1164"   --->   Operation 151 'load' 'p_0_0_011_1164_load_1' <Predicate = (icmp_ln50)> <Delay = 0.00>
ST_5 : Operation 152 [1/1] (0.00ns)   --->   "%p_0_0_011_1266_load_1 = load i256 %p_0_0_011_1266"   --->   Operation 152 'load' 'p_0_0_011_1266_load_1' <Predicate = (icmp_ln50)> <Delay = 0.00>
ST_5 : Operation 153 [1/1] (0.00ns)   --->   "%p_0_0_011_1368_load_1 = load i256 %p_0_0_011_1368"   --->   Operation 153 'load' 'p_0_0_011_1368_load_1' <Predicate = (icmp_ln50)> <Delay = 0.00>
ST_5 : Operation 154 [1/1] (0.00ns)   --->   "%p_0_0_011_1470_load_1 = load i256 %p_0_0_011_1470"   --->   Operation 154 'load' 'p_0_0_011_1470_load_1' <Predicate = (icmp_ln50)> <Delay = 0.00>
ST_5 : Operation 155 [1/1] (0.00ns)   --->   "%p_0_0_011_1572_load_1 = load i256 %p_0_0_011_1572"   --->   Operation 155 'load' 'p_0_0_011_1572_load_1' <Predicate = (icmp_ln50)> <Delay = 0.00>
ST_5 : Operation 156 [1/1] (0.00ns)   --->   "%p_0_0_011_1674_load_1 = load i256 %p_0_0_011_1674"   --->   Operation 156 'load' 'p_0_0_011_1674_load_1' <Predicate = (icmp_ln50)> <Delay = 0.00>
ST_5 : Operation 157 [1/1] (0.00ns)   --->   "%p_0_0_011_1776_load_1 = load i256 %p_0_0_011_1776"   --->   Operation 157 'load' 'p_0_0_011_1776_load_1' <Predicate = (icmp_ln50)> <Delay = 0.00>
ST_5 : Operation 158 [1/1] (0.00ns)   --->   "%p_0_0_011_1878_load_1 = load i256 %p_0_0_011_1878"   --->   Operation 158 'load' 'p_0_0_011_1878_load_1' <Predicate = (icmp_ln50)> <Delay = 0.00>
ST_5 : Operation 159 [1/1] (0.00ns)   --->   "%p_0_0_011_1980_load_1 = load i256 %p_0_0_011_1980"   --->   Operation 159 'load' 'p_0_0_011_1980_load_1' <Predicate = (icmp_ln50)> <Delay = 0.00>
ST_5 : Operation 160 [1/1] (0.00ns)   --->   "%p_0_0_011_2082_load_1 = load i256 %p_0_0_011_2082"   --->   Operation 160 'load' 'p_0_0_011_2082_load_1' <Predicate = (icmp_ln50)> <Delay = 0.00>
ST_5 : Operation 161 [1/1] (0.00ns)   --->   "%p_0_0_011_2184_load_1 = load i256 %p_0_0_011_2184"   --->   Operation 161 'load' 'p_0_0_011_2184_load_1' <Predicate = (icmp_ln50)> <Delay = 0.00>
ST_5 : Operation 162 [1/1] (0.00ns)   --->   "%p_0_0_011_2286_load_1 = load i256 %p_0_0_011_2286"   --->   Operation 162 'load' 'p_0_0_011_2286_load_1' <Predicate = (icmp_ln50)> <Delay = 0.00>
ST_5 : Operation 163 [1/1] (0.00ns)   --->   "%p_0_0_011_2388_load_1 = load i256 %p_0_0_011_2388"   --->   Operation 163 'load' 'p_0_0_011_2388_load_1' <Predicate = (icmp_ln50)> <Delay = 0.00>
ST_5 : Operation 164 [1/1] (0.00ns)   --->   "%empty_24 = wait i32 @_ssdm_op_Wait"   --->   Operation 164 'wait' 'empty_24' <Predicate = (icmp_ln50)> <Delay = 0.00>
ST_5 : Operation 165 [2/2] (3.20ns)   --->   "%call_ln0 = call void @poseidon_top_Pipeline_VITIS_LOOP_92_3, i256 %p_0_0_01942_load_1, i256 %p_0_0_011_144_load_1, i256 %p_0_0_011_246_load_1, i256 %p_0_0_011_348_load_1, i256 %p_0_0_011_450_load_1, i256 %p_0_0_011_552_load_1, i256 %p_0_0_011_654_load_1, i256 %p_0_0_011_756_load_1, i256 %p_0_0_011_858_load_1, i256 %p_0_0_011_960_load_1, i256 %p_0_0_011_1062_load_1, i256 %p_0_0_011_1164_load_1, i256 %p_0_0_011_1266_load_1, i256 %p_0_0_011_1368_load_1, i256 %p_0_0_011_1470_load_1, i256 %p_0_0_011_1572_load_1, i256 %p_0_0_011_1674_load_1, i256 %p_0_0_011_1776_load_1, i256 %p_0_0_011_1878_load_1, i256 %p_0_0_011_1980_load_1, i256 %p_0_0_011_2082_load_1, i256 %p_0_0_011_2184_load_1, i256 %p_0_0_011_2286_load_1, i256 %p_0_0_011_2388_load_1, i512 %out_stream"   --->   Operation 165 'call' 'call_ln0' <Predicate = (icmp_ln50)> <Delay = 3.20> <CoreType = "Generic">   --->   Core 0 '' <Latency = 0> <II = 1> <Delay = 1.00> <Generic> <Opcode : >

State 6 <SV = 5> <Delay = 7.30>
ST_6 : Operation 166 [1/1] (0.00ns) (grouped into LUT with out node add_ln55_1)   --->   "%or_ln55 = or i11 %rc_idx_load, i11 1" [poseidon.cpp:55]   --->   Operation 166 'or' 'or_ln55' <Predicate = true> <Delay = 0.00>
ST_6 : Operation 167 [1/1] (0.00ns) (grouped into LUT with out node add_ln55_1)   --->   "%zext_ln55 = zext i11 %or_ln55" [poseidon.cpp:55]   --->   Operation 167 'zext' 'zext_ln55' <Predicate = true> <Delay = 0.00>
ST_6 : Operation 168 [1/1] (0.00ns)   --->   "%sext_ln55 = sext i60 %add_ln55" [poseidon.cpp:55]   --->   Operation 168 'sext' 'sext_ln55' <Predicate = true> <Delay = 0.00>
ST_6 : Operation 169 [1/1] (0.00ns)   --->   "%gmem_addr = getelementptr i256 %gmem, i64 %sext_ln55" [poseidon.cpp:55]   --->   Operation 169 'getelementptr' 'gmem_addr' <Predicate = true> <Delay = 0.00>
ST_6 : Operation 170 [8/8] (7.30ns)   --->   "%gmem_load_req = readreq i1 @_ssdm_op_ReadReq.m_axi.i256P1A, i256 %gmem_addr, i32 1" [poseidon.cpp:55]   --->   Operation 170 'readreq' 'gmem_load_req' <Predicate = true> <Delay = 7.30> <CoreInst = "m_axi">   --->   Core 113 'm_axi' <Latency = 0> <II = 1> <Delay = 1.00> <Adapter> <Opcode : 'read' 'write' 'readreq' 'writereq' 'writeresp'>
ST_6 : Operation 171 [1/1] (3.39ns) (out node of the LUT)   --->   "%add_ln55_1 = add i60 %zext_ln55, i60 %sext_ln73" [poseidon.cpp:55]   --->   Operation 171 'add' 'add_ln55_1' <Predicate = true> <Delay = 3.39> <CoreInst = "Adder">   --->   Core 1 'Adder' <Latency = 0> <II = 1> <Delay = 3.39> <FuncUnit> <Opcode : 'add' 'sub'> <InPorts = 2> <OutPorts = 1>

State 7 <SV = 6> <Delay = 7.30>
ST_7 : Operation 172 [1/1] (0.00ns) (grouped into LUT with out node add_ln55_2)   --->   "%or_ln55_1 = or i11 %rc_idx_load, i11 2" [poseidon.cpp:55]   --->   Operation 172 'or' 'or_ln55_1' <Predicate = true> <Delay = 0.00>
ST_7 : Operation 173 [1/1] (0.00ns) (grouped into LUT with out node add_ln55_2)   --->   "%zext_ln55_1 = zext i11 %or_ln55_1" [poseidon.cpp:55]   --->   Operation 173 'zext' 'zext_ln55_1' <Predicate = true> <Delay = 0.00>
ST_7 : Operation 174 [7/8] (7.30ns)   --->   "%gmem_load_req = readreq i1 @_ssdm_op_ReadReq.m_axi.i256P1A, i256 %gmem_addr, i32 1" [poseidon.cpp:55]   --->   Operation 174 'readreq' 'gmem_load_req' <Predicate = true> <Delay = 7.30> <CoreInst = "m_axi">   --->   Core 113 'm_axi' <Latency = 0> <II = 1> <Delay = 1.00> <Adapter> <Opcode : 'read' 'write' 'readreq' 'writereq' 'writeresp'>
ST_7 : Operation 175 [1/1] (0.00ns)   --->   "%sext_ln55_1 = sext i60 %add_ln55_1" [poseidon.cpp:55]   --->   Operation 175 'sext' 'sext_ln55_1' <Predicate = true> <Delay = 0.00>
ST_7 : Operation 176 [1/1] (0.00ns)   --->   "%gmem_addr_1 = getelementptr i256 %gmem, i64 %sext_ln55_1" [poseidon.cpp:55]   --->   Operation 176 'getelementptr' 'gmem_addr_1' <Predicate = true> <Delay = 0.00>
ST_7 : Operation 177 [8/8] (7.30ns)   --->   "%gmem_load_1_req = readreq i1 @_ssdm_op_ReadReq.m_axi.i256P1A, i256 %gmem_addr_1, i32 1" [poseidon.cpp:55]   --->   Operation 177 'readreq' 'gmem_load_1_req' <Predicate = true> <Delay = 7.30> <CoreInst = "m_axi">   --->   Core 113 'm_axi' <Latency = 0> <II = 1> <Delay = 1.00> <Adapter> <Opcode : 'read' 'write' 'readreq' 'writereq' 'writeresp'>
ST_7 : Operation 178 [1/1] (3.39ns) (out node of the LUT)   --->   "%add_ln55_2 = add i60 %zext_ln55_1, i60 %sext_ln73" [poseidon.cpp:55]   --->   Operation 178 'add' 'add_ln55_2' <Predicate = true> <Delay = 3.39> <CoreInst = "Adder">   --->   Core 1 'Adder' <Latency = 0> <II = 1> <Delay = 3.39> <FuncUnit> <Opcode : 'add' 'sub'> <InPorts = 2> <OutPorts = 1>

State 8 <SV = 7> <Delay = 7.30>
ST_8 : Operation 179 [1/1] (0.00ns) (grouped into LUT with out node add_ln55_3)   --->   "%or_ln55_2 = or i11 %rc_idx_load, i11 3" [poseidon.cpp:55]   --->   Operation 179 'or' 'or_ln55_2' <Predicate = true> <Delay = 0.00>
ST_8 : Operation 180 [1/1] (0.00ns) (grouped into LUT with out node add_ln55_3)   --->   "%zext_ln55_2 = zext i11 %or_ln55_2" [poseidon.cpp:55]   --->   Operation 180 'zext' 'zext_ln55_2' <Predicate = true> <Delay = 0.00>
ST_8 : Operation 181 [6/8] (7.30ns)   --->   "%gmem_load_req = readreq i1 @_ssdm_op_ReadReq.m_axi.i256P1A, i256 %gmem_addr, i32 1" [poseidon.cpp:55]   --->   Operation 181 'readreq' 'gmem_load_req' <Predicate = true> <Delay = 7.30> <CoreInst = "m_axi">   --->   Core 113 'm_axi' <Latency = 0> <II = 1> <Delay = 1.00> <Adapter> <Opcode : 'read' 'write' 'readreq' 'writereq' 'writeresp'>
ST_8 : Operation 182 [7/8] (7.30ns)   --->   "%gmem_load_1_req = readreq i1 @_ssdm_op_ReadReq.m_axi.i256P1A, i256 %gmem_addr_1, i32 1" [poseidon.cpp:55]   --->   Operation 182 'readreq' 'gmem_load_1_req' <Predicate = true> <Delay = 7.30> <CoreInst = "m_axi">   --->   Core 113 'm_axi' <Latency = 0> <II = 1> <Delay = 1.00> <Adapter> <Opcode : 'read' 'write' 'readreq' 'writereq' 'writeresp'>
ST_8 : Operation 183 [1/1] (0.00ns)   --->   "%sext_ln55_2 = sext i60 %add_ln55_2" [poseidon.cpp:55]   --->   Operation 183 'sext' 'sext_ln55_2' <Predicate = true> <Delay = 0.00>
ST_8 : Operation 184 [1/1] (0.00ns)   --->   "%gmem_addr_2 = getelementptr i256 %gmem, i64 %sext_ln55_2" [poseidon.cpp:55]   --->   Operation 184 'getelementptr' 'gmem_addr_2' <Predicate = true> <Delay = 0.00>
ST_8 : Operation 185 [8/8] (7.30ns)   --->   "%gmem_load_2_req = readreq i1 @_ssdm_op_ReadReq.m_axi.i256P1A, i256 %gmem_addr_2, i32 1" [poseidon.cpp:55]   --->   Operation 185 'readreq' 'gmem_load_2_req' <Predicate = true> <Delay = 7.30> <CoreInst = "m_axi">   --->   Core 113 'm_axi' <Latency = 0> <II = 1> <Delay = 1.00> <Adapter> <Opcode : 'read' 'write' 'readreq' 'writereq' 'writeresp'>
ST_8 : Operation 186 [1/1] (3.39ns) (out node of the LUT)   --->   "%add_ln55_3 = add i60 %zext_ln55_2, i60 %sext_ln73" [poseidon.cpp:55]   --->   Operation 186 'add' 'add_ln55_3' <Predicate = true> <Delay = 3.39> <CoreInst = "Adder">   --->   Core 1 'Adder' <Latency = 0> <II = 1> <Delay = 3.39> <FuncUnit> <Opcode : 'add' 'sub'> <InPorts = 2> <OutPorts = 1>

State 9 <SV = 8> <Delay = 7.30>
ST_9 : Operation 187 [1/1] (0.00ns) (grouped into LUT with out node add_ln55_4)   --->   "%or_ln55_3 = or i11 %rc_idx_load, i11 4" [poseidon.cpp:55]   --->   Operation 187 'or' 'or_ln55_3' <Predicate = true> <Delay = 0.00>
ST_9 : Operation 188 [1/1] (0.00ns) (grouped into LUT with out node add_ln55_4)   --->   "%zext_ln55_3 = zext i11 %or_ln55_3" [poseidon.cpp:55]   --->   Operation 188 'zext' 'zext_ln55_3' <Predicate = true> <Delay = 0.00>
ST_9 : Operation 189 [5/8] (7.30ns)   --->   "%gmem_load_req = readreq i1 @_ssdm_op_ReadReq.m_axi.i256P1A, i256 %gmem_addr, i32 1" [poseidon.cpp:55]   --->   Operation 189 'readreq' 'gmem_load_req' <Predicate = true> <Delay = 7.30> <CoreInst = "m_axi">   --->   Core 113 'm_axi' <Latency = 0> <II = 1> <Delay = 1.00> <Adapter> <Opcode : 'read' 'write' 'readreq' 'writereq' 'writeresp'>
ST_9 : Operation 190 [6/8] (7.30ns)   --->   "%gmem_load_1_req = readreq i1 @_ssdm_op_ReadReq.m_axi.i256P1A, i256 %gmem_addr_1, i32 1" [poseidon.cpp:55]   --->   Operation 190 'readreq' 'gmem_load_1_req' <Predicate = true> <Delay = 7.30> <CoreInst = "m_axi">   --->   Core 113 'm_axi' <Latency = 0> <II = 1> <Delay = 1.00> <Adapter> <Opcode : 'read' 'write' 'readreq' 'writereq' 'writeresp'>
ST_9 : Operation 191 [7/8] (7.30ns)   --->   "%gmem_load_2_req = readreq i1 @_ssdm_op_ReadReq.m_axi.i256P1A, i256 %gmem_addr_2, i32 1" [poseidon.cpp:55]   --->   Operation 191 'readreq' 'gmem_load_2_req' <Predicate = true> <Delay = 7.30> <CoreInst = "m_axi">   --->   Core 113 'm_axi' <Latency = 0> <II = 1> <Delay = 1.00> <Adapter> <Opcode : 'read' 'write' 'readreq' 'writereq' 'writeresp'>
ST_9 : Operation 192 [1/1] (0.00ns)   --->   "%sext_ln55_3 = sext i60 %add_ln55_3" [poseidon.cpp:55]   --->   Operation 192 'sext' 'sext_ln55_3' <Predicate = true> <Delay = 0.00>
ST_9 : Operation 193 [1/1] (0.00ns)   --->   "%gmem_addr_3 = getelementptr i256 %gmem, i64 %sext_ln55_3" [poseidon.cpp:55]   --->   Operation 193 'getelementptr' 'gmem_addr_3' <Predicate = true> <Delay = 0.00>
ST_9 : Operation 194 [8/8] (7.30ns)   --->   "%gmem_load_3_req = readreq i1 @_ssdm_op_ReadReq.m_axi.i256P1A, i256 %gmem_addr_3, i32 1" [poseidon.cpp:55]   --->   Operation 194 'readreq' 'gmem_load_3_req' <Predicate = true> <Delay = 7.30> <CoreInst = "m_axi">   --->   Core 113 'm_axi' <Latency = 0> <II = 1> <Delay = 1.00> <Adapter> <Opcode : 'read' 'write' 'readreq' 'writereq' 'writeresp'>
ST_9 : Operation 195 [1/1] (3.39ns) (out node of the LUT)   --->   "%add_ln55_4 = add i60 %zext_ln55_3, i60 %sext_ln73" [poseidon.cpp:55]   --->   Operation 195 'add' 'add_ln55_4' <Predicate = true> <Delay = 3.39> <CoreInst = "Adder">   --->   Core 1 'Adder' <Latency = 0> <II = 1> <Delay = 3.39> <FuncUnit> <Opcode : 'add' 'sub'> <InPorts = 2> <OutPorts = 1>

State 10 <SV = 9> <Delay = 7.30>
ST_10 : Operation 196 [1/1] (0.00ns) (grouped into LUT with out node add_ln55_5)   --->   "%or_ln55_4 = or i11 %rc_idx_load, i11 5" [poseidon.cpp:55]   --->   Operation 196 'or' 'or_ln55_4' <Predicate = true> <Delay = 0.00>
ST_10 : Operation 197 [1/1] (0.00ns) (grouped into LUT with out node add_ln55_5)   --->   "%zext_ln55_4 = zext i11 %or_ln55_4" [poseidon.cpp:55]   --->   Operation 197 'zext' 'zext_ln55_4' <Predicate = true> <Delay = 0.00>
ST_10 : Operation 198 [4/8] (7.30ns)   --->   "%gmem_load_req = readreq i1 @_ssdm_op_ReadReq.m_axi.i256P1A, i256 %gmem_addr, i32 1" [poseidon.cpp:55]   --->   Operation 198 'readreq' 'gmem_load_req' <Predicate = true> <Delay = 7.30> <CoreInst = "m_axi">   --->   Core 113 'm_axi' <Latency = 0> <II = 1> <Delay = 1.00> <Adapter> <Opcode : 'read' 'write' 'readreq' 'writereq' 'writeresp'>
ST_10 : Operation 199 [5/8] (7.30ns)   --->   "%gmem_load_1_req = readreq i1 @_ssdm_op_ReadReq.m_axi.i256P1A, i256 %gmem_addr_1, i32 1" [poseidon.cpp:55]   --->   Operation 199 'readreq' 'gmem_load_1_req' <Predicate = true> <Delay = 7.30> <CoreInst = "m_axi">   --->   Core 113 'm_axi' <Latency = 0> <II = 1> <Delay = 1.00> <Adapter> <Opcode : 'read' 'write' 'readreq' 'writereq' 'writeresp'>
ST_10 : Operation 200 [6/8] (7.30ns)   --->   "%gmem_load_2_req = readreq i1 @_ssdm_op_ReadReq.m_axi.i256P1A, i256 %gmem_addr_2, i32 1" [poseidon.cpp:55]   --->   Operation 200 'readreq' 'gmem_load_2_req' <Predicate = true> <Delay = 7.30> <CoreInst = "m_axi">   --->   Core 113 'm_axi' <Latency = 0> <II = 1> <Delay = 1.00> <Adapter> <Opcode : 'read' 'write' 'readreq' 'writereq' 'writeresp'>
ST_10 : Operation 201 [7/8] (7.30ns)   --->   "%gmem_load_3_req = readreq i1 @_ssdm_op_ReadReq.m_axi.i256P1A, i256 %gmem_addr_3, i32 1" [poseidon.cpp:55]   --->   Operation 201 'readreq' 'gmem_load_3_req' <Predicate = true> <Delay = 7.30> <CoreInst = "m_axi">   --->   Core 113 'm_axi' <Latency = 0> <II = 1> <Delay = 1.00> <Adapter> <Opcode : 'read' 'write' 'readreq' 'writereq' 'writeresp'>
ST_10 : Operation 202 [1/1] (0.00ns)   --->   "%sext_ln55_4 = sext i60 %add_ln55_4" [poseidon.cpp:55]   --->   Operation 202 'sext' 'sext_ln55_4' <Predicate = true> <Delay = 0.00>
ST_10 : Operation 203 [1/1] (0.00ns)   --->   "%gmem_addr_4 = getelementptr i256 %gmem, i64 %sext_ln55_4" [poseidon.cpp:55]   --->   Operation 203 'getelementptr' 'gmem_addr_4' <Predicate = true> <Delay = 0.00>
ST_10 : Operation 204 [8/8] (7.30ns)   --->   "%gmem_load_4_req = readreq i1 @_ssdm_op_ReadReq.m_axi.i256P1A, i256 %gmem_addr_4, i32 1" [poseidon.cpp:55]   --->   Operation 204 'readreq' 'gmem_load_4_req' <Predicate = true> <Delay = 7.30> <CoreInst = "m_axi">   --->   Core 113 'm_axi' <Latency = 0> <II = 1> <Delay = 1.00> <Adapter> <Opcode : 'read' 'write' 'readreq' 'writereq' 'writeresp'>
ST_10 : Operation 205 [1/1] (3.39ns) (out node of the LUT)   --->   "%add_ln55_5 = add i60 %zext_ln55_4, i60 %sext_ln73" [poseidon.cpp:55]   --->   Operation 205 'add' 'add_ln55_5' <Predicate = true> <Delay = 3.39> <CoreInst = "Adder">   --->   Core 1 'Adder' <Latency = 0> <II = 1> <Delay = 3.39> <FuncUnit> <Opcode : 'add' 'sub'> <InPorts = 2> <OutPorts = 1>

State 11 <SV = 10> <Delay = 7.30>
ST_11 : Operation 206 [1/1] (0.00ns) (grouped into LUT with out node add_ln55_6)   --->   "%or_ln55_5 = or i11 %rc_idx_load, i11 6" [poseidon.cpp:55]   --->   Operation 206 'or' 'or_ln55_5' <Predicate = true> <Delay = 0.00>
ST_11 : Operation 207 [1/1] (0.00ns) (grouped into LUT with out node add_ln55_6)   --->   "%zext_ln55_5 = zext i11 %or_ln55_5" [poseidon.cpp:55]   --->   Operation 207 'zext' 'zext_ln55_5' <Predicate = true> <Delay = 0.00>
ST_11 : Operation 208 [3/8] (7.30ns)   --->   "%gmem_load_req = readreq i1 @_ssdm_op_ReadReq.m_axi.i256P1A, i256 %gmem_addr, i32 1" [poseidon.cpp:55]   --->   Operation 208 'readreq' 'gmem_load_req' <Predicate = true> <Delay = 7.30> <CoreInst = "m_axi">   --->   Core 113 'm_axi' <Latency = 0> <II = 1> <Delay = 1.00> <Adapter> <Opcode : 'read' 'write' 'readreq' 'writereq' 'writeresp'>
ST_11 : Operation 209 [4/8] (7.30ns)   --->   "%gmem_load_1_req = readreq i1 @_ssdm_op_ReadReq.m_axi.i256P1A, i256 %gmem_addr_1, i32 1" [poseidon.cpp:55]   --->   Operation 209 'readreq' 'gmem_load_1_req' <Predicate = true> <Delay = 7.30> <CoreInst = "m_axi">   --->   Core 113 'm_axi' <Latency = 0> <II = 1> <Delay = 1.00> <Adapter> <Opcode : 'read' 'write' 'readreq' 'writereq' 'writeresp'>
ST_11 : Operation 210 [5/8] (7.30ns)   --->   "%gmem_load_2_req = readreq i1 @_ssdm_op_ReadReq.m_axi.i256P1A, i256 %gmem_addr_2, i32 1" [poseidon.cpp:55]   --->   Operation 210 'readreq' 'gmem_load_2_req' <Predicate = true> <Delay = 7.30> <CoreInst = "m_axi">   --->   Core 113 'm_axi' <Latency = 0> <II = 1> <Delay = 1.00> <Adapter> <Opcode : 'read' 'write' 'readreq' 'writereq' 'writeresp'>
ST_11 : Operation 211 [6/8] (7.30ns)   --->   "%gmem_load_3_req = readreq i1 @_ssdm_op_ReadReq.m_axi.i256P1A, i256 %gmem_addr_3, i32 1" [poseidon.cpp:55]   --->   Operation 211 'readreq' 'gmem_load_3_req' <Predicate = true> <Delay = 7.30> <CoreInst = "m_axi">   --->   Core 113 'm_axi' <Latency = 0> <II = 1> <Delay = 1.00> <Adapter> <Opcode : 'read' 'write' 'readreq' 'writereq' 'writeresp'>
ST_11 : Operation 212 [7/8] (7.30ns)   --->   "%gmem_load_4_req = readreq i1 @_ssdm_op_ReadReq.m_axi.i256P1A, i256 %gmem_addr_4, i32 1" [poseidon.cpp:55]   --->   Operation 212 'readreq' 'gmem_load_4_req' <Predicate = true> <Delay = 7.30> <CoreInst = "m_axi">   --->   Core 113 'm_axi' <Latency = 0> <II = 1> <Delay = 1.00> <Adapter> <Opcode : 'read' 'write' 'readreq' 'writereq' 'writeresp'>
ST_11 : Operation 213 [1/1] (0.00ns)   --->   "%sext_ln55_5 = sext i60 %add_ln55_5" [poseidon.cpp:55]   --->   Operation 213 'sext' 'sext_ln55_5' <Predicate = true> <Delay = 0.00>
ST_11 : Operation 214 [1/1] (0.00ns)   --->   "%gmem_addr_5 = getelementptr i256 %gmem, i64 %sext_ln55_5" [poseidon.cpp:55]   --->   Operation 214 'getelementptr' 'gmem_addr_5' <Predicate = true> <Delay = 0.00>
ST_11 : Operation 215 [8/8] (7.30ns)   --->   "%gmem_load_5_req = readreq i1 @_ssdm_op_ReadReq.m_axi.i256P1A, i256 %gmem_addr_5, i32 1" [poseidon.cpp:55]   --->   Operation 215 'readreq' 'gmem_load_5_req' <Predicate = true> <Delay = 7.30> <CoreInst = "m_axi">   --->   Core 113 'm_axi' <Latency = 0> <II = 1> <Delay = 1.00> <Adapter> <Opcode : 'read' 'write' 'readreq' 'writereq' 'writeresp'>
ST_11 : Operation 216 [1/1] (3.39ns) (out node of the LUT)   --->   "%add_ln55_6 = add i60 %zext_ln55_5, i60 %sext_ln73" [poseidon.cpp:55]   --->   Operation 216 'add' 'add_ln55_6' <Predicate = true> <Delay = 3.39> <CoreInst = "Adder">   --->   Core 1 'Adder' <Latency = 0> <II = 1> <Delay = 3.39> <FuncUnit> <Opcode : 'add' 'sub'> <InPorts = 2> <OutPorts = 1>

State 12 <SV = 11> <Delay = 7.30>
ST_12 : Operation 217 [1/1] (0.00ns) (grouped into LUT with out node add_ln55_7)   --->   "%or_ln55_6 = or i11 %rc_idx_load, i11 7" [poseidon.cpp:55]   --->   Operation 217 'or' 'or_ln55_6' <Predicate = true> <Delay = 0.00>
ST_12 : Operation 218 [1/1] (0.00ns) (grouped into LUT with out node add_ln55_7)   --->   "%zext_ln55_6 = zext i11 %or_ln55_6" [poseidon.cpp:55]   --->   Operation 218 'zext' 'zext_ln55_6' <Predicate = true> <Delay = 0.00>
ST_12 : Operation 219 [2/8] (7.30ns)   --->   "%gmem_load_req = readreq i1 @_ssdm_op_ReadReq.m_axi.i256P1A, i256 %gmem_addr, i32 1" [poseidon.cpp:55]   --->   Operation 219 'readreq' 'gmem_load_req' <Predicate = true> <Delay = 7.30> <CoreInst = "m_axi">   --->   Core 113 'm_axi' <Latency = 0> <II = 1> <Delay = 1.00> <Adapter> <Opcode : 'read' 'write' 'readreq' 'writereq' 'writeresp'>
ST_12 : Operation 220 [3/8] (7.30ns)   --->   "%gmem_load_1_req = readreq i1 @_ssdm_op_ReadReq.m_axi.i256P1A, i256 %gmem_addr_1, i32 1" [poseidon.cpp:55]   --->   Operation 220 'readreq' 'gmem_load_1_req' <Predicate = true> <Delay = 7.30> <CoreInst = "m_axi">   --->   Core 113 'm_axi' <Latency = 0> <II = 1> <Delay = 1.00> <Adapter> <Opcode : 'read' 'write' 'readreq' 'writereq' 'writeresp'>
ST_12 : Operation 221 [4/8] (7.30ns)   --->   "%gmem_load_2_req = readreq i1 @_ssdm_op_ReadReq.m_axi.i256P1A, i256 %gmem_addr_2, i32 1" [poseidon.cpp:55]   --->   Operation 221 'readreq' 'gmem_load_2_req' <Predicate = true> <Delay = 7.30> <CoreInst = "m_axi">   --->   Core 113 'm_axi' <Latency = 0> <II = 1> <Delay = 1.00> <Adapter> <Opcode : 'read' 'write' 'readreq' 'writereq' 'writeresp'>
ST_12 : Operation 222 [5/8] (7.30ns)   --->   "%gmem_load_3_req = readreq i1 @_ssdm_op_ReadReq.m_axi.i256P1A, i256 %gmem_addr_3, i32 1" [poseidon.cpp:55]   --->   Operation 222 'readreq' 'gmem_load_3_req' <Predicate = true> <Delay = 7.30> <CoreInst = "m_axi">   --->   Core 113 'm_axi' <Latency = 0> <II = 1> <Delay = 1.00> <Adapter> <Opcode : 'read' 'write' 'readreq' 'writereq' 'writeresp'>
ST_12 : Operation 223 [6/8] (7.30ns)   --->   "%gmem_load_4_req = readreq i1 @_ssdm_op_ReadReq.m_axi.i256P1A, i256 %gmem_addr_4, i32 1" [poseidon.cpp:55]   --->   Operation 223 'readreq' 'gmem_load_4_req' <Predicate = true> <Delay = 7.30> <CoreInst = "m_axi">   --->   Core 113 'm_axi' <Latency = 0> <II = 1> <Delay = 1.00> <Adapter> <Opcode : 'read' 'write' 'readreq' 'writereq' 'writeresp'>
ST_12 : Operation 224 [7/8] (7.30ns)   --->   "%gmem_load_5_req = readreq i1 @_ssdm_op_ReadReq.m_axi.i256P1A, i256 %gmem_addr_5, i32 1" [poseidon.cpp:55]   --->   Operation 224 'readreq' 'gmem_load_5_req' <Predicate = true> <Delay = 7.30> <CoreInst = "m_axi">   --->   Core 113 'm_axi' <Latency = 0> <II = 1> <Delay = 1.00> <Adapter> <Opcode : 'read' 'write' 'readreq' 'writereq' 'writeresp'>
ST_12 : Operation 225 [1/1] (0.00ns)   --->   "%sext_ln55_6 = sext i60 %add_ln55_6" [poseidon.cpp:55]   --->   Operation 225 'sext' 'sext_ln55_6' <Predicate = true> <Delay = 0.00>
ST_12 : Operation 226 [1/1] (0.00ns)   --->   "%gmem_addr_6 = getelementptr i256 %gmem, i64 %sext_ln55_6" [poseidon.cpp:55]   --->   Operation 226 'getelementptr' 'gmem_addr_6' <Predicate = true> <Delay = 0.00>
ST_12 : Operation 227 [8/8] (7.30ns)   --->   "%gmem_load_6_req = readreq i1 @_ssdm_op_ReadReq.m_axi.i256P1A, i256 %gmem_addr_6, i32 1" [poseidon.cpp:55]   --->   Operation 227 'readreq' 'gmem_load_6_req' <Predicate = true> <Delay = 7.30> <CoreInst = "m_axi">   --->   Core 113 'm_axi' <Latency = 0> <II = 1> <Delay = 1.00> <Adapter> <Opcode : 'read' 'write' 'readreq' 'writereq' 'writeresp'>
ST_12 : Operation 228 [1/1] (3.39ns) (out node of the LUT)   --->   "%add_ln55_7 = add i60 %zext_ln55_6, i60 %sext_ln73" [poseidon.cpp:55]   --->   Operation 228 'add' 'add_ln55_7' <Predicate = true> <Delay = 3.39> <CoreInst = "Adder">   --->   Core 1 'Adder' <Latency = 0> <II = 1> <Delay = 3.39> <FuncUnit> <Opcode : 'add' 'sub'> <InPorts = 2> <OutPorts = 1>

State 13 <SV = 12> <Delay = 7.30>
ST_13 : Operation 229 [1/8] (7.30ns)   --->   "%gmem_load_req = readreq i1 @_ssdm_op_ReadReq.m_axi.i256P1A, i256 %gmem_addr, i32 1" [poseidon.cpp:55]   --->   Operation 229 'readreq' 'gmem_load_req' <Predicate = true> <Delay = 7.30> <CoreInst = "m_axi">   --->   Core 113 'm_axi' <Latency = 0> <II = 1> <Delay = 1.00> <Adapter> <Opcode : 'read' 'write' 'readreq' 'writereq' 'writeresp'>
ST_13 : Operation 230 [2/8] (7.30ns)   --->   "%gmem_load_1_req = readreq i1 @_ssdm_op_ReadReq.m_axi.i256P1A, i256 %gmem_addr_1, i32 1" [poseidon.cpp:55]   --->   Operation 230 'readreq' 'gmem_load_1_req' <Predicate = true> <Delay = 7.30> <CoreInst = "m_axi">   --->   Core 113 'm_axi' <Latency = 0> <II = 1> <Delay = 1.00> <Adapter> <Opcode : 'read' 'write' 'readreq' 'writereq' 'writeresp'>
ST_13 : Operation 231 [3/8] (7.30ns)   --->   "%gmem_load_2_req = readreq i1 @_ssdm_op_ReadReq.m_axi.i256P1A, i256 %gmem_addr_2, i32 1" [poseidon.cpp:55]   --->   Operation 231 'readreq' 'gmem_load_2_req' <Predicate = true> <Delay = 7.30> <CoreInst = "m_axi">   --->   Core 113 'm_axi' <Latency = 0> <II = 1> <Delay = 1.00> <Adapter> <Opcode : 'read' 'write' 'readreq' 'writereq' 'writeresp'>
ST_13 : Operation 232 [4/8] (7.30ns)   --->   "%gmem_load_3_req = readreq i1 @_ssdm_op_ReadReq.m_axi.i256P1A, i256 %gmem_addr_3, i32 1" [poseidon.cpp:55]   --->   Operation 232 'readreq' 'gmem_load_3_req' <Predicate = true> <Delay = 7.30> <CoreInst = "m_axi">   --->   Core 113 'm_axi' <Latency = 0> <II = 1> <Delay = 1.00> <Adapter> <Opcode : 'read' 'write' 'readreq' 'writereq' 'writeresp'>
ST_13 : Operation 233 [5/8] (7.30ns)   --->   "%gmem_load_4_req = readreq i1 @_ssdm_op_ReadReq.m_axi.i256P1A, i256 %gmem_addr_4, i32 1" [poseidon.cpp:55]   --->   Operation 233 'readreq' 'gmem_load_4_req' <Predicate = true> <Delay = 7.30> <CoreInst = "m_axi">   --->   Core 113 'm_axi' <Latency = 0> <II = 1> <Delay = 1.00> <Adapter> <Opcode : 'read' 'write' 'readreq' 'writereq' 'writeresp'>
ST_13 : Operation 234 [6/8] (7.30ns)   --->   "%gmem_load_5_req = readreq i1 @_ssdm_op_ReadReq.m_axi.i256P1A, i256 %gmem_addr_5, i32 1" [poseidon.cpp:55]   --->   Operation 234 'readreq' 'gmem_load_5_req' <Predicate = true> <Delay = 7.30> <CoreInst = "m_axi">   --->   Core 113 'm_axi' <Latency = 0> <II = 1> <Delay = 1.00> <Adapter> <Opcode : 'read' 'write' 'readreq' 'writereq' 'writeresp'>
ST_13 : Operation 235 [7/8] (7.30ns)   --->   "%gmem_load_6_req = readreq i1 @_ssdm_op_ReadReq.m_axi.i256P1A, i256 %gmem_addr_6, i32 1" [poseidon.cpp:55]   --->   Operation 235 'readreq' 'gmem_load_6_req' <Predicate = true> <Delay = 7.30> <CoreInst = "m_axi">   --->   Core 113 'm_axi' <Latency = 0> <II = 1> <Delay = 1.00> <Adapter> <Opcode : 'read' 'write' 'readreq' 'writereq' 'writeresp'>
ST_13 : Operation 236 [1/1] (0.00ns)   --->   "%sext_ln55_7 = sext i60 %add_ln55_7" [poseidon.cpp:55]   --->   Operation 236 'sext' 'sext_ln55_7' <Predicate = true> <Delay = 0.00>
ST_13 : Operation 237 [1/1] (0.00ns)   --->   "%gmem_addr_7 = getelementptr i256 %gmem, i64 %sext_ln55_7" [poseidon.cpp:55]   --->   Operation 237 'getelementptr' 'gmem_addr_7' <Predicate = true> <Delay = 0.00>
ST_13 : Operation 238 [8/8] (7.30ns)   --->   "%gmem_load_7_req = readreq i1 @_ssdm_op_ReadReq.m_axi.i256P1A, i256 %gmem_addr_7, i32 1" [poseidon.cpp:55]   --->   Operation 238 'readreq' 'gmem_load_7_req' <Predicate = true> <Delay = 7.30> <CoreInst = "m_axi">   --->   Core 113 'm_axi' <Latency = 0> <II = 1> <Delay = 1.00> <Adapter> <Opcode : 'read' 'write' 'readreq' 'writereq' 'writeresp'>

State 14 <SV = 13> <Delay = 7.30>
ST_14 : Operation 239 [1/1] (7.30ns)   --->   "%gmem_addr_read = read i256 @_ssdm_op_Read.m_axi.i256P1A, i256 %gmem_addr" [poseidon.cpp:55]   --->   Operation 239 'read' 'gmem_addr_read' <Predicate = true> <Delay = 7.30> <CoreInst = "m_axi">   --->   Core 113 'm_axi' <Latency = 0> <II = 1> <Delay = 1.00> <Adapter> <Opcode : 'read' 'write' 'readreq' 'writereq' 'writeresp'>
ST_14 : Operation 240 [1/8] (7.30ns)   --->   "%gmem_load_1_req = readreq i1 @_ssdm_op_ReadReq.m_axi.i256P1A, i256 %gmem_addr_1, i32 1" [poseidon.cpp:55]   --->   Operation 240 'readreq' 'gmem_load_1_req' <Predicate = true> <Delay = 7.30> <CoreInst = "m_axi">   --->   Core 113 'm_axi' <Latency = 0> <II = 1> <Delay = 1.00> <Adapter> <Opcode : 'read' 'write' 'readreq' 'writereq' 'writeresp'>
ST_14 : Operation 241 [2/8] (7.30ns)   --->   "%gmem_load_2_req = readreq i1 @_ssdm_op_ReadReq.m_axi.i256P1A, i256 %gmem_addr_2, i32 1" [poseidon.cpp:55]   --->   Operation 241 'readreq' 'gmem_load_2_req' <Predicate = true> <Delay = 7.30> <CoreInst = "m_axi">   --->   Core 113 'm_axi' <Latency = 0> <II = 1> <Delay = 1.00> <Adapter> <Opcode : 'read' 'write' 'readreq' 'writereq' 'writeresp'>
ST_14 : Operation 242 [3/8] (7.30ns)   --->   "%gmem_load_3_req = readreq i1 @_ssdm_op_ReadReq.m_axi.i256P1A, i256 %gmem_addr_3, i32 1" [poseidon.cpp:55]   --->   Operation 242 'readreq' 'gmem_load_3_req' <Predicate = true> <Delay = 7.30> <CoreInst = "m_axi">   --->   Core 113 'm_axi' <Latency = 0> <II = 1> <Delay = 1.00> <Adapter> <Opcode : 'read' 'write' 'readreq' 'writereq' 'writeresp'>
ST_14 : Operation 243 [4/8] (7.30ns)   --->   "%gmem_load_4_req = readreq i1 @_ssdm_op_ReadReq.m_axi.i256P1A, i256 %gmem_addr_4, i32 1" [poseidon.cpp:55]   --->   Operation 243 'readreq' 'gmem_load_4_req' <Predicate = true> <Delay = 7.30> <CoreInst = "m_axi">   --->   Core 113 'm_axi' <Latency = 0> <II = 1> <Delay = 1.00> <Adapter> <Opcode : 'read' 'write' 'readreq' 'writereq' 'writeresp'>
ST_14 : Operation 244 [5/8] (7.30ns)   --->   "%gmem_load_5_req = readreq i1 @_ssdm_op_ReadReq.m_axi.i256P1A, i256 %gmem_addr_5, i32 1" [poseidon.cpp:55]   --->   Operation 244 'readreq' 'gmem_load_5_req' <Predicate = true> <Delay = 7.30> <CoreInst = "m_axi">   --->   Core 113 'm_axi' <Latency = 0> <II = 1> <Delay = 1.00> <Adapter> <Opcode : 'read' 'write' 'readreq' 'writereq' 'writeresp'>
ST_14 : Operation 245 [6/8] (7.30ns)   --->   "%gmem_load_6_req = readreq i1 @_ssdm_op_ReadReq.m_axi.i256P1A, i256 %gmem_addr_6, i32 1" [poseidon.cpp:55]   --->   Operation 245 'readreq' 'gmem_load_6_req' <Predicate = true> <Delay = 7.30> <CoreInst = "m_axi">   --->   Core 113 'm_axi' <Latency = 0> <II = 1> <Delay = 1.00> <Adapter> <Opcode : 'read' 'write' 'readreq' 'writereq' 'writeresp'>
ST_14 : Operation 246 [7/8] (7.30ns)   --->   "%gmem_load_7_req = readreq i1 @_ssdm_op_ReadReq.m_axi.i256P1A, i256 %gmem_addr_7, i32 1" [poseidon.cpp:55]   --->   Operation 246 'readreq' 'gmem_load_7_req' <Predicate = true> <Delay = 7.30> <CoreInst = "m_axi">   --->   Core 113 'm_axi' <Latency = 0> <II = 1> <Delay = 1.00> <Adapter> <Opcode : 'read' 'write' 'readreq' 'writereq' 'writeresp'>
ST_14 : Operation 247 [1/1] (0.00ns)   --->   "%sext_ln55_8 = sext i60 %add_ln55_9" [poseidon.cpp:55]   --->   Operation 247 'sext' 'sext_ln55_8' <Predicate = true> <Delay = 0.00>
ST_14 : Operation 248 [1/1] (0.00ns)   --->   "%gmem_addr_8 = getelementptr i256 %gmem, i64 %sext_ln55_8" [poseidon.cpp:55]   --->   Operation 248 'getelementptr' 'gmem_addr_8' <Predicate = true> <Delay = 0.00>
ST_14 : Operation 249 [8/8] (7.30ns)   --->   "%gmem_load_8_req = readreq i1 @_ssdm_op_ReadReq.m_axi.i256P1A, i256 %gmem_addr_8, i32 1" [poseidon.cpp:55]   --->   Operation 249 'readreq' 'gmem_load_8_req' <Predicate = true> <Delay = 7.30> <CoreInst = "m_axi">   --->   Core 113 'm_axi' <Latency = 0> <II = 1> <Delay = 1.00> <Adapter> <Opcode : 'read' 'write' 'readreq' 'writereq' 'writeresp'>

State 15 <SV = 14> <Delay = 7.30>
ST_15 : Operation 250 [1/1] (0.00ns)   --->   "%p_0_0_01942_load = load i256 %p_0_0_01942" [poseidon.cpp:6->poseidon.cpp:55]   --->   Operation 250 'load' 'p_0_0_01942_load' <Predicate = true> <Delay = 0.00>
ST_15 : Operation 251 [1/1] (7.30ns)   --->   "%gmem_addr_1_read = read i256 @_ssdm_op_Read.m_axi.i256P1A, i256 %gmem_addr_1" [poseidon.cpp:55]   --->   Operation 251 'read' 'gmem_addr_1_read' <Predicate = true> <Delay = 7.30> <CoreInst = "m_axi">   --->   Core 113 'm_axi' <Latency = 0> <II = 1> <Delay = 1.00> <Adapter> <Opcode : 'read' 'write' 'readreq' 'writereq' 'writeresp'>
ST_15 : Operation 252 [1/8] (7.30ns)   --->   "%gmem_load_2_req = readreq i1 @_ssdm_op_ReadReq.m_axi.i256P1A, i256 %gmem_addr_2, i32 1" [poseidon.cpp:55]   --->   Operation 252 'readreq' 'gmem_load_2_req' <Predicate = true> <Delay = 7.30> <CoreInst = "m_axi">   --->   Core 113 'm_axi' <Latency = 0> <II = 1> <Delay = 1.00> <Adapter> <Opcode : 'read' 'write' 'readreq' 'writereq' 'writeresp'>
ST_15 : Operation 253 [2/8] (7.30ns)   --->   "%gmem_load_3_req = readreq i1 @_ssdm_op_ReadReq.m_axi.i256P1A, i256 %gmem_addr_3, i32 1" [poseidon.cpp:55]   --->   Operation 253 'readreq' 'gmem_load_3_req' <Predicate = true> <Delay = 7.30> <CoreInst = "m_axi">   --->   Core 113 'm_axi' <Latency = 0> <II = 1> <Delay = 1.00> <Adapter> <Opcode : 'read' 'write' 'readreq' 'writereq' 'writeresp'>
ST_15 : Operation 254 [3/8] (7.30ns)   --->   "%gmem_load_4_req = readreq i1 @_ssdm_op_ReadReq.m_axi.i256P1A, i256 %gmem_addr_4, i32 1" [poseidon.cpp:55]   --->   Operation 254 'readreq' 'gmem_load_4_req' <Predicate = true> <Delay = 7.30> <CoreInst = "m_axi">   --->   Core 113 'm_axi' <Latency = 0> <II = 1> <Delay = 1.00> <Adapter> <Opcode : 'read' 'write' 'readreq' 'writereq' 'writeresp'>
ST_15 : Operation 255 [4/8] (7.30ns)   --->   "%gmem_load_5_req = readreq i1 @_ssdm_op_ReadReq.m_axi.i256P1A, i256 %gmem_addr_5, i32 1" [poseidon.cpp:55]   --->   Operation 255 'readreq' 'gmem_load_5_req' <Predicate = true> <Delay = 7.30> <CoreInst = "m_axi">   --->   Core 113 'm_axi' <Latency = 0> <II = 1> <Delay = 1.00> <Adapter> <Opcode : 'read' 'write' 'readreq' 'writereq' 'writeresp'>
ST_15 : Operation 256 [5/8] (7.30ns)   --->   "%gmem_load_6_req = readreq i1 @_ssdm_op_ReadReq.m_axi.i256P1A, i256 %gmem_addr_6, i32 1" [poseidon.cpp:55]   --->   Operation 256 'readreq' 'gmem_load_6_req' <Predicate = true> <Delay = 7.30> <CoreInst = "m_axi">   --->   Core 113 'm_axi' <Latency = 0> <II = 1> <Delay = 1.00> <Adapter> <Opcode : 'read' 'write' 'readreq' 'writereq' 'writeresp'>
ST_15 : Operation 257 [6/8] (7.30ns)   --->   "%gmem_load_7_req = readreq i1 @_ssdm_op_ReadReq.m_axi.i256P1A, i256 %gmem_addr_7, i32 1" [poseidon.cpp:55]   --->   Operation 257 'readreq' 'gmem_load_7_req' <Predicate = true> <Delay = 7.30> <CoreInst = "m_axi">   --->   Core 113 'm_axi' <Latency = 0> <II = 1> <Delay = 1.00> <Adapter> <Opcode : 'read' 'write' 'readreq' 'writereq' 'writeresp'>
ST_15 : Operation 258 [7/8] (7.30ns)   --->   "%gmem_load_8_req = readreq i1 @_ssdm_op_ReadReq.m_axi.i256P1A, i256 %gmem_addr_8, i32 1" [poseidon.cpp:55]   --->   Operation 258 'readreq' 'gmem_load_8_req' <Predicate = true> <Delay = 7.30> <CoreInst = "m_axi">   --->   Core 113 'm_axi' <Latency = 0> <II = 1> <Delay = 1.00> <Adapter> <Opcode : 'read' 'write' 'readreq' 'writereq' 'writeresp'>
ST_15 : Operation 259 [1/1] (0.00ns)   --->   "%sext_ln55_9 = sext i60 %add_ln55_11" [poseidon.cpp:55]   --->   Operation 259 'sext' 'sext_ln55_9' <Predicate = true> <Delay = 0.00>
ST_15 : Operation 260 [1/1] (0.00ns)   --->   "%gmem_addr_9 = getelementptr i256 %gmem, i64 %sext_ln55_9" [poseidon.cpp:55]   --->   Operation 260 'getelementptr' 'gmem_addr_9' <Predicate = true> <Delay = 0.00>
ST_15 : Operation 261 [8/8] (7.30ns)   --->   "%gmem_load_9_req = readreq i1 @_ssdm_op_ReadReq.m_axi.i256P1A, i256 %gmem_addr_9, i32 1" [poseidon.cpp:55]   --->   Operation 261 'readreq' 'gmem_load_9_req' <Predicate = true> <Delay = 7.30> <CoreInst = "m_axi">   --->   Core 113 'm_axi' <Latency = 0> <II = 1> <Delay = 1.00> <Adapter> <Opcode : 'read' 'write' 'readreq' 'writereq' 'writeresp'>
ST_15 : Operation 262 [2/2] (3.44ns)   --->   "%add_ln6 = add i256 %gmem_addr_read, i256 %p_0_0_01942_load" [poseidon.cpp:6->poseidon.cpp:55]   --->   Operation 262 'add' 'add_ln6' <Predicate = true> <Delay = 3.44> <CoreInst = "Adder">   --->   Core 1 'Adder' <Latency = 1> <II = 1> <Delay = 3.44> <FuncUnit> <Opcode : 'add' 'sub'> <InPorts = 2> <OutPorts = 1>

State 16 <SV = 15> <Delay = 7.30>
ST_16 : Operation 263 [1/1] (7.30ns)   --->   "%gmem_addr_2_read = read i256 @_ssdm_op_Read.m_axi.i256P1A, i256 %gmem_addr_2" [poseidon.cpp:55]   --->   Operation 263 'read' 'gmem_addr_2_read' <Predicate = true> <Delay = 7.30> <CoreInst = "m_axi">   --->   Core 113 'm_axi' <Latency = 0> <II = 1> <Delay = 1.00> <Adapter> <Opcode : 'read' 'write' 'readreq' 'writereq' 'writeresp'>
ST_16 : Operation 264 [1/8] (7.30ns)   --->   "%gmem_load_3_req = readreq i1 @_ssdm_op_ReadReq.m_axi.i256P1A, i256 %gmem_addr_3, i32 1" [poseidon.cpp:55]   --->   Operation 264 'readreq' 'gmem_load_3_req' <Predicate = true> <Delay = 7.30> <CoreInst = "m_axi">   --->   Core 113 'm_axi' <Latency = 0> <II = 1> <Delay = 1.00> <Adapter> <Opcode : 'read' 'write' 'readreq' 'writereq' 'writeresp'>
ST_16 : Operation 265 [2/8] (7.30ns)   --->   "%gmem_load_4_req = readreq i1 @_ssdm_op_ReadReq.m_axi.i256P1A, i256 %gmem_addr_4, i32 1" [poseidon.cpp:55]   --->   Operation 265 'readreq' 'gmem_load_4_req' <Predicate = true> <Delay = 7.30> <CoreInst = "m_axi">   --->   Core 113 'm_axi' <Latency = 0> <II = 1> <Delay = 1.00> <Adapter> <Opcode : 'read' 'write' 'readreq' 'writereq' 'writeresp'>
ST_16 : Operation 266 [3/8] (7.30ns)   --->   "%gmem_load_5_req = readreq i1 @_ssdm_op_ReadReq.m_axi.i256P1A, i256 %gmem_addr_5, i32 1" [poseidon.cpp:55]   --->   Operation 266 'readreq' 'gmem_load_5_req' <Predicate = true> <Delay = 7.30> <CoreInst = "m_axi">   --->   Core 113 'm_axi' <Latency = 0> <II = 1> <Delay = 1.00> <Adapter> <Opcode : 'read' 'write' 'readreq' 'writereq' 'writeresp'>
ST_16 : Operation 267 [4/8] (7.30ns)   --->   "%gmem_load_6_req = readreq i1 @_ssdm_op_ReadReq.m_axi.i256P1A, i256 %gmem_addr_6, i32 1" [poseidon.cpp:55]   --->   Operation 267 'readreq' 'gmem_load_6_req' <Predicate = true> <Delay = 7.30> <CoreInst = "m_axi">   --->   Core 113 'm_axi' <Latency = 0> <II = 1> <Delay = 1.00> <Adapter> <Opcode : 'read' 'write' 'readreq' 'writereq' 'writeresp'>
ST_16 : Operation 268 [5/8] (7.30ns)   --->   "%gmem_load_7_req = readreq i1 @_ssdm_op_ReadReq.m_axi.i256P1A, i256 %gmem_addr_7, i32 1" [poseidon.cpp:55]   --->   Operation 268 'readreq' 'gmem_load_7_req' <Predicate = true> <Delay = 7.30> <CoreInst = "m_axi">   --->   Core 113 'm_axi' <Latency = 0> <II = 1> <Delay = 1.00> <Adapter> <Opcode : 'read' 'write' 'readreq' 'writereq' 'writeresp'>
ST_16 : Operation 269 [6/8] (7.30ns)   --->   "%gmem_load_8_req = readreq i1 @_ssdm_op_ReadReq.m_axi.i256P1A, i256 %gmem_addr_8, i32 1" [poseidon.cpp:55]   --->   Operation 269 'readreq' 'gmem_load_8_req' <Predicate = true> <Delay = 7.30> <CoreInst = "m_axi">   --->   Core 113 'm_axi' <Latency = 0> <II = 1> <Delay = 1.00> <Adapter> <Opcode : 'read' 'write' 'readreq' 'writereq' 'writeresp'>
ST_16 : Operation 270 [7/8] (7.30ns)   --->   "%gmem_load_9_req = readreq i1 @_ssdm_op_ReadReq.m_axi.i256P1A, i256 %gmem_addr_9, i32 1" [poseidon.cpp:55]   --->   Operation 270 'readreq' 'gmem_load_9_req' <Predicate = true> <Delay = 7.30> <CoreInst = "m_axi">   --->   Core 113 'm_axi' <Latency = 0> <II = 1> <Delay = 1.00> <Adapter> <Opcode : 'read' 'write' 'readreq' 'writereq' 'writeresp'>
ST_16 : Operation 271 [1/1] (0.00ns)   --->   "%sext_ln55_10 = sext i60 %add_ln55_13" [poseidon.cpp:55]   --->   Operation 271 'sext' 'sext_ln55_10' <Predicate = true> <Delay = 0.00>
ST_16 : Operation 272 [1/1] (0.00ns)   --->   "%gmem_addr_10 = getelementptr i256 %gmem, i64 %sext_ln55_10" [poseidon.cpp:55]   --->   Operation 272 'getelementptr' 'gmem_addr_10' <Predicate = true> <Delay = 0.00>
ST_16 : Operation 273 [8/8] (7.30ns)   --->   "%gmem_load_10_req = readreq i1 @_ssdm_op_ReadReq.m_axi.i256P1A, i256 %gmem_addr_10, i32 1" [poseidon.cpp:55]   --->   Operation 273 'readreq' 'gmem_load_10_req' <Predicate = true> <Delay = 7.30> <CoreInst = "m_axi">   --->   Core 113 'm_axi' <Latency = 0> <II = 1> <Delay = 1.00> <Adapter> <Opcode : 'read' 'write' 'readreq' 'writereq' 'writeresp'>
ST_16 : Operation 274 [1/2] (3.44ns)   --->   "%add_ln6 = add i256 %gmem_addr_read, i256 %p_0_0_01942_load" [poseidon.cpp:6->poseidon.cpp:55]   --->   Operation 274 'add' 'add_ln6' <Predicate = true> <Delay = 3.44> <CoreInst = "Adder">   --->   Core 1 'Adder' <Latency = 1> <II = 1> <Delay = 3.44> <FuncUnit> <Opcode : 'add' 'sub'> <InPorts = 2> <OutPorts = 1>
ST_16 : Operation 275 [2/2] (3.44ns)   --->   "%icmp_ln7 = icmp_ugt  i256 %add_ln6, i256 52435875175126190479447740508185965837690552500527637822603658699938581184512" [poseidon.cpp:7->poseidon.cpp:55]   --->   Operation 275 'icmp' 'icmp_ln7' <Predicate = true> <Delay = 3.44> <CoreInst = "Cmp">   --->   Core 9 'Cmp' <Latency = 1> <II = 1> <Delay = 3.44> <FuncUnit> <Opcode : 'icmp'> <InPorts = 2> <OutPorts = 1>
ST_16 : Operation 276 [2/2] (3.44ns)   --->   "%add_ln7 = add i256 %add_ln6, i256 63356214062190004944123244500501942015579432165112926216853925307974548455423" [poseidon.cpp:7->poseidon.cpp:55]   --->   Operation 276 'add' 'add_ln7' <Predicate = true> <Delay = 3.44> <CoreInst = "Adder">   --->   Core 1 'Adder' <Latency = 1> <II = 1> <Delay = 3.44> <FuncUnit> <Opcode : 'add' 'sub'> <InPorts = 2> <OutPorts = 1>

State 17 <SV = 16> <Delay = 7.30>
ST_17 : Operation 277 [1/1] (7.30ns)   --->   "%gmem_addr_3_read = read i256 @_ssdm_op_Read.m_axi.i256P1A, i256 %gmem_addr_3" [poseidon.cpp:55]   --->   Operation 277 'read' 'gmem_addr_3_read' <Predicate = true> <Delay = 7.30> <CoreInst = "m_axi">   --->   Core 113 'm_axi' <Latency = 0> <II = 1> <Delay = 1.00> <Adapter> <Opcode : 'read' 'write' 'readreq' 'writereq' 'writeresp'>
ST_17 : Operation 278 [1/8] (7.30ns)   --->   "%gmem_load_4_req = readreq i1 @_ssdm_op_ReadReq.m_axi.i256P1A, i256 %gmem_addr_4, i32 1" [poseidon.cpp:55]   --->   Operation 278 'readreq' 'gmem_load_4_req' <Predicate = true> <Delay = 7.30> <CoreInst = "m_axi">   --->   Core 113 'm_axi' <Latency = 0> <II = 1> <Delay = 1.00> <Adapter> <Opcode : 'read' 'write' 'readreq' 'writereq' 'writeresp'>
ST_17 : Operation 279 [2/8] (7.30ns)   --->   "%gmem_load_5_req = readreq i1 @_ssdm_op_ReadReq.m_axi.i256P1A, i256 %gmem_addr_5, i32 1" [poseidon.cpp:55]   --->   Operation 279 'readreq' 'gmem_load_5_req' <Predicate = true> <Delay = 7.30> <CoreInst = "m_axi">   --->   Core 113 'm_axi' <Latency = 0> <II = 1> <Delay = 1.00> <Adapter> <Opcode : 'read' 'write' 'readreq' 'writereq' 'writeresp'>
ST_17 : Operation 280 [3/8] (7.30ns)   --->   "%gmem_load_6_req = readreq i1 @_ssdm_op_ReadReq.m_axi.i256P1A, i256 %gmem_addr_6, i32 1" [poseidon.cpp:55]   --->   Operation 280 'readreq' 'gmem_load_6_req' <Predicate = true> <Delay = 7.30> <CoreInst = "m_axi">   --->   Core 113 'm_axi' <Latency = 0> <II = 1> <Delay = 1.00> <Adapter> <Opcode : 'read' 'write' 'readreq' 'writereq' 'writeresp'>
ST_17 : Operation 281 [4/8] (7.30ns)   --->   "%gmem_load_7_req = readreq i1 @_ssdm_op_ReadReq.m_axi.i256P1A, i256 %gmem_addr_7, i32 1" [poseidon.cpp:55]   --->   Operation 281 'readreq' 'gmem_load_7_req' <Predicate = true> <Delay = 7.30> <CoreInst = "m_axi">   --->   Core 113 'm_axi' <Latency = 0> <II = 1> <Delay = 1.00> <Adapter> <Opcode : 'read' 'write' 'readreq' 'writereq' 'writeresp'>
ST_17 : Operation 282 [5/8] (7.30ns)   --->   "%gmem_load_8_req = readreq i1 @_ssdm_op_ReadReq.m_axi.i256P1A, i256 %gmem_addr_8, i32 1" [poseidon.cpp:55]   --->   Operation 282 'readreq' 'gmem_load_8_req' <Predicate = true> <Delay = 7.30> <CoreInst = "m_axi">   --->   Core 113 'm_axi' <Latency = 0> <II = 1> <Delay = 1.00> <Adapter> <Opcode : 'read' 'write' 'readreq' 'writereq' 'writeresp'>
ST_17 : Operation 283 [6/8] (7.30ns)   --->   "%gmem_load_9_req = readreq i1 @_ssdm_op_ReadReq.m_axi.i256P1A, i256 %gmem_addr_9, i32 1" [poseidon.cpp:55]   --->   Operation 283 'readreq' 'gmem_load_9_req' <Predicate = true> <Delay = 7.30> <CoreInst = "m_axi">   --->   Core 113 'm_axi' <Latency = 0> <II = 1> <Delay = 1.00> <Adapter> <Opcode : 'read' 'write' 'readreq' 'writereq' 'writeresp'>
ST_17 : Operation 284 [7/8] (7.30ns)   --->   "%gmem_load_10_req = readreq i1 @_ssdm_op_ReadReq.m_axi.i256P1A, i256 %gmem_addr_10, i32 1" [poseidon.cpp:55]   --->   Operation 284 'readreq' 'gmem_load_10_req' <Predicate = true> <Delay = 7.30> <CoreInst = "m_axi">   --->   Core 113 'm_axi' <Latency = 0> <II = 1> <Delay = 1.00> <Adapter> <Opcode : 'read' 'write' 'readreq' 'writereq' 'writeresp'>
ST_17 : Operation 285 [1/1] (0.00ns)   --->   "%sext_ln55_11 = sext i60 %add_ln55_15" [poseidon.cpp:55]   --->   Operation 285 'sext' 'sext_ln55_11' <Predicate = true> <Delay = 0.00>
ST_17 : Operation 286 [1/1] (0.00ns)   --->   "%gmem_addr_11 = getelementptr i256 %gmem, i64 %sext_ln55_11" [poseidon.cpp:55]   --->   Operation 286 'getelementptr' 'gmem_addr_11' <Predicate = true> <Delay = 0.00>
ST_17 : Operation 287 [8/8] (7.30ns)   --->   "%gmem_load_11_req = readreq i1 @_ssdm_op_ReadReq.m_axi.i256P1A, i256 %gmem_addr_11, i32 1" [poseidon.cpp:55]   --->   Operation 287 'readreq' 'gmem_load_11_req' <Predicate = true> <Delay = 7.30> <CoreInst = "m_axi">   --->   Core 113 'm_axi' <Latency = 0> <II = 1> <Delay = 1.00> <Adapter> <Opcode : 'read' 'write' 'readreq' 'writereq' 'writeresp'>
ST_17 : Operation 288 [1/2] (3.44ns)   --->   "%icmp_ln7 = icmp_ugt  i256 %add_ln6, i256 52435875175126190479447740508185965837690552500527637822603658699938581184512" [poseidon.cpp:7->poseidon.cpp:55]   --->   Operation 288 'icmp' 'icmp_ln7' <Predicate = true> <Delay = 3.44> <CoreInst = "Cmp">   --->   Core 9 'Cmp' <Latency = 1> <II = 1> <Delay = 3.44> <FuncUnit> <Opcode : 'icmp'> <InPorts = 2> <OutPorts = 1>
ST_17 : Operation 289 [1/2] (3.44ns)   --->   "%add_ln7 = add i256 %add_ln6, i256 63356214062190004944123244500501942015579432165112926216853925307974548455423" [poseidon.cpp:7->poseidon.cpp:55]   --->   Operation 289 'add' 'add_ln7' <Predicate = true> <Delay = 3.44> <CoreInst = "Adder">   --->   Core 1 'Adder' <Latency = 1> <II = 1> <Delay = 3.44> <FuncUnit> <Opcode : 'add' 'sub'> <InPorts = 2> <OutPorts = 1>
ST_17 : Operation 290 [1/1] (1.55ns)   --->   "%select_ln7 = select i1 %icmp_ln7, i256 %add_ln7, i256 %add_ln6" [poseidon.cpp:7->poseidon.cpp:55]   --->   Operation 290 'select' 'select_ln7' <Predicate = true> <Delay = 1.55> <CoreInst = "Sel">   --->   Core 73 'Sel' <Latency = 0> <II = 1> <Delay = 1.55> <FuncUnit> <Opcode : 'select'> <InPorts = 3> <OutPorts = 1>

State 18 <SV = 17> <Delay = 7.30>
ST_18 : Operation 291 [1/1] (7.30ns)   --->   "%gmem_addr_4_read = read i256 @_ssdm_op_Read.m_axi.i256P1A, i256 %gmem_addr_4" [poseidon.cpp:55]   --->   Operation 291 'read' 'gmem_addr_4_read' <Predicate = true> <Delay = 7.30> <CoreInst = "m_axi">   --->   Core 113 'm_axi' <Latency = 0> <II = 1> <Delay = 1.00> <Adapter> <Opcode : 'read' 'write' 'readreq' 'writereq' 'writeresp'>
ST_18 : Operation 292 [1/8] (7.30ns)   --->   "%gmem_load_5_req = readreq i1 @_ssdm_op_ReadReq.m_axi.i256P1A, i256 %gmem_addr_5, i32 1" [poseidon.cpp:55]   --->   Operation 292 'readreq' 'gmem_load_5_req' <Predicate = true> <Delay = 7.30> <CoreInst = "m_axi">   --->   Core 113 'm_axi' <Latency = 0> <II = 1> <Delay = 1.00> <Adapter> <Opcode : 'read' 'write' 'readreq' 'writereq' 'writeresp'>
ST_18 : Operation 293 [2/8] (7.30ns)   --->   "%gmem_load_6_req = readreq i1 @_ssdm_op_ReadReq.m_axi.i256P1A, i256 %gmem_addr_6, i32 1" [poseidon.cpp:55]   --->   Operation 293 'readreq' 'gmem_load_6_req' <Predicate = true> <Delay = 7.30> <CoreInst = "m_axi">   --->   Core 113 'm_axi' <Latency = 0> <II = 1> <Delay = 1.00> <Adapter> <Opcode : 'read' 'write' 'readreq' 'writereq' 'writeresp'>
ST_18 : Operation 294 [3/8] (7.30ns)   --->   "%gmem_load_7_req = readreq i1 @_ssdm_op_ReadReq.m_axi.i256P1A, i256 %gmem_addr_7, i32 1" [poseidon.cpp:55]   --->   Operation 294 'readreq' 'gmem_load_7_req' <Predicate = true> <Delay = 7.30> <CoreInst = "m_axi">   --->   Core 113 'm_axi' <Latency = 0> <II = 1> <Delay = 1.00> <Adapter> <Opcode : 'read' 'write' 'readreq' 'writereq' 'writeresp'>
ST_18 : Operation 295 [4/8] (7.30ns)   --->   "%gmem_load_8_req = readreq i1 @_ssdm_op_ReadReq.m_axi.i256P1A, i256 %gmem_addr_8, i32 1" [poseidon.cpp:55]   --->   Operation 295 'readreq' 'gmem_load_8_req' <Predicate = true> <Delay = 7.30> <CoreInst = "m_axi">   --->   Core 113 'm_axi' <Latency = 0> <II = 1> <Delay = 1.00> <Adapter> <Opcode : 'read' 'write' 'readreq' 'writereq' 'writeresp'>
ST_18 : Operation 296 [5/8] (7.30ns)   --->   "%gmem_load_9_req = readreq i1 @_ssdm_op_ReadReq.m_axi.i256P1A, i256 %gmem_addr_9, i32 1" [poseidon.cpp:55]   --->   Operation 296 'readreq' 'gmem_load_9_req' <Predicate = true> <Delay = 7.30> <CoreInst = "m_axi">   --->   Core 113 'm_axi' <Latency = 0> <II = 1> <Delay = 1.00> <Adapter> <Opcode : 'read' 'write' 'readreq' 'writereq' 'writeresp'>
ST_18 : Operation 297 [6/8] (7.30ns)   --->   "%gmem_load_10_req = readreq i1 @_ssdm_op_ReadReq.m_axi.i256P1A, i256 %gmem_addr_10, i32 1" [poseidon.cpp:55]   --->   Operation 297 'readreq' 'gmem_load_10_req' <Predicate = true> <Delay = 7.30> <CoreInst = "m_axi">   --->   Core 113 'm_axi' <Latency = 0> <II = 1> <Delay = 1.00> <Adapter> <Opcode : 'read' 'write' 'readreq' 'writereq' 'writeresp'>
ST_18 : Operation 298 [7/8] (7.30ns)   --->   "%gmem_load_11_req = readreq i1 @_ssdm_op_ReadReq.m_axi.i256P1A, i256 %gmem_addr_11, i32 1" [poseidon.cpp:55]   --->   Operation 298 'readreq' 'gmem_load_11_req' <Predicate = true> <Delay = 7.30> <CoreInst = "m_axi">   --->   Core 113 'm_axi' <Latency = 0> <II = 1> <Delay = 1.00> <Adapter> <Opcode : 'read' 'write' 'readreq' 'writereq' 'writeresp'>
ST_18 : Operation 299 [1/1] (0.00ns)   --->   "%sext_ln55_12 = sext i60 %add_ln55_17" [poseidon.cpp:55]   --->   Operation 299 'sext' 'sext_ln55_12' <Predicate = true> <Delay = 0.00>
ST_18 : Operation 300 [1/1] (0.00ns)   --->   "%gmem_addr_12 = getelementptr i256 %gmem, i64 %sext_ln55_12" [poseidon.cpp:55]   --->   Operation 300 'getelementptr' 'gmem_addr_12' <Predicate = true> <Delay = 0.00>
ST_18 : Operation 301 [8/8] (7.30ns)   --->   "%gmem_load_12_req = readreq i1 @_ssdm_op_ReadReq.m_axi.i256P1A, i256 %gmem_addr_12, i32 1" [poseidon.cpp:55]   --->   Operation 301 'readreq' 'gmem_load_12_req' <Predicate = true> <Delay = 7.30> <CoreInst = "m_axi">   --->   Core 113 'm_axi' <Latency = 0> <II = 1> <Delay = 1.00> <Adapter> <Opcode : 'read' 'write' 'readreq' 'writereq' 'writeresp'>
ST_18 : Operation 302 [2/2] (6.97ns)   --->   "%ref_tmp28_assign_s = call i255 @sbox_quintic, i256 %select_ln7" [poseidon.cpp:63]   --->   Operation 302 'call' 'ref_tmp28_assign_s' <Predicate = true> <Delay = 6.97> <CoreType = "Generic">   --->   Core 0 '' <Latency = 0> <II = 1> <Delay = 1.00> <Generic> <Opcode : >

State 19 <SV = 18> <Delay = 7.30>
ST_19 : Operation 303 [1/1] (7.30ns)   --->   "%gmem_addr_5_read = read i256 @_ssdm_op_Read.m_axi.i256P1A, i256 %gmem_addr_5" [poseidon.cpp:55]   --->   Operation 303 'read' 'gmem_addr_5_read' <Predicate = true> <Delay = 7.30> <CoreInst = "m_axi">   --->   Core 113 'm_axi' <Latency = 0> <II = 1> <Delay = 1.00> <Adapter> <Opcode : 'read' 'write' 'readreq' 'writereq' 'writeresp'>
ST_19 : Operation 304 [1/8] (7.30ns)   --->   "%gmem_load_6_req = readreq i1 @_ssdm_op_ReadReq.m_axi.i256P1A, i256 %gmem_addr_6, i32 1" [poseidon.cpp:55]   --->   Operation 304 'readreq' 'gmem_load_6_req' <Predicate = true> <Delay = 7.30> <CoreInst = "m_axi">   --->   Core 113 'm_axi' <Latency = 0> <II = 1> <Delay = 1.00> <Adapter> <Opcode : 'read' 'write' 'readreq' 'writereq' 'writeresp'>
ST_19 : Operation 305 [2/8] (7.30ns)   --->   "%gmem_load_7_req = readreq i1 @_ssdm_op_ReadReq.m_axi.i256P1A, i256 %gmem_addr_7, i32 1" [poseidon.cpp:55]   --->   Operation 305 'readreq' 'gmem_load_7_req' <Predicate = true> <Delay = 7.30> <CoreInst = "m_axi">   --->   Core 113 'm_axi' <Latency = 0> <II = 1> <Delay = 1.00> <Adapter> <Opcode : 'read' 'write' 'readreq' 'writereq' 'writeresp'>
ST_19 : Operation 306 [3/8] (7.30ns)   --->   "%gmem_load_8_req = readreq i1 @_ssdm_op_ReadReq.m_axi.i256P1A, i256 %gmem_addr_8, i32 1" [poseidon.cpp:55]   --->   Operation 306 'readreq' 'gmem_load_8_req' <Predicate = true> <Delay = 7.30> <CoreInst = "m_axi">   --->   Core 113 'm_axi' <Latency = 0> <II = 1> <Delay = 1.00> <Adapter> <Opcode : 'read' 'write' 'readreq' 'writereq' 'writeresp'>
ST_19 : Operation 307 [4/8] (7.30ns)   --->   "%gmem_load_9_req = readreq i1 @_ssdm_op_ReadReq.m_axi.i256P1A, i256 %gmem_addr_9, i32 1" [poseidon.cpp:55]   --->   Operation 307 'readreq' 'gmem_load_9_req' <Predicate = true> <Delay = 7.30> <CoreInst = "m_axi">   --->   Core 113 'm_axi' <Latency = 0> <II = 1> <Delay = 1.00> <Adapter> <Opcode : 'read' 'write' 'readreq' 'writereq' 'writeresp'>
ST_19 : Operation 308 [5/8] (7.30ns)   --->   "%gmem_load_10_req = readreq i1 @_ssdm_op_ReadReq.m_axi.i256P1A, i256 %gmem_addr_10, i32 1" [poseidon.cpp:55]   --->   Operation 308 'readreq' 'gmem_load_10_req' <Predicate = true> <Delay = 7.30> <CoreInst = "m_axi">   --->   Core 113 'm_axi' <Latency = 0> <II = 1> <Delay = 1.00> <Adapter> <Opcode : 'read' 'write' 'readreq' 'writereq' 'writeresp'>
ST_19 : Operation 309 [6/8] (7.30ns)   --->   "%gmem_load_11_req = readreq i1 @_ssdm_op_ReadReq.m_axi.i256P1A, i256 %gmem_addr_11, i32 1" [poseidon.cpp:55]   --->   Operation 309 'readreq' 'gmem_load_11_req' <Predicate = true> <Delay = 7.30> <CoreInst = "m_axi">   --->   Core 113 'm_axi' <Latency = 0> <II = 1> <Delay = 1.00> <Adapter> <Opcode : 'read' 'write' 'readreq' 'writereq' 'writeresp'>
ST_19 : Operation 310 [7/8] (7.30ns)   --->   "%gmem_load_12_req = readreq i1 @_ssdm_op_ReadReq.m_axi.i256P1A, i256 %gmem_addr_12, i32 1" [poseidon.cpp:55]   --->   Operation 310 'readreq' 'gmem_load_12_req' <Predicate = true> <Delay = 7.30> <CoreInst = "m_axi">   --->   Core 113 'm_axi' <Latency = 0> <II = 1> <Delay = 1.00> <Adapter> <Opcode : 'read' 'write' 'readreq' 'writereq' 'writeresp'>
ST_19 : Operation 311 [1/1] (0.00ns)   --->   "%sext_ln55_13 = sext i60 %add_ln55_19" [poseidon.cpp:55]   --->   Operation 311 'sext' 'sext_ln55_13' <Predicate = true> <Delay = 0.00>
ST_19 : Operation 312 [1/1] (0.00ns)   --->   "%gmem_addr_13 = getelementptr i256 %gmem, i64 %sext_ln55_13" [poseidon.cpp:55]   --->   Operation 312 'getelementptr' 'gmem_addr_13' <Predicate = true> <Delay = 0.00>
ST_19 : Operation 313 [8/8] (7.30ns)   --->   "%gmem_load_13_req = readreq i1 @_ssdm_op_ReadReq.m_axi.i256P1A, i256 %gmem_addr_13, i32 1" [poseidon.cpp:55]   --->   Operation 313 'readreq' 'gmem_load_13_req' <Predicate = true> <Delay = 7.30> <CoreInst = "m_axi">   --->   Core 113 'm_axi' <Latency = 0> <II = 1> <Delay = 1.00> <Adapter> <Opcode : 'read' 'write' 'readreq' 'writereq' 'writeresp'>
ST_19 : Operation 314 [1/2] (5.07ns)   --->   "%ref_tmp28_assign_s = call i255 @sbox_quintic, i256 %select_ln7" [poseidon.cpp:63]   --->   Operation 314 'call' 'ref_tmp28_assign_s' <Predicate = true> <Delay = 5.07> <CoreType = "Generic">   --->   Core 0 '' <Latency = 0> <II = 1> <Delay = 1.00> <Generic> <Opcode : >

State 20 <SV = 19> <Delay = 7.30>
ST_20 : Operation 315 [1/1] (7.30ns)   --->   "%gmem_addr_6_read = read i256 @_ssdm_op_Read.m_axi.i256P1A, i256 %gmem_addr_6" [poseidon.cpp:55]   --->   Operation 315 'read' 'gmem_addr_6_read' <Predicate = true> <Delay = 7.30> <CoreInst = "m_axi">   --->   Core 113 'm_axi' <Latency = 0> <II = 1> <Delay = 1.00> <Adapter> <Opcode : 'read' 'write' 'readreq' 'writereq' 'writeresp'>
ST_20 : Operation 316 [1/8] (7.30ns)   --->   "%gmem_load_7_req = readreq i1 @_ssdm_op_ReadReq.m_axi.i256P1A, i256 %gmem_addr_7, i32 1" [poseidon.cpp:55]   --->   Operation 316 'readreq' 'gmem_load_7_req' <Predicate = true> <Delay = 7.30> <CoreInst = "m_axi">   --->   Core 113 'm_axi' <Latency = 0> <II = 1> <Delay = 1.00> <Adapter> <Opcode : 'read' 'write' 'readreq' 'writereq' 'writeresp'>
ST_20 : Operation 317 [2/8] (7.30ns)   --->   "%gmem_load_8_req = readreq i1 @_ssdm_op_ReadReq.m_axi.i256P1A, i256 %gmem_addr_8, i32 1" [poseidon.cpp:55]   --->   Operation 317 'readreq' 'gmem_load_8_req' <Predicate = true> <Delay = 7.30> <CoreInst = "m_axi">   --->   Core 113 'm_axi' <Latency = 0> <II = 1> <Delay = 1.00> <Adapter> <Opcode : 'read' 'write' 'readreq' 'writereq' 'writeresp'>
ST_20 : Operation 318 [3/8] (7.30ns)   --->   "%gmem_load_9_req = readreq i1 @_ssdm_op_ReadReq.m_axi.i256P1A, i256 %gmem_addr_9, i32 1" [poseidon.cpp:55]   --->   Operation 318 'readreq' 'gmem_load_9_req' <Predicate = true> <Delay = 7.30> <CoreInst = "m_axi">   --->   Core 113 'm_axi' <Latency = 0> <II = 1> <Delay = 1.00> <Adapter> <Opcode : 'read' 'write' 'readreq' 'writereq' 'writeresp'>
ST_20 : Operation 319 [4/8] (7.30ns)   --->   "%gmem_load_10_req = readreq i1 @_ssdm_op_ReadReq.m_axi.i256P1A, i256 %gmem_addr_10, i32 1" [poseidon.cpp:55]   --->   Operation 319 'readreq' 'gmem_load_10_req' <Predicate = true> <Delay = 7.30> <CoreInst = "m_axi">   --->   Core 113 'm_axi' <Latency = 0> <II = 1> <Delay = 1.00> <Adapter> <Opcode : 'read' 'write' 'readreq' 'writereq' 'writeresp'>
ST_20 : Operation 320 [5/8] (7.30ns)   --->   "%gmem_load_11_req = readreq i1 @_ssdm_op_ReadReq.m_axi.i256P1A, i256 %gmem_addr_11, i32 1" [poseidon.cpp:55]   --->   Operation 320 'readreq' 'gmem_load_11_req' <Predicate = true> <Delay = 7.30> <CoreInst = "m_axi">   --->   Core 113 'm_axi' <Latency = 0> <II = 1> <Delay = 1.00> <Adapter> <Opcode : 'read' 'write' 'readreq' 'writereq' 'writeresp'>
ST_20 : Operation 321 [6/8] (7.30ns)   --->   "%gmem_load_12_req = readreq i1 @_ssdm_op_ReadReq.m_axi.i256P1A, i256 %gmem_addr_12, i32 1" [poseidon.cpp:55]   --->   Operation 321 'readreq' 'gmem_load_12_req' <Predicate = true> <Delay = 7.30> <CoreInst = "m_axi">   --->   Core 113 'm_axi' <Latency = 0> <II = 1> <Delay = 1.00> <Adapter> <Opcode : 'read' 'write' 'readreq' 'writereq' 'writeresp'>
ST_20 : Operation 322 [7/8] (7.30ns)   --->   "%gmem_load_13_req = readreq i1 @_ssdm_op_ReadReq.m_axi.i256P1A, i256 %gmem_addr_13, i32 1" [poseidon.cpp:55]   --->   Operation 322 'readreq' 'gmem_load_13_req' <Predicate = true> <Delay = 7.30> <CoreInst = "m_axi">   --->   Core 113 'm_axi' <Latency = 0> <II = 1> <Delay = 1.00> <Adapter> <Opcode : 'read' 'write' 'readreq' 'writereq' 'writeresp'>
ST_20 : Operation 323 [1/1] (0.00ns)   --->   "%sext_ln55_14 = sext i60 %add_ln55_21" [poseidon.cpp:55]   --->   Operation 323 'sext' 'sext_ln55_14' <Predicate = true> <Delay = 0.00>
ST_20 : Operation 324 [1/1] (0.00ns)   --->   "%gmem_addr_14 = getelementptr i256 %gmem, i64 %sext_ln55_14" [poseidon.cpp:55]   --->   Operation 324 'getelementptr' 'gmem_addr_14' <Predicate = true> <Delay = 0.00>
ST_20 : Operation 325 [8/8] (7.30ns)   --->   "%gmem_load_14_req = readreq i1 @_ssdm_op_ReadReq.m_axi.i256P1A, i256 %gmem_addr_14, i32 1" [poseidon.cpp:55]   --->   Operation 325 'readreq' 'gmem_load_14_req' <Predicate = true> <Delay = 7.30> <CoreInst = "m_axi">   --->   Core 113 'm_axi' <Latency = 0> <II = 1> <Delay = 1.00> <Adapter> <Opcode : 'read' 'write' 'readreq' 'writereq' 'writeresp'>

State 21 <SV = 20> <Delay = 7.30>
ST_21 : Operation 326 [1/1] (7.30ns)   --->   "%gmem_addr_7_read = read i256 @_ssdm_op_Read.m_axi.i256P1A, i256 %gmem_addr_7" [poseidon.cpp:55]   --->   Operation 326 'read' 'gmem_addr_7_read' <Predicate = true> <Delay = 7.30> <CoreInst = "m_axi">   --->   Core 113 'm_axi' <Latency = 0> <II = 1> <Delay = 1.00> <Adapter> <Opcode : 'read' 'write' 'readreq' 'writereq' 'writeresp'>
ST_21 : Operation 327 [1/8] (7.30ns)   --->   "%gmem_load_8_req = readreq i1 @_ssdm_op_ReadReq.m_axi.i256P1A, i256 %gmem_addr_8, i32 1" [poseidon.cpp:55]   --->   Operation 327 'readreq' 'gmem_load_8_req' <Predicate = true> <Delay = 7.30> <CoreInst = "m_axi">   --->   Core 113 'm_axi' <Latency = 0> <II = 1> <Delay = 1.00> <Adapter> <Opcode : 'read' 'write' 'readreq' 'writereq' 'writeresp'>
ST_21 : Operation 328 [2/8] (7.30ns)   --->   "%gmem_load_9_req = readreq i1 @_ssdm_op_ReadReq.m_axi.i256P1A, i256 %gmem_addr_9, i32 1" [poseidon.cpp:55]   --->   Operation 328 'readreq' 'gmem_load_9_req' <Predicate = true> <Delay = 7.30> <CoreInst = "m_axi">   --->   Core 113 'm_axi' <Latency = 0> <II = 1> <Delay = 1.00> <Adapter> <Opcode : 'read' 'write' 'readreq' 'writereq' 'writeresp'>
ST_21 : Operation 329 [3/8] (7.30ns)   --->   "%gmem_load_10_req = readreq i1 @_ssdm_op_ReadReq.m_axi.i256P1A, i256 %gmem_addr_10, i32 1" [poseidon.cpp:55]   --->   Operation 329 'readreq' 'gmem_load_10_req' <Predicate = true> <Delay = 7.30> <CoreInst = "m_axi">   --->   Core 113 'm_axi' <Latency = 0> <II = 1> <Delay = 1.00> <Adapter> <Opcode : 'read' 'write' 'readreq' 'writereq' 'writeresp'>
ST_21 : Operation 330 [4/8] (7.30ns)   --->   "%gmem_load_11_req = readreq i1 @_ssdm_op_ReadReq.m_axi.i256P1A, i256 %gmem_addr_11, i32 1" [poseidon.cpp:55]   --->   Operation 330 'readreq' 'gmem_load_11_req' <Predicate = true> <Delay = 7.30> <CoreInst = "m_axi">   --->   Core 113 'm_axi' <Latency = 0> <II = 1> <Delay = 1.00> <Adapter> <Opcode : 'read' 'write' 'readreq' 'writereq' 'writeresp'>
ST_21 : Operation 331 [5/8] (7.30ns)   --->   "%gmem_load_12_req = readreq i1 @_ssdm_op_ReadReq.m_axi.i256P1A, i256 %gmem_addr_12, i32 1" [poseidon.cpp:55]   --->   Operation 331 'readreq' 'gmem_load_12_req' <Predicate = true> <Delay = 7.30> <CoreInst = "m_axi">   --->   Core 113 'm_axi' <Latency = 0> <II = 1> <Delay = 1.00> <Adapter> <Opcode : 'read' 'write' 'readreq' 'writereq' 'writeresp'>
ST_21 : Operation 332 [6/8] (7.30ns)   --->   "%gmem_load_13_req = readreq i1 @_ssdm_op_ReadReq.m_axi.i256P1A, i256 %gmem_addr_13, i32 1" [poseidon.cpp:55]   --->   Operation 332 'readreq' 'gmem_load_13_req' <Predicate = true> <Delay = 7.30> <CoreInst = "m_axi">   --->   Core 113 'm_axi' <Latency = 0> <II = 1> <Delay = 1.00> <Adapter> <Opcode : 'read' 'write' 'readreq' 'writereq' 'writeresp'>
ST_21 : Operation 333 [7/8] (7.30ns)   --->   "%gmem_load_14_req = readreq i1 @_ssdm_op_ReadReq.m_axi.i256P1A, i256 %gmem_addr_14, i32 1" [poseidon.cpp:55]   --->   Operation 333 'readreq' 'gmem_load_14_req' <Predicate = true> <Delay = 7.30> <CoreInst = "m_axi">   --->   Core 113 'm_axi' <Latency = 0> <II = 1> <Delay = 1.00> <Adapter> <Opcode : 'read' 'write' 'readreq' 'writereq' 'writeresp'>
ST_21 : Operation 334 [1/1] (0.00ns)   --->   "%sext_ln55_15 = sext i60 %add_ln55_23" [poseidon.cpp:55]   --->   Operation 334 'sext' 'sext_ln55_15' <Predicate = true> <Delay = 0.00>
ST_21 : Operation 335 [1/1] (0.00ns)   --->   "%gmem_addr_15 = getelementptr i256 %gmem, i64 %sext_ln55_15" [poseidon.cpp:55]   --->   Operation 335 'getelementptr' 'gmem_addr_15' <Predicate = true> <Delay = 0.00>
ST_21 : Operation 336 [8/8] (7.30ns)   --->   "%gmem_load_15_req = readreq i1 @_ssdm_op_ReadReq.m_axi.i256P1A, i256 %gmem_addr_15, i32 1" [poseidon.cpp:55]   --->   Operation 336 'readreq' 'gmem_load_15_req' <Predicate = true> <Delay = 7.30> <CoreInst = "m_axi">   --->   Core 113 'm_axi' <Latency = 0> <II = 1> <Delay = 1.00> <Adapter> <Opcode : 'read' 'write' 'readreq' 'writereq' 'writeresp'>

State 22 <SV = 21> <Delay = 7.30>
ST_22 : Operation 337 [1/1] (7.30ns)   --->   "%gmem_addr_8_read = read i256 @_ssdm_op_Read.m_axi.i256P1A, i256 %gmem_addr_8" [poseidon.cpp:55]   --->   Operation 337 'read' 'gmem_addr_8_read' <Predicate = true> <Delay = 7.30> <CoreInst = "m_axi">   --->   Core 113 'm_axi' <Latency = 0> <II = 1> <Delay = 1.00> <Adapter> <Opcode : 'read' 'write' 'readreq' 'writereq' 'writeresp'>
ST_22 : Operation 338 [1/8] (7.30ns)   --->   "%gmem_load_9_req = readreq i1 @_ssdm_op_ReadReq.m_axi.i256P1A, i256 %gmem_addr_9, i32 1" [poseidon.cpp:55]   --->   Operation 338 'readreq' 'gmem_load_9_req' <Predicate = true> <Delay = 7.30> <CoreInst = "m_axi">   --->   Core 113 'm_axi' <Latency = 0> <II = 1> <Delay = 1.00> <Adapter> <Opcode : 'read' 'write' 'readreq' 'writereq' 'writeresp'>
ST_22 : Operation 339 [2/8] (7.30ns)   --->   "%gmem_load_10_req = readreq i1 @_ssdm_op_ReadReq.m_axi.i256P1A, i256 %gmem_addr_10, i32 1" [poseidon.cpp:55]   --->   Operation 339 'readreq' 'gmem_load_10_req' <Predicate = true> <Delay = 7.30> <CoreInst = "m_axi">   --->   Core 113 'm_axi' <Latency = 0> <II = 1> <Delay = 1.00> <Adapter> <Opcode : 'read' 'write' 'readreq' 'writereq' 'writeresp'>
ST_22 : Operation 340 [3/8] (7.30ns)   --->   "%gmem_load_11_req = readreq i1 @_ssdm_op_ReadReq.m_axi.i256P1A, i256 %gmem_addr_11, i32 1" [poseidon.cpp:55]   --->   Operation 340 'readreq' 'gmem_load_11_req' <Predicate = true> <Delay = 7.30> <CoreInst = "m_axi">   --->   Core 113 'm_axi' <Latency = 0> <II = 1> <Delay = 1.00> <Adapter> <Opcode : 'read' 'write' 'readreq' 'writereq' 'writeresp'>
ST_22 : Operation 341 [4/8] (7.30ns)   --->   "%gmem_load_12_req = readreq i1 @_ssdm_op_ReadReq.m_axi.i256P1A, i256 %gmem_addr_12, i32 1" [poseidon.cpp:55]   --->   Operation 341 'readreq' 'gmem_load_12_req' <Predicate = true> <Delay = 7.30> <CoreInst = "m_axi">   --->   Core 113 'm_axi' <Latency = 0> <II = 1> <Delay = 1.00> <Adapter> <Opcode : 'read' 'write' 'readreq' 'writereq' 'writeresp'>
ST_22 : Operation 342 [5/8] (7.30ns)   --->   "%gmem_load_13_req = readreq i1 @_ssdm_op_ReadReq.m_axi.i256P1A, i256 %gmem_addr_13, i32 1" [poseidon.cpp:55]   --->   Operation 342 'readreq' 'gmem_load_13_req' <Predicate = true> <Delay = 7.30> <CoreInst = "m_axi">   --->   Core 113 'm_axi' <Latency = 0> <II = 1> <Delay = 1.00> <Adapter> <Opcode : 'read' 'write' 'readreq' 'writereq' 'writeresp'>
ST_22 : Operation 343 [6/8] (7.30ns)   --->   "%gmem_load_14_req = readreq i1 @_ssdm_op_ReadReq.m_axi.i256P1A, i256 %gmem_addr_14, i32 1" [poseidon.cpp:55]   --->   Operation 343 'readreq' 'gmem_load_14_req' <Predicate = true> <Delay = 7.30> <CoreInst = "m_axi">   --->   Core 113 'm_axi' <Latency = 0> <II = 1> <Delay = 1.00> <Adapter> <Opcode : 'read' 'write' 'readreq' 'writereq' 'writeresp'>
ST_22 : Operation 344 [7/8] (7.30ns)   --->   "%gmem_load_15_req = readreq i1 @_ssdm_op_ReadReq.m_axi.i256P1A, i256 %gmem_addr_15, i32 1" [poseidon.cpp:55]   --->   Operation 344 'readreq' 'gmem_load_15_req' <Predicate = true> <Delay = 7.30> <CoreInst = "m_axi">   --->   Core 113 'm_axi' <Latency = 0> <II = 1> <Delay = 1.00> <Adapter> <Opcode : 'read' 'write' 'readreq' 'writereq' 'writeresp'>
ST_22 : Operation 345 [1/1] (0.00ns)   --->   "%sext_ln55_16 = sext i60 %add_ln55_25" [poseidon.cpp:55]   --->   Operation 345 'sext' 'sext_ln55_16' <Predicate = true> <Delay = 0.00>
ST_22 : Operation 346 [1/1] (0.00ns)   --->   "%gmem_addr_16 = getelementptr i256 %gmem, i64 %sext_ln55_16" [poseidon.cpp:55]   --->   Operation 346 'getelementptr' 'gmem_addr_16' <Predicate = true> <Delay = 0.00>
ST_22 : Operation 347 [8/8] (7.30ns)   --->   "%gmem_load_16_req = readreq i1 @_ssdm_op_ReadReq.m_axi.i256P1A, i256 %gmem_addr_16, i32 1" [poseidon.cpp:55]   --->   Operation 347 'readreq' 'gmem_load_16_req' <Predicate = true> <Delay = 7.30> <CoreInst = "m_axi">   --->   Core 113 'm_axi' <Latency = 0> <II = 1> <Delay = 1.00> <Adapter> <Opcode : 'read' 'write' 'readreq' 'writereq' 'writeresp'>

State 23 <SV = 22> <Delay = 7.30>
ST_23 : Operation 348 [1/1] (7.30ns)   --->   "%gmem_addr_9_read = read i256 @_ssdm_op_Read.m_axi.i256P1A, i256 %gmem_addr_9" [poseidon.cpp:55]   --->   Operation 348 'read' 'gmem_addr_9_read' <Predicate = true> <Delay = 7.30> <CoreInst = "m_axi">   --->   Core 113 'm_axi' <Latency = 0> <II = 1> <Delay = 1.00> <Adapter> <Opcode : 'read' 'write' 'readreq' 'writereq' 'writeresp'>
ST_23 : Operation 349 [1/8] (7.30ns)   --->   "%gmem_load_10_req = readreq i1 @_ssdm_op_ReadReq.m_axi.i256P1A, i256 %gmem_addr_10, i32 1" [poseidon.cpp:55]   --->   Operation 349 'readreq' 'gmem_load_10_req' <Predicate = true> <Delay = 7.30> <CoreInst = "m_axi">   --->   Core 113 'm_axi' <Latency = 0> <II = 1> <Delay = 1.00> <Adapter> <Opcode : 'read' 'write' 'readreq' 'writereq' 'writeresp'>
ST_23 : Operation 350 [2/8] (7.30ns)   --->   "%gmem_load_11_req = readreq i1 @_ssdm_op_ReadReq.m_axi.i256P1A, i256 %gmem_addr_11, i32 1" [poseidon.cpp:55]   --->   Operation 350 'readreq' 'gmem_load_11_req' <Predicate = true> <Delay = 7.30> <CoreInst = "m_axi">   --->   Core 113 'm_axi' <Latency = 0> <II = 1> <Delay = 1.00> <Adapter> <Opcode : 'read' 'write' 'readreq' 'writereq' 'writeresp'>
ST_23 : Operation 351 [3/8] (7.30ns)   --->   "%gmem_load_12_req = readreq i1 @_ssdm_op_ReadReq.m_axi.i256P1A, i256 %gmem_addr_12, i32 1" [poseidon.cpp:55]   --->   Operation 351 'readreq' 'gmem_load_12_req' <Predicate = true> <Delay = 7.30> <CoreInst = "m_axi">   --->   Core 113 'm_axi' <Latency = 0> <II = 1> <Delay = 1.00> <Adapter> <Opcode : 'read' 'write' 'readreq' 'writereq' 'writeresp'>
ST_23 : Operation 352 [4/8] (7.30ns)   --->   "%gmem_load_13_req = readreq i1 @_ssdm_op_ReadReq.m_axi.i256P1A, i256 %gmem_addr_13, i32 1" [poseidon.cpp:55]   --->   Operation 352 'readreq' 'gmem_load_13_req' <Predicate = true> <Delay = 7.30> <CoreInst = "m_axi">   --->   Core 113 'm_axi' <Latency = 0> <II = 1> <Delay = 1.00> <Adapter> <Opcode : 'read' 'write' 'readreq' 'writereq' 'writeresp'>
ST_23 : Operation 353 [5/8] (7.30ns)   --->   "%gmem_load_14_req = readreq i1 @_ssdm_op_ReadReq.m_axi.i256P1A, i256 %gmem_addr_14, i32 1" [poseidon.cpp:55]   --->   Operation 353 'readreq' 'gmem_load_14_req' <Predicate = true> <Delay = 7.30> <CoreInst = "m_axi">   --->   Core 113 'm_axi' <Latency = 0> <II = 1> <Delay = 1.00> <Adapter> <Opcode : 'read' 'write' 'readreq' 'writereq' 'writeresp'>
ST_23 : Operation 354 [6/8] (7.30ns)   --->   "%gmem_load_15_req = readreq i1 @_ssdm_op_ReadReq.m_axi.i256P1A, i256 %gmem_addr_15, i32 1" [poseidon.cpp:55]   --->   Operation 354 'readreq' 'gmem_load_15_req' <Predicate = true> <Delay = 7.30> <CoreInst = "m_axi">   --->   Core 113 'm_axi' <Latency = 0> <II = 1> <Delay = 1.00> <Adapter> <Opcode : 'read' 'write' 'readreq' 'writereq' 'writeresp'>
ST_23 : Operation 355 [7/8] (7.30ns)   --->   "%gmem_load_16_req = readreq i1 @_ssdm_op_ReadReq.m_axi.i256P1A, i256 %gmem_addr_16, i32 1" [poseidon.cpp:55]   --->   Operation 355 'readreq' 'gmem_load_16_req' <Predicate = true> <Delay = 7.30> <CoreInst = "m_axi">   --->   Core 113 'm_axi' <Latency = 0> <II = 1> <Delay = 1.00> <Adapter> <Opcode : 'read' 'write' 'readreq' 'writereq' 'writeresp'>
ST_23 : Operation 356 [1/1] (0.00ns)   --->   "%sext_ln55_17 = sext i60 %add_ln55_27" [poseidon.cpp:55]   --->   Operation 356 'sext' 'sext_ln55_17' <Predicate = true> <Delay = 0.00>
ST_23 : Operation 357 [1/1] (0.00ns)   --->   "%gmem_addr_17 = getelementptr i256 %gmem, i64 %sext_ln55_17" [poseidon.cpp:55]   --->   Operation 357 'getelementptr' 'gmem_addr_17' <Predicate = true> <Delay = 0.00>
ST_23 : Operation 358 [8/8] (7.30ns)   --->   "%gmem_load_17_req = readreq i1 @_ssdm_op_ReadReq.m_axi.i256P1A, i256 %gmem_addr_17, i32 1" [poseidon.cpp:55]   --->   Operation 358 'readreq' 'gmem_load_17_req' <Predicate = true> <Delay = 7.30> <CoreInst = "m_axi">   --->   Core 113 'm_axi' <Latency = 0> <II = 1> <Delay = 1.00> <Adapter> <Opcode : 'read' 'write' 'readreq' 'writereq' 'writeresp'>

State 24 <SV = 23> <Delay = 7.30>
ST_24 : Operation 359 [1/1] (7.30ns)   --->   "%gmem_addr_10_read = read i256 @_ssdm_op_Read.m_axi.i256P1A, i256 %gmem_addr_10" [poseidon.cpp:55]   --->   Operation 359 'read' 'gmem_addr_10_read' <Predicate = true> <Delay = 7.30> <CoreInst = "m_axi">   --->   Core 113 'm_axi' <Latency = 0> <II = 1> <Delay = 1.00> <Adapter> <Opcode : 'read' 'write' 'readreq' 'writereq' 'writeresp'>
ST_24 : Operation 360 [1/8] (7.30ns)   --->   "%gmem_load_11_req = readreq i1 @_ssdm_op_ReadReq.m_axi.i256P1A, i256 %gmem_addr_11, i32 1" [poseidon.cpp:55]   --->   Operation 360 'readreq' 'gmem_load_11_req' <Predicate = true> <Delay = 7.30> <CoreInst = "m_axi">   --->   Core 113 'm_axi' <Latency = 0> <II = 1> <Delay = 1.00> <Adapter> <Opcode : 'read' 'write' 'readreq' 'writereq' 'writeresp'>
ST_24 : Operation 361 [2/8] (7.30ns)   --->   "%gmem_load_12_req = readreq i1 @_ssdm_op_ReadReq.m_axi.i256P1A, i256 %gmem_addr_12, i32 1" [poseidon.cpp:55]   --->   Operation 361 'readreq' 'gmem_load_12_req' <Predicate = true> <Delay = 7.30> <CoreInst = "m_axi">   --->   Core 113 'm_axi' <Latency = 0> <II = 1> <Delay = 1.00> <Adapter> <Opcode : 'read' 'write' 'readreq' 'writereq' 'writeresp'>
ST_24 : Operation 362 [3/8] (7.30ns)   --->   "%gmem_load_13_req = readreq i1 @_ssdm_op_ReadReq.m_axi.i256P1A, i256 %gmem_addr_13, i32 1" [poseidon.cpp:55]   --->   Operation 362 'readreq' 'gmem_load_13_req' <Predicate = true> <Delay = 7.30> <CoreInst = "m_axi">   --->   Core 113 'm_axi' <Latency = 0> <II = 1> <Delay = 1.00> <Adapter> <Opcode : 'read' 'write' 'readreq' 'writereq' 'writeresp'>
ST_24 : Operation 363 [4/8] (7.30ns)   --->   "%gmem_load_14_req = readreq i1 @_ssdm_op_ReadReq.m_axi.i256P1A, i256 %gmem_addr_14, i32 1" [poseidon.cpp:55]   --->   Operation 363 'readreq' 'gmem_load_14_req' <Predicate = true> <Delay = 7.30> <CoreInst = "m_axi">   --->   Core 113 'm_axi' <Latency = 0> <II = 1> <Delay = 1.00> <Adapter> <Opcode : 'read' 'write' 'readreq' 'writereq' 'writeresp'>
ST_24 : Operation 364 [5/8] (7.30ns)   --->   "%gmem_load_15_req = readreq i1 @_ssdm_op_ReadReq.m_axi.i256P1A, i256 %gmem_addr_15, i32 1" [poseidon.cpp:55]   --->   Operation 364 'readreq' 'gmem_load_15_req' <Predicate = true> <Delay = 7.30> <CoreInst = "m_axi">   --->   Core 113 'm_axi' <Latency = 0> <II = 1> <Delay = 1.00> <Adapter> <Opcode : 'read' 'write' 'readreq' 'writereq' 'writeresp'>
ST_24 : Operation 365 [6/8] (7.30ns)   --->   "%gmem_load_16_req = readreq i1 @_ssdm_op_ReadReq.m_axi.i256P1A, i256 %gmem_addr_16, i32 1" [poseidon.cpp:55]   --->   Operation 365 'readreq' 'gmem_load_16_req' <Predicate = true> <Delay = 7.30> <CoreInst = "m_axi">   --->   Core 113 'm_axi' <Latency = 0> <II = 1> <Delay = 1.00> <Adapter> <Opcode : 'read' 'write' 'readreq' 'writereq' 'writeresp'>
ST_24 : Operation 366 [7/8] (7.30ns)   --->   "%gmem_load_17_req = readreq i1 @_ssdm_op_ReadReq.m_axi.i256P1A, i256 %gmem_addr_17, i32 1" [poseidon.cpp:55]   --->   Operation 366 'readreq' 'gmem_load_17_req' <Predicate = true> <Delay = 7.30> <CoreInst = "m_axi">   --->   Core 113 'm_axi' <Latency = 0> <II = 1> <Delay = 1.00> <Adapter> <Opcode : 'read' 'write' 'readreq' 'writereq' 'writeresp'>
ST_24 : Operation 367 [1/1] (0.00ns)   --->   "%sext_ln55_18 = sext i60 %add_ln55_29" [poseidon.cpp:55]   --->   Operation 367 'sext' 'sext_ln55_18' <Predicate = true> <Delay = 0.00>
ST_24 : Operation 368 [1/1] (0.00ns)   --->   "%gmem_addr_18 = getelementptr i256 %gmem, i64 %sext_ln55_18" [poseidon.cpp:55]   --->   Operation 368 'getelementptr' 'gmem_addr_18' <Predicate = true> <Delay = 0.00>
ST_24 : Operation 369 [8/8] (7.30ns)   --->   "%gmem_load_18_req = readreq i1 @_ssdm_op_ReadReq.m_axi.i256P1A, i256 %gmem_addr_18, i32 1" [poseidon.cpp:55]   --->   Operation 369 'readreq' 'gmem_load_18_req' <Predicate = true> <Delay = 7.30> <CoreInst = "m_axi">   --->   Core 113 'm_axi' <Latency = 0> <II = 1> <Delay = 1.00> <Adapter> <Opcode : 'read' 'write' 'readreq' 'writereq' 'writeresp'>

State 25 <SV = 24> <Delay = 7.30>
ST_25 : Operation 370 [1/1] (7.30ns)   --->   "%gmem_addr_11_read = read i256 @_ssdm_op_Read.m_axi.i256P1A, i256 %gmem_addr_11" [poseidon.cpp:55]   --->   Operation 370 'read' 'gmem_addr_11_read' <Predicate = true> <Delay = 7.30> <CoreInst = "m_axi">   --->   Core 113 'm_axi' <Latency = 0> <II = 1> <Delay = 1.00> <Adapter> <Opcode : 'read' 'write' 'readreq' 'writereq' 'writeresp'>
ST_25 : Operation 371 [1/8] (7.30ns)   --->   "%gmem_load_12_req = readreq i1 @_ssdm_op_ReadReq.m_axi.i256P1A, i256 %gmem_addr_12, i32 1" [poseidon.cpp:55]   --->   Operation 371 'readreq' 'gmem_load_12_req' <Predicate = true> <Delay = 7.30> <CoreInst = "m_axi">   --->   Core 113 'm_axi' <Latency = 0> <II = 1> <Delay = 1.00> <Adapter> <Opcode : 'read' 'write' 'readreq' 'writereq' 'writeresp'>
ST_25 : Operation 372 [2/8] (7.30ns)   --->   "%gmem_load_13_req = readreq i1 @_ssdm_op_ReadReq.m_axi.i256P1A, i256 %gmem_addr_13, i32 1" [poseidon.cpp:55]   --->   Operation 372 'readreq' 'gmem_load_13_req' <Predicate = true> <Delay = 7.30> <CoreInst = "m_axi">   --->   Core 113 'm_axi' <Latency = 0> <II = 1> <Delay = 1.00> <Adapter> <Opcode : 'read' 'write' 'readreq' 'writereq' 'writeresp'>
ST_25 : Operation 373 [3/8] (7.30ns)   --->   "%gmem_load_14_req = readreq i1 @_ssdm_op_ReadReq.m_axi.i256P1A, i256 %gmem_addr_14, i32 1" [poseidon.cpp:55]   --->   Operation 373 'readreq' 'gmem_load_14_req' <Predicate = true> <Delay = 7.30> <CoreInst = "m_axi">   --->   Core 113 'm_axi' <Latency = 0> <II = 1> <Delay = 1.00> <Adapter> <Opcode : 'read' 'write' 'readreq' 'writereq' 'writeresp'>
ST_25 : Operation 374 [4/8] (7.30ns)   --->   "%gmem_load_15_req = readreq i1 @_ssdm_op_ReadReq.m_axi.i256P1A, i256 %gmem_addr_15, i32 1" [poseidon.cpp:55]   --->   Operation 374 'readreq' 'gmem_load_15_req' <Predicate = true> <Delay = 7.30> <CoreInst = "m_axi">   --->   Core 113 'm_axi' <Latency = 0> <II = 1> <Delay = 1.00> <Adapter> <Opcode : 'read' 'write' 'readreq' 'writereq' 'writeresp'>
ST_25 : Operation 375 [5/8] (7.30ns)   --->   "%gmem_load_16_req = readreq i1 @_ssdm_op_ReadReq.m_axi.i256P1A, i256 %gmem_addr_16, i32 1" [poseidon.cpp:55]   --->   Operation 375 'readreq' 'gmem_load_16_req' <Predicate = true> <Delay = 7.30> <CoreInst = "m_axi">   --->   Core 113 'm_axi' <Latency = 0> <II = 1> <Delay = 1.00> <Adapter> <Opcode : 'read' 'write' 'readreq' 'writereq' 'writeresp'>
ST_25 : Operation 376 [6/8] (7.30ns)   --->   "%gmem_load_17_req = readreq i1 @_ssdm_op_ReadReq.m_axi.i256P1A, i256 %gmem_addr_17, i32 1" [poseidon.cpp:55]   --->   Operation 376 'readreq' 'gmem_load_17_req' <Predicate = true> <Delay = 7.30> <CoreInst = "m_axi">   --->   Core 113 'm_axi' <Latency = 0> <II = 1> <Delay = 1.00> <Adapter> <Opcode : 'read' 'write' 'readreq' 'writereq' 'writeresp'>
ST_25 : Operation 377 [7/8] (7.30ns)   --->   "%gmem_load_18_req = readreq i1 @_ssdm_op_ReadReq.m_axi.i256P1A, i256 %gmem_addr_18, i32 1" [poseidon.cpp:55]   --->   Operation 377 'readreq' 'gmem_load_18_req' <Predicate = true> <Delay = 7.30> <CoreInst = "m_axi">   --->   Core 113 'm_axi' <Latency = 0> <II = 1> <Delay = 1.00> <Adapter> <Opcode : 'read' 'write' 'readreq' 'writereq' 'writeresp'>
ST_25 : Operation 378 [1/1] (0.00ns)   --->   "%sext_ln55_19 = sext i60 %add_ln55_31" [poseidon.cpp:55]   --->   Operation 378 'sext' 'sext_ln55_19' <Predicate = true> <Delay = 0.00>
ST_25 : Operation 379 [1/1] (0.00ns)   --->   "%gmem_addr_19 = getelementptr i256 %gmem, i64 %sext_ln55_19" [poseidon.cpp:55]   --->   Operation 379 'getelementptr' 'gmem_addr_19' <Predicate = true> <Delay = 0.00>
ST_25 : Operation 380 [8/8] (7.30ns)   --->   "%gmem_load_19_req = readreq i1 @_ssdm_op_ReadReq.m_axi.i256P1A, i256 %gmem_addr_19, i32 1" [poseidon.cpp:55]   --->   Operation 380 'readreq' 'gmem_load_19_req' <Predicate = true> <Delay = 7.30> <CoreInst = "m_axi">   --->   Core 113 'm_axi' <Latency = 0> <II = 1> <Delay = 1.00> <Adapter> <Opcode : 'read' 'write' 'readreq' 'writereq' 'writeresp'>

State 26 <SV = 25> <Delay = 7.30>
ST_26 : Operation 381 [1/1] (7.30ns)   --->   "%gmem_addr_12_read = read i256 @_ssdm_op_Read.m_axi.i256P1A, i256 %gmem_addr_12" [poseidon.cpp:55]   --->   Operation 381 'read' 'gmem_addr_12_read' <Predicate = true> <Delay = 7.30> <CoreInst = "m_axi">   --->   Core 113 'm_axi' <Latency = 0> <II = 1> <Delay = 1.00> <Adapter> <Opcode : 'read' 'write' 'readreq' 'writereq' 'writeresp'>
ST_26 : Operation 382 [1/8] (7.30ns)   --->   "%gmem_load_13_req = readreq i1 @_ssdm_op_ReadReq.m_axi.i256P1A, i256 %gmem_addr_13, i32 1" [poseidon.cpp:55]   --->   Operation 382 'readreq' 'gmem_load_13_req' <Predicate = true> <Delay = 7.30> <CoreInst = "m_axi">   --->   Core 113 'm_axi' <Latency = 0> <II = 1> <Delay = 1.00> <Adapter> <Opcode : 'read' 'write' 'readreq' 'writereq' 'writeresp'>
ST_26 : Operation 383 [2/8] (7.30ns)   --->   "%gmem_load_14_req = readreq i1 @_ssdm_op_ReadReq.m_axi.i256P1A, i256 %gmem_addr_14, i32 1" [poseidon.cpp:55]   --->   Operation 383 'readreq' 'gmem_load_14_req' <Predicate = true> <Delay = 7.30> <CoreInst = "m_axi">   --->   Core 113 'm_axi' <Latency = 0> <II = 1> <Delay = 1.00> <Adapter> <Opcode : 'read' 'write' 'readreq' 'writereq' 'writeresp'>
ST_26 : Operation 384 [3/8] (7.30ns)   --->   "%gmem_load_15_req = readreq i1 @_ssdm_op_ReadReq.m_axi.i256P1A, i256 %gmem_addr_15, i32 1" [poseidon.cpp:55]   --->   Operation 384 'readreq' 'gmem_load_15_req' <Predicate = true> <Delay = 7.30> <CoreInst = "m_axi">   --->   Core 113 'm_axi' <Latency = 0> <II = 1> <Delay = 1.00> <Adapter> <Opcode : 'read' 'write' 'readreq' 'writereq' 'writeresp'>
ST_26 : Operation 385 [4/8] (7.30ns)   --->   "%gmem_load_16_req = readreq i1 @_ssdm_op_ReadReq.m_axi.i256P1A, i256 %gmem_addr_16, i32 1" [poseidon.cpp:55]   --->   Operation 385 'readreq' 'gmem_load_16_req' <Predicate = true> <Delay = 7.30> <CoreInst = "m_axi">   --->   Core 113 'm_axi' <Latency = 0> <II = 1> <Delay = 1.00> <Adapter> <Opcode : 'read' 'write' 'readreq' 'writereq' 'writeresp'>
ST_26 : Operation 386 [5/8] (7.30ns)   --->   "%gmem_load_17_req = readreq i1 @_ssdm_op_ReadReq.m_axi.i256P1A, i256 %gmem_addr_17, i32 1" [poseidon.cpp:55]   --->   Operation 386 'readreq' 'gmem_load_17_req' <Predicate = true> <Delay = 7.30> <CoreInst = "m_axi">   --->   Core 113 'm_axi' <Latency = 0> <II = 1> <Delay = 1.00> <Adapter> <Opcode : 'read' 'write' 'readreq' 'writereq' 'writeresp'>
ST_26 : Operation 387 [6/8] (7.30ns)   --->   "%gmem_load_18_req = readreq i1 @_ssdm_op_ReadReq.m_axi.i256P1A, i256 %gmem_addr_18, i32 1" [poseidon.cpp:55]   --->   Operation 387 'readreq' 'gmem_load_18_req' <Predicate = true> <Delay = 7.30> <CoreInst = "m_axi">   --->   Core 113 'm_axi' <Latency = 0> <II = 1> <Delay = 1.00> <Adapter> <Opcode : 'read' 'write' 'readreq' 'writereq' 'writeresp'>
ST_26 : Operation 388 [7/8] (7.30ns)   --->   "%gmem_load_19_req = readreq i1 @_ssdm_op_ReadReq.m_axi.i256P1A, i256 %gmem_addr_19, i32 1" [poseidon.cpp:55]   --->   Operation 388 'readreq' 'gmem_load_19_req' <Predicate = true> <Delay = 7.30> <CoreInst = "m_axi">   --->   Core 113 'm_axi' <Latency = 0> <II = 1> <Delay = 1.00> <Adapter> <Opcode : 'read' 'write' 'readreq' 'writereq' 'writeresp'>
ST_26 : Operation 389 [1/1] (0.00ns)   --->   "%sext_ln55_20 = sext i60 %add_ln55_33" [poseidon.cpp:55]   --->   Operation 389 'sext' 'sext_ln55_20' <Predicate = true> <Delay = 0.00>
ST_26 : Operation 390 [1/1] (0.00ns)   --->   "%gmem_addr_20 = getelementptr i256 %gmem, i64 %sext_ln55_20" [poseidon.cpp:55]   --->   Operation 390 'getelementptr' 'gmem_addr_20' <Predicate = true> <Delay = 0.00>
ST_26 : Operation 391 [8/8] (7.30ns)   --->   "%gmem_load_20_req = readreq i1 @_ssdm_op_ReadReq.m_axi.i256P1A, i256 %gmem_addr_20, i32 1" [poseidon.cpp:55]   --->   Operation 391 'readreq' 'gmem_load_20_req' <Predicate = true> <Delay = 7.30> <CoreInst = "m_axi">   --->   Core 113 'm_axi' <Latency = 0> <II = 1> <Delay = 1.00> <Adapter> <Opcode : 'read' 'write' 'readreq' 'writereq' 'writeresp'>

State 27 <SV = 26> <Delay = 7.30>
ST_27 : Operation 392 [1/1] (7.30ns)   --->   "%gmem_addr_13_read = read i256 @_ssdm_op_Read.m_axi.i256P1A, i256 %gmem_addr_13" [poseidon.cpp:55]   --->   Operation 392 'read' 'gmem_addr_13_read' <Predicate = true> <Delay = 7.30> <CoreInst = "m_axi">   --->   Core 113 'm_axi' <Latency = 0> <II = 1> <Delay = 1.00> <Adapter> <Opcode : 'read' 'write' 'readreq' 'writereq' 'writeresp'>
ST_27 : Operation 393 [1/8] (7.30ns)   --->   "%gmem_load_14_req = readreq i1 @_ssdm_op_ReadReq.m_axi.i256P1A, i256 %gmem_addr_14, i32 1" [poseidon.cpp:55]   --->   Operation 393 'readreq' 'gmem_load_14_req' <Predicate = true> <Delay = 7.30> <CoreInst = "m_axi">   --->   Core 113 'm_axi' <Latency = 0> <II = 1> <Delay = 1.00> <Adapter> <Opcode : 'read' 'write' 'readreq' 'writereq' 'writeresp'>
ST_27 : Operation 394 [2/8] (7.30ns)   --->   "%gmem_load_15_req = readreq i1 @_ssdm_op_ReadReq.m_axi.i256P1A, i256 %gmem_addr_15, i32 1" [poseidon.cpp:55]   --->   Operation 394 'readreq' 'gmem_load_15_req' <Predicate = true> <Delay = 7.30> <CoreInst = "m_axi">   --->   Core 113 'm_axi' <Latency = 0> <II = 1> <Delay = 1.00> <Adapter> <Opcode : 'read' 'write' 'readreq' 'writereq' 'writeresp'>
ST_27 : Operation 395 [3/8] (7.30ns)   --->   "%gmem_load_16_req = readreq i1 @_ssdm_op_ReadReq.m_axi.i256P1A, i256 %gmem_addr_16, i32 1" [poseidon.cpp:55]   --->   Operation 395 'readreq' 'gmem_load_16_req' <Predicate = true> <Delay = 7.30> <CoreInst = "m_axi">   --->   Core 113 'm_axi' <Latency = 0> <II = 1> <Delay = 1.00> <Adapter> <Opcode : 'read' 'write' 'readreq' 'writereq' 'writeresp'>
ST_27 : Operation 396 [4/8] (7.30ns)   --->   "%gmem_load_17_req = readreq i1 @_ssdm_op_ReadReq.m_axi.i256P1A, i256 %gmem_addr_17, i32 1" [poseidon.cpp:55]   --->   Operation 396 'readreq' 'gmem_load_17_req' <Predicate = true> <Delay = 7.30> <CoreInst = "m_axi">   --->   Core 113 'm_axi' <Latency = 0> <II = 1> <Delay = 1.00> <Adapter> <Opcode : 'read' 'write' 'readreq' 'writereq' 'writeresp'>
ST_27 : Operation 397 [5/8] (7.30ns)   --->   "%gmem_load_18_req = readreq i1 @_ssdm_op_ReadReq.m_axi.i256P1A, i256 %gmem_addr_18, i32 1" [poseidon.cpp:55]   --->   Operation 397 'readreq' 'gmem_load_18_req' <Predicate = true> <Delay = 7.30> <CoreInst = "m_axi">   --->   Core 113 'm_axi' <Latency = 0> <II = 1> <Delay = 1.00> <Adapter> <Opcode : 'read' 'write' 'readreq' 'writereq' 'writeresp'>
ST_27 : Operation 398 [6/8] (7.30ns)   --->   "%gmem_load_19_req = readreq i1 @_ssdm_op_ReadReq.m_axi.i256P1A, i256 %gmem_addr_19, i32 1" [poseidon.cpp:55]   --->   Operation 398 'readreq' 'gmem_load_19_req' <Predicate = true> <Delay = 7.30> <CoreInst = "m_axi">   --->   Core 113 'm_axi' <Latency = 0> <II = 1> <Delay = 1.00> <Adapter> <Opcode : 'read' 'write' 'readreq' 'writereq' 'writeresp'>
ST_27 : Operation 399 [7/8] (7.30ns)   --->   "%gmem_load_20_req = readreq i1 @_ssdm_op_ReadReq.m_axi.i256P1A, i256 %gmem_addr_20, i32 1" [poseidon.cpp:55]   --->   Operation 399 'readreq' 'gmem_load_20_req' <Predicate = true> <Delay = 7.30> <CoreInst = "m_axi">   --->   Core 113 'm_axi' <Latency = 0> <II = 1> <Delay = 1.00> <Adapter> <Opcode : 'read' 'write' 'readreq' 'writereq' 'writeresp'>
ST_27 : Operation 400 [1/1] (0.00ns)   --->   "%sext_ln55_21 = sext i60 %add_ln55_35" [poseidon.cpp:55]   --->   Operation 400 'sext' 'sext_ln55_21' <Predicate = true> <Delay = 0.00>
ST_27 : Operation 401 [1/1] (0.00ns)   --->   "%gmem_addr_21 = getelementptr i256 %gmem, i64 %sext_ln55_21" [poseidon.cpp:55]   --->   Operation 401 'getelementptr' 'gmem_addr_21' <Predicate = true> <Delay = 0.00>
ST_27 : Operation 402 [8/8] (7.30ns)   --->   "%gmem_load_21_req = readreq i1 @_ssdm_op_ReadReq.m_axi.i256P1A, i256 %gmem_addr_21, i32 1" [poseidon.cpp:55]   --->   Operation 402 'readreq' 'gmem_load_21_req' <Predicate = true> <Delay = 7.30> <CoreInst = "m_axi">   --->   Core 113 'm_axi' <Latency = 0> <II = 1> <Delay = 1.00> <Adapter> <Opcode : 'read' 'write' 'readreq' 'writereq' 'writeresp'>

State 28 <SV = 27> <Delay = 7.30>
ST_28 : Operation 403 [1/1] (7.30ns)   --->   "%gmem_addr_14_read = read i256 @_ssdm_op_Read.m_axi.i256P1A, i256 %gmem_addr_14" [poseidon.cpp:55]   --->   Operation 403 'read' 'gmem_addr_14_read' <Predicate = true> <Delay = 7.30> <CoreInst = "m_axi">   --->   Core 113 'm_axi' <Latency = 0> <II = 1> <Delay = 1.00> <Adapter> <Opcode : 'read' 'write' 'readreq' 'writereq' 'writeresp'>
ST_28 : Operation 404 [1/8] (7.30ns)   --->   "%gmem_load_15_req = readreq i1 @_ssdm_op_ReadReq.m_axi.i256P1A, i256 %gmem_addr_15, i32 1" [poseidon.cpp:55]   --->   Operation 404 'readreq' 'gmem_load_15_req' <Predicate = true> <Delay = 7.30> <CoreInst = "m_axi">   --->   Core 113 'm_axi' <Latency = 0> <II = 1> <Delay = 1.00> <Adapter> <Opcode : 'read' 'write' 'readreq' 'writereq' 'writeresp'>
ST_28 : Operation 405 [2/8] (7.30ns)   --->   "%gmem_load_16_req = readreq i1 @_ssdm_op_ReadReq.m_axi.i256P1A, i256 %gmem_addr_16, i32 1" [poseidon.cpp:55]   --->   Operation 405 'readreq' 'gmem_load_16_req' <Predicate = true> <Delay = 7.30> <CoreInst = "m_axi">   --->   Core 113 'm_axi' <Latency = 0> <II = 1> <Delay = 1.00> <Adapter> <Opcode : 'read' 'write' 'readreq' 'writereq' 'writeresp'>
ST_28 : Operation 406 [3/8] (7.30ns)   --->   "%gmem_load_17_req = readreq i1 @_ssdm_op_ReadReq.m_axi.i256P1A, i256 %gmem_addr_17, i32 1" [poseidon.cpp:55]   --->   Operation 406 'readreq' 'gmem_load_17_req' <Predicate = true> <Delay = 7.30> <CoreInst = "m_axi">   --->   Core 113 'm_axi' <Latency = 0> <II = 1> <Delay = 1.00> <Adapter> <Opcode : 'read' 'write' 'readreq' 'writereq' 'writeresp'>
ST_28 : Operation 407 [4/8] (7.30ns)   --->   "%gmem_load_18_req = readreq i1 @_ssdm_op_ReadReq.m_axi.i256P1A, i256 %gmem_addr_18, i32 1" [poseidon.cpp:55]   --->   Operation 407 'readreq' 'gmem_load_18_req' <Predicate = true> <Delay = 7.30> <CoreInst = "m_axi">   --->   Core 113 'm_axi' <Latency = 0> <II = 1> <Delay = 1.00> <Adapter> <Opcode : 'read' 'write' 'readreq' 'writereq' 'writeresp'>
ST_28 : Operation 408 [5/8] (7.30ns)   --->   "%gmem_load_19_req = readreq i1 @_ssdm_op_ReadReq.m_axi.i256P1A, i256 %gmem_addr_19, i32 1" [poseidon.cpp:55]   --->   Operation 408 'readreq' 'gmem_load_19_req' <Predicate = true> <Delay = 7.30> <CoreInst = "m_axi">   --->   Core 113 'm_axi' <Latency = 0> <II = 1> <Delay = 1.00> <Adapter> <Opcode : 'read' 'write' 'readreq' 'writereq' 'writeresp'>
ST_28 : Operation 409 [6/8] (7.30ns)   --->   "%gmem_load_20_req = readreq i1 @_ssdm_op_ReadReq.m_axi.i256P1A, i256 %gmem_addr_20, i32 1" [poseidon.cpp:55]   --->   Operation 409 'readreq' 'gmem_load_20_req' <Predicate = true> <Delay = 7.30> <CoreInst = "m_axi">   --->   Core 113 'm_axi' <Latency = 0> <II = 1> <Delay = 1.00> <Adapter> <Opcode : 'read' 'write' 'readreq' 'writereq' 'writeresp'>
ST_28 : Operation 410 [7/8] (7.30ns)   --->   "%gmem_load_21_req = readreq i1 @_ssdm_op_ReadReq.m_axi.i256P1A, i256 %gmem_addr_21, i32 1" [poseidon.cpp:55]   --->   Operation 410 'readreq' 'gmem_load_21_req' <Predicate = true> <Delay = 7.30> <CoreInst = "m_axi">   --->   Core 113 'm_axi' <Latency = 0> <II = 1> <Delay = 1.00> <Adapter> <Opcode : 'read' 'write' 'readreq' 'writereq' 'writeresp'>
ST_28 : Operation 411 [1/1] (0.00ns)   --->   "%sext_ln55_22 = sext i60 %add_ln55_37" [poseidon.cpp:55]   --->   Operation 411 'sext' 'sext_ln55_22' <Predicate = true> <Delay = 0.00>
ST_28 : Operation 412 [1/1] (0.00ns)   --->   "%gmem_addr_22 = getelementptr i256 %gmem, i64 %sext_ln55_22" [poseidon.cpp:55]   --->   Operation 412 'getelementptr' 'gmem_addr_22' <Predicate = true> <Delay = 0.00>
ST_28 : Operation 413 [8/8] (7.30ns)   --->   "%gmem_load_22_req = readreq i1 @_ssdm_op_ReadReq.m_axi.i256P1A, i256 %gmem_addr_22, i32 1" [poseidon.cpp:55]   --->   Operation 413 'readreq' 'gmem_load_22_req' <Predicate = true> <Delay = 7.30> <CoreInst = "m_axi">   --->   Core 113 'm_axi' <Latency = 0> <II = 1> <Delay = 1.00> <Adapter> <Opcode : 'read' 'write' 'readreq' 'writereq' 'writeresp'>

State 29 <SV = 28> <Delay = 7.30>
ST_29 : Operation 414 [1/1] (7.30ns)   --->   "%gmem_addr_15_read = read i256 @_ssdm_op_Read.m_axi.i256P1A, i256 %gmem_addr_15" [poseidon.cpp:55]   --->   Operation 414 'read' 'gmem_addr_15_read' <Predicate = true> <Delay = 7.30> <CoreInst = "m_axi">   --->   Core 113 'm_axi' <Latency = 0> <II = 1> <Delay = 1.00> <Adapter> <Opcode : 'read' 'write' 'readreq' 'writereq' 'writeresp'>
ST_29 : Operation 415 [1/8] (7.30ns)   --->   "%gmem_load_16_req = readreq i1 @_ssdm_op_ReadReq.m_axi.i256P1A, i256 %gmem_addr_16, i32 1" [poseidon.cpp:55]   --->   Operation 415 'readreq' 'gmem_load_16_req' <Predicate = true> <Delay = 7.30> <CoreInst = "m_axi">   --->   Core 113 'm_axi' <Latency = 0> <II = 1> <Delay = 1.00> <Adapter> <Opcode : 'read' 'write' 'readreq' 'writereq' 'writeresp'>
ST_29 : Operation 416 [2/8] (7.30ns)   --->   "%gmem_load_17_req = readreq i1 @_ssdm_op_ReadReq.m_axi.i256P1A, i256 %gmem_addr_17, i32 1" [poseidon.cpp:55]   --->   Operation 416 'readreq' 'gmem_load_17_req' <Predicate = true> <Delay = 7.30> <CoreInst = "m_axi">   --->   Core 113 'm_axi' <Latency = 0> <II = 1> <Delay = 1.00> <Adapter> <Opcode : 'read' 'write' 'readreq' 'writereq' 'writeresp'>
ST_29 : Operation 417 [3/8] (7.30ns)   --->   "%gmem_load_18_req = readreq i1 @_ssdm_op_ReadReq.m_axi.i256P1A, i256 %gmem_addr_18, i32 1" [poseidon.cpp:55]   --->   Operation 417 'readreq' 'gmem_load_18_req' <Predicate = true> <Delay = 7.30> <CoreInst = "m_axi">   --->   Core 113 'm_axi' <Latency = 0> <II = 1> <Delay = 1.00> <Adapter> <Opcode : 'read' 'write' 'readreq' 'writereq' 'writeresp'>
ST_29 : Operation 418 [4/8] (7.30ns)   --->   "%gmem_load_19_req = readreq i1 @_ssdm_op_ReadReq.m_axi.i256P1A, i256 %gmem_addr_19, i32 1" [poseidon.cpp:55]   --->   Operation 418 'readreq' 'gmem_load_19_req' <Predicate = true> <Delay = 7.30> <CoreInst = "m_axi">   --->   Core 113 'm_axi' <Latency = 0> <II = 1> <Delay = 1.00> <Adapter> <Opcode : 'read' 'write' 'readreq' 'writereq' 'writeresp'>
ST_29 : Operation 419 [5/8] (7.30ns)   --->   "%gmem_load_20_req = readreq i1 @_ssdm_op_ReadReq.m_axi.i256P1A, i256 %gmem_addr_20, i32 1" [poseidon.cpp:55]   --->   Operation 419 'readreq' 'gmem_load_20_req' <Predicate = true> <Delay = 7.30> <CoreInst = "m_axi">   --->   Core 113 'm_axi' <Latency = 0> <II = 1> <Delay = 1.00> <Adapter> <Opcode : 'read' 'write' 'readreq' 'writereq' 'writeresp'>
ST_29 : Operation 420 [6/8] (7.30ns)   --->   "%gmem_load_21_req = readreq i1 @_ssdm_op_ReadReq.m_axi.i256P1A, i256 %gmem_addr_21, i32 1" [poseidon.cpp:55]   --->   Operation 420 'readreq' 'gmem_load_21_req' <Predicate = true> <Delay = 7.30> <CoreInst = "m_axi">   --->   Core 113 'm_axi' <Latency = 0> <II = 1> <Delay = 1.00> <Adapter> <Opcode : 'read' 'write' 'readreq' 'writereq' 'writeresp'>
ST_29 : Operation 421 [7/8] (7.30ns)   --->   "%gmem_load_22_req = readreq i1 @_ssdm_op_ReadReq.m_axi.i256P1A, i256 %gmem_addr_22, i32 1" [poseidon.cpp:55]   --->   Operation 421 'readreq' 'gmem_load_22_req' <Predicate = true> <Delay = 7.30> <CoreInst = "m_axi">   --->   Core 113 'm_axi' <Latency = 0> <II = 1> <Delay = 1.00> <Adapter> <Opcode : 'read' 'write' 'readreq' 'writereq' 'writeresp'>
ST_29 : Operation 422 [1/1] (0.00ns)   --->   "%sext_ln55_23 = sext i60 %add_ln55_39" [poseidon.cpp:55]   --->   Operation 422 'sext' 'sext_ln55_23' <Predicate = true> <Delay = 0.00>
ST_29 : Operation 423 [1/1] (0.00ns)   --->   "%gmem_addr_23 = getelementptr i256 %gmem, i64 %sext_ln55_23" [poseidon.cpp:55]   --->   Operation 423 'getelementptr' 'gmem_addr_23' <Predicate = true> <Delay = 0.00>
ST_29 : Operation 424 [8/8] (7.30ns)   --->   "%gmem_load_23_req = readreq i1 @_ssdm_op_ReadReq.m_axi.i256P1A, i256 %gmem_addr_23, i32 1" [poseidon.cpp:55]   --->   Operation 424 'readreq' 'gmem_load_23_req' <Predicate = true> <Delay = 7.30> <CoreInst = "m_axi">   --->   Core 113 'm_axi' <Latency = 0> <II = 1> <Delay = 1.00> <Adapter> <Opcode : 'read' 'write' 'readreq' 'writereq' 'writeresp'>

State 30 <SV = 29> <Delay = 7.30>
ST_30 : Operation 425 [1/1] (0.00ns)   --->   "%p_0_0_011_1572_load = load i256 %p_0_0_011_1572" [poseidon.cpp:6->poseidon.cpp:55]   --->   Operation 425 'load' 'p_0_0_011_1572_load' <Predicate = true> <Delay = 0.00>
ST_30 : Operation 426 [1/1] (7.30ns)   --->   "%gmem_addr_16_read = read i256 @_ssdm_op_Read.m_axi.i256P1A, i256 %gmem_addr_16" [poseidon.cpp:55]   --->   Operation 426 'read' 'gmem_addr_16_read' <Predicate = true> <Delay = 7.30> <CoreInst = "m_axi">   --->   Core 113 'm_axi' <Latency = 0> <II = 1> <Delay = 1.00> <Adapter> <Opcode : 'read' 'write' 'readreq' 'writereq' 'writeresp'>
ST_30 : Operation 427 [1/8] (7.30ns)   --->   "%gmem_load_17_req = readreq i1 @_ssdm_op_ReadReq.m_axi.i256P1A, i256 %gmem_addr_17, i32 1" [poseidon.cpp:55]   --->   Operation 427 'readreq' 'gmem_load_17_req' <Predicate = true> <Delay = 7.30> <CoreInst = "m_axi">   --->   Core 113 'm_axi' <Latency = 0> <II = 1> <Delay = 1.00> <Adapter> <Opcode : 'read' 'write' 'readreq' 'writereq' 'writeresp'>
ST_30 : Operation 428 [2/8] (7.30ns)   --->   "%gmem_load_18_req = readreq i1 @_ssdm_op_ReadReq.m_axi.i256P1A, i256 %gmem_addr_18, i32 1" [poseidon.cpp:55]   --->   Operation 428 'readreq' 'gmem_load_18_req' <Predicate = true> <Delay = 7.30> <CoreInst = "m_axi">   --->   Core 113 'm_axi' <Latency = 0> <II = 1> <Delay = 1.00> <Adapter> <Opcode : 'read' 'write' 'readreq' 'writereq' 'writeresp'>
ST_30 : Operation 429 [3/8] (7.30ns)   --->   "%gmem_load_19_req = readreq i1 @_ssdm_op_ReadReq.m_axi.i256P1A, i256 %gmem_addr_19, i32 1" [poseidon.cpp:55]   --->   Operation 429 'readreq' 'gmem_load_19_req' <Predicate = true> <Delay = 7.30> <CoreInst = "m_axi">   --->   Core 113 'm_axi' <Latency = 0> <II = 1> <Delay = 1.00> <Adapter> <Opcode : 'read' 'write' 'readreq' 'writereq' 'writeresp'>
ST_30 : Operation 430 [4/8] (7.30ns)   --->   "%gmem_load_20_req = readreq i1 @_ssdm_op_ReadReq.m_axi.i256P1A, i256 %gmem_addr_20, i32 1" [poseidon.cpp:55]   --->   Operation 430 'readreq' 'gmem_load_20_req' <Predicate = true> <Delay = 7.30> <CoreInst = "m_axi">   --->   Core 113 'm_axi' <Latency = 0> <II = 1> <Delay = 1.00> <Adapter> <Opcode : 'read' 'write' 'readreq' 'writereq' 'writeresp'>
ST_30 : Operation 431 [5/8] (7.30ns)   --->   "%gmem_load_21_req = readreq i1 @_ssdm_op_ReadReq.m_axi.i256P1A, i256 %gmem_addr_21, i32 1" [poseidon.cpp:55]   --->   Operation 431 'readreq' 'gmem_load_21_req' <Predicate = true> <Delay = 7.30> <CoreInst = "m_axi">   --->   Core 113 'm_axi' <Latency = 0> <II = 1> <Delay = 1.00> <Adapter> <Opcode : 'read' 'write' 'readreq' 'writereq' 'writeresp'>
ST_30 : Operation 432 [6/8] (7.30ns)   --->   "%gmem_load_22_req = readreq i1 @_ssdm_op_ReadReq.m_axi.i256P1A, i256 %gmem_addr_22, i32 1" [poseidon.cpp:55]   --->   Operation 432 'readreq' 'gmem_load_22_req' <Predicate = true> <Delay = 7.30> <CoreInst = "m_axi">   --->   Core 113 'm_axi' <Latency = 0> <II = 1> <Delay = 1.00> <Adapter> <Opcode : 'read' 'write' 'readreq' 'writereq' 'writeresp'>
ST_30 : Operation 433 [7/8] (7.30ns)   --->   "%gmem_load_23_req = readreq i1 @_ssdm_op_ReadReq.m_axi.i256P1A, i256 %gmem_addr_23, i32 1" [poseidon.cpp:55]   --->   Operation 433 'readreq' 'gmem_load_23_req' <Predicate = true> <Delay = 7.30> <CoreInst = "m_axi">   --->   Core 113 'm_axi' <Latency = 0> <II = 1> <Delay = 1.00> <Adapter> <Opcode : 'read' 'write' 'readreq' 'writereq' 'writeresp'>
ST_30 : Operation 434 [2/2] (3.44ns)   --->   "%add_ln6_37 = add i256 %gmem_addr_15_read, i256 %p_0_0_011_1572_load" [poseidon.cpp:6->poseidon.cpp:55]   --->   Operation 434 'add' 'add_ln6_37' <Predicate = true> <Delay = 3.44> <CoreInst = "Adder">   --->   Core 1 'Adder' <Latency = 1> <II = 1> <Delay = 3.44> <FuncUnit> <Opcode : 'add' 'sub'> <InPorts = 2> <OutPorts = 1>

State 31 <SV = 30> <Delay = 7.30>
ST_31 : Operation 435 [1/1] (0.00ns)   --->   "%p_0_0_011_1674_load = load i256 %p_0_0_011_1674" [poseidon.cpp:6->poseidon.cpp:55]   --->   Operation 435 'load' 'p_0_0_011_1674_load' <Predicate = true> <Delay = 0.00>
ST_31 : Operation 436 [1/1] (7.30ns)   --->   "%gmem_addr_17_read = read i256 @_ssdm_op_Read.m_axi.i256P1A, i256 %gmem_addr_17" [poseidon.cpp:55]   --->   Operation 436 'read' 'gmem_addr_17_read' <Predicate = true> <Delay = 7.30> <CoreInst = "m_axi">   --->   Core 113 'm_axi' <Latency = 0> <II = 1> <Delay = 1.00> <Adapter> <Opcode : 'read' 'write' 'readreq' 'writereq' 'writeresp'>
ST_31 : Operation 437 [1/8] (7.30ns)   --->   "%gmem_load_18_req = readreq i1 @_ssdm_op_ReadReq.m_axi.i256P1A, i256 %gmem_addr_18, i32 1" [poseidon.cpp:55]   --->   Operation 437 'readreq' 'gmem_load_18_req' <Predicate = true> <Delay = 7.30> <CoreInst = "m_axi">   --->   Core 113 'm_axi' <Latency = 0> <II = 1> <Delay = 1.00> <Adapter> <Opcode : 'read' 'write' 'readreq' 'writereq' 'writeresp'>
ST_31 : Operation 438 [2/8] (7.30ns)   --->   "%gmem_load_19_req = readreq i1 @_ssdm_op_ReadReq.m_axi.i256P1A, i256 %gmem_addr_19, i32 1" [poseidon.cpp:55]   --->   Operation 438 'readreq' 'gmem_load_19_req' <Predicate = true> <Delay = 7.30> <CoreInst = "m_axi">   --->   Core 113 'm_axi' <Latency = 0> <II = 1> <Delay = 1.00> <Adapter> <Opcode : 'read' 'write' 'readreq' 'writereq' 'writeresp'>
ST_31 : Operation 439 [3/8] (7.30ns)   --->   "%gmem_load_20_req = readreq i1 @_ssdm_op_ReadReq.m_axi.i256P1A, i256 %gmem_addr_20, i32 1" [poseidon.cpp:55]   --->   Operation 439 'readreq' 'gmem_load_20_req' <Predicate = true> <Delay = 7.30> <CoreInst = "m_axi">   --->   Core 113 'm_axi' <Latency = 0> <II = 1> <Delay = 1.00> <Adapter> <Opcode : 'read' 'write' 'readreq' 'writereq' 'writeresp'>
ST_31 : Operation 440 [4/8] (7.30ns)   --->   "%gmem_load_21_req = readreq i1 @_ssdm_op_ReadReq.m_axi.i256P1A, i256 %gmem_addr_21, i32 1" [poseidon.cpp:55]   --->   Operation 440 'readreq' 'gmem_load_21_req' <Predicate = true> <Delay = 7.30> <CoreInst = "m_axi">   --->   Core 113 'm_axi' <Latency = 0> <II = 1> <Delay = 1.00> <Adapter> <Opcode : 'read' 'write' 'readreq' 'writereq' 'writeresp'>
ST_31 : Operation 441 [5/8] (7.30ns)   --->   "%gmem_load_22_req = readreq i1 @_ssdm_op_ReadReq.m_axi.i256P1A, i256 %gmem_addr_22, i32 1" [poseidon.cpp:55]   --->   Operation 441 'readreq' 'gmem_load_22_req' <Predicate = true> <Delay = 7.30> <CoreInst = "m_axi">   --->   Core 113 'm_axi' <Latency = 0> <II = 1> <Delay = 1.00> <Adapter> <Opcode : 'read' 'write' 'readreq' 'writereq' 'writeresp'>
ST_31 : Operation 442 [6/8] (7.30ns)   --->   "%gmem_load_23_req = readreq i1 @_ssdm_op_ReadReq.m_axi.i256P1A, i256 %gmem_addr_23, i32 1" [poseidon.cpp:55]   --->   Operation 442 'readreq' 'gmem_load_23_req' <Predicate = true> <Delay = 7.30> <CoreInst = "m_axi">   --->   Core 113 'm_axi' <Latency = 0> <II = 1> <Delay = 1.00> <Adapter> <Opcode : 'read' 'write' 'readreq' 'writereq' 'writeresp'>
ST_31 : Operation 443 [1/2] (3.44ns)   --->   "%add_ln6_37 = add i256 %gmem_addr_15_read, i256 %p_0_0_011_1572_load" [poseidon.cpp:6->poseidon.cpp:55]   --->   Operation 443 'add' 'add_ln6_37' <Predicate = true> <Delay = 3.44> <CoreInst = "Adder">   --->   Core 1 'Adder' <Latency = 1> <II = 1> <Delay = 3.44> <FuncUnit> <Opcode : 'add' 'sub'> <InPorts = 2> <OutPorts = 1>
ST_31 : Operation 444 [2/2] (3.44ns)   --->   "%icmp_ln7_38 = icmp_ugt  i256 %add_ln6_37, i256 52435875175126190479447740508185965837690552500527637822603658699938581184512" [poseidon.cpp:7->poseidon.cpp:55]   --->   Operation 444 'icmp' 'icmp_ln7_38' <Predicate = true> <Delay = 3.44> <CoreInst = "Cmp">   --->   Core 9 'Cmp' <Latency = 1> <II = 1> <Delay = 3.44> <FuncUnit> <Opcode : 'icmp'> <InPorts = 2> <OutPorts = 1>
ST_31 : Operation 445 [2/2] (3.44ns)   --->   "%add_ln7_38 = add i256 %add_ln6_37, i256 63356214062190004944123244500501942015579432165112926216853925307974548455423" [poseidon.cpp:7->poseidon.cpp:55]   --->   Operation 445 'add' 'add_ln7_38' <Predicate = true> <Delay = 3.44> <CoreInst = "Adder">   --->   Core 1 'Adder' <Latency = 1> <II = 1> <Delay = 3.44> <FuncUnit> <Opcode : 'add' 'sub'> <InPorts = 2> <OutPorts = 1>
ST_31 : Operation 446 [2/2] (3.44ns)   --->   "%add_ln6_38 = add i256 %gmem_addr_16_read, i256 %p_0_0_011_1674_load" [poseidon.cpp:6->poseidon.cpp:55]   --->   Operation 446 'add' 'add_ln6_38' <Predicate = true> <Delay = 3.44> <CoreInst = "Adder">   --->   Core 1 'Adder' <Latency = 1> <II = 1> <Delay = 3.44> <FuncUnit> <Opcode : 'add' 'sub'> <InPorts = 2> <OutPorts = 1>

State 32 <SV = 31> <Delay = 7.30>
ST_32 : Operation 447 [1/1] (7.30ns)   --->   "%gmem_addr_18_read = read i256 @_ssdm_op_Read.m_axi.i256P1A, i256 %gmem_addr_18" [poseidon.cpp:55]   --->   Operation 447 'read' 'gmem_addr_18_read' <Predicate = true> <Delay = 7.30> <CoreInst = "m_axi">   --->   Core 113 'm_axi' <Latency = 0> <II = 1> <Delay = 1.00> <Adapter> <Opcode : 'read' 'write' 'readreq' 'writereq' 'writeresp'>
ST_32 : Operation 448 [1/8] (7.30ns)   --->   "%gmem_load_19_req = readreq i1 @_ssdm_op_ReadReq.m_axi.i256P1A, i256 %gmem_addr_19, i32 1" [poseidon.cpp:55]   --->   Operation 448 'readreq' 'gmem_load_19_req' <Predicate = true> <Delay = 7.30> <CoreInst = "m_axi">   --->   Core 113 'm_axi' <Latency = 0> <II = 1> <Delay = 1.00> <Adapter> <Opcode : 'read' 'write' 'readreq' 'writereq' 'writeresp'>
ST_32 : Operation 449 [2/8] (7.30ns)   --->   "%gmem_load_20_req = readreq i1 @_ssdm_op_ReadReq.m_axi.i256P1A, i256 %gmem_addr_20, i32 1" [poseidon.cpp:55]   --->   Operation 449 'readreq' 'gmem_load_20_req' <Predicate = true> <Delay = 7.30> <CoreInst = "m_axi">   --->   Core 113 'm_axi' <Latency = 0> <II = 1> <Delay = 1.00> <Adapter> <Opcode : 'read' 'write' 'readreq' 'writereq' 'writeresp'>
ST_32 : Operation 450 [3/8] (7.30ns)   --->   "%gmem_load_21_req = readreq i1 @_ssdm_op_ReadReq.m_axi.i256P1A, i256 %gmem_addr_21, i32 1" [poseidon.cpp:55]   --->   Operation 450 'readreq' 'gmem_load_21_req' <Predicate = true> <Delay = 7.30> <CoreInst = "m_axi">   --->   Core 113 'm_axi' <Latency = 0> <II = 1> <Delay = 1.00> <Adapter> <Opcode : 'read' 'write' 'readreq' 'writereq' 'writeresp'>
ST_32 : Operation 451 [4/8] (7.30ns)   --->   "%gmem_load_22_req = readreq i1 @_ssdm_op_ReadReq.m_axi.i256P1A, i256 %gmem_addr_22, i32 1" [poseidon.cpp:55]   --->   Operation 451 'readreq' 'gmem_load_22_req' <Predicate = true> <Delay = 7.30> <CoreInst = "m_axi">   --->   Core 113 'm_axi' <Latency = 0> <II = 1> <Delay = 1.00> <Adapter> <Opcode : 'read' 'write' 'readreq' 'writereq' 'writeresp'>
ST_32 : Operation 452 [5/8] (7.30ns)   --->   "%gmem_load_23_req = readreq i1 @_ssdm_op_ReadReq.m_axi.i256P1A, i256 %gmem_addr_23, i32 1" [poseidon.cpp:55]   --->   Operation 452 'readreq' 'gmem_load_23_req' <Predicate = true> <Delay = 7.30> <CoreInst = "m_axi">   --->   Core 113 'm_axi' <Latency = 0> <II = 1> <Delay = 1.00> <Adapter> <Opcode : 'read' 'write' 'readreq' 'writereq' 'writeresp'>
ST_32 : Operation 453 [1/2] (3.44ns)   --->   "%icmp_ln7_38 = icmp_ugt  i256 %add_ln6_37, i256 52435875175126190479447740508185965837690552500527637822603658699938581184512" [poseidon.cpp:7->poseidon.cpp:55]   --->   Operation 453 'icmp' 'icmp_ln7_38' <Predicate = true> <Delay = 3.44> <CoreInst = "Cmp">   --->   Core 9 'Cmp' <Latency = 1> <II = 1> <Delay = 3.44> <FuncUnit> <Opcode : 'icmp'> <InPorts = 2> <OutPorts = 1>
ST_32 : Operation 454 [1/2] (3.44ns)   --->   "%add_ln7_38 = add i256 %add_ln6_37, i256 63356214062190004944123244500501942015579432165112926216853925307974548455423" [poseidon.cpp:7->poseidon.cpp:55]   --->   Operation 454 'add' 'add_ln7_38' <Predicate = true> <Delay = 3.44> <CoreInst = "Adder">   --->   Core 1 'Adder' <Latency = 1> <II = 1> <Delay = 3.44> <FuncUnit> <Opcode : 'add' 'sub'> <InPorts = 2> <OutPorts = 1>
ST_32 : Operation 455 [1/1] (1.55ns)   --->   "%select_ln7_15 = select i1 %icmp_ln7_38, i256 %add_ln7_38, i256 %add_ln6_37" [poseidon.cpp:7->poseidon.cpp:55]   --->   Operation 455 'select' 'select_ln7_15' <Predicate = true> <Delay = 1.55> <CoreInst = "Sel">   --->   Core 73 'Sel' <Latency = 0> <II = 1> <Delay = 1.55> <FuncUnit> <Opcode : 'select'> <InPorts = 3> <OutPorts = 1>
ST_32 : Operation 456 [1/2] (3.44ns)   --->   "%add_ln6_38 = add i256 %gmem_addr_16_read, i256 %p_0_0_011_1674_load" [poseidon.cpp:6->poseidon.cpp:55]   --->   Operation 456 'add' 'add_ln6_38' <Predicate = true> <Delay = 3.44> <CoreInst = "Adder">   --->   Core 1 'Adder' <Latency = 1> <II = 1> <Delay = 3.44> <FuncUnit> <Opcode : 'add' 'sub'> <InPorts = 2> <OutPorts = 1>
ST_32 : Operation 457 [2/2] (3.44ns)   --->   "%icmp_ln7_39 = icmp_ugt  i256 %add_ln6_38, i256 52435875175126190479447740508185965837690552500527637822603658699938581184512" [poseidon.cpp:7->poseidon.cpp:55]   --->   Operation 457 'icmp' 'icmp_ln7_39' <Predicate = true> <Delay = 3.44> <CoreInst = "Cmp">   --->   Core 9 'Cmp' <Latency = 1> <II = 1> <Delay = 3.44> <FuncUnit> <Opcode : 'icmp'> <InPorts = 2> <OutPorts = 1>
ST_32 : Operation 458 [2/2] (3.44ns)   --->   "%add_ln7_39 = add i256 %add_ln6_38, i256 63356214062190004944123244500501942015579432165112926216853925307974548455423" [poseidon.cpp:7->poseidon.cpp:55]   --->   Operation 458 'add' 'add_ln7_39' <Predicate = true> <Delay = 3.44> <CoreInst = "Adder">   --->   Core 1 'Adder' <Latency = 1> <II = 1> <Delay = 3.44> <FuncUnit> <Opcode : 'add' 'sub'> <InPorts = 2> <OutPorts = 1>

State 33 <SV = 32> <Delay = 7.30>
ST_33 : Operation 459 [1/1] (7.30ns)   --->   "%gmem_addr_19_read = read i256 @_ssdm_op_Read.m_axi.i256P1A, i256 %gmem_addr_19" [poseidon.cpp:55]   --->   Operation 459 'read' 'gmem_addr_19_read' <Predicate = true> <Delay = 7.30> <CoreInst = "m_axi">   --->   Core 113 'm_axi' <Latency = 0> <II = 1> <Delay = 1.00> <Adapter> <Opcode : 'read' 'write' 'readreq' 'writereq' 'writeresp'>
ST_33 : Operation 460 [1/8] (7.30ns)   --->   "%gmem_load_20_req = readreq i1 @_ssdm_op_ReadReq.m_axi.i256P1A, i256 %gmem_addr_20, i32 1" [poseidon.cpp:55]   --->   Operation 460 'readreq' 'gmem_load_20_req' <Predicate = true> <Delay = 7.30> <CoreInst = "m_axi">   --->   Core 113 'm_axi' <Latency = 0> <II = 1> <Delay = 1.00> <Adapter> <Opcode : 'read' 'write' 'readreq' 'writereq' 'writeresp'>
ST_33 : Operation 461 [2/8] (7.30ns)   --->   "%gmem_load_21_req = readreq i1 @_ssdm_op_ReadReq.m_axi.i256P1A, i256 %gmem_addr_21, i32 1" [poseidon.cpp:55]   --->   Operation 461 'readreq' 'gmem_load_21_req' <Predicate = true> <Delay = 7.30> <CoreInst = "m_axi">   --->   Core 113 'm_axi' <Latency = 0> <II = 1> <Delay = 1.00> <Adapter> <Opcode : 'read' 'write' 'readreq' 'writereq' 'writeresp'>
ST_33 : Operation 462 [3/8] (7.30ns)   --->   "%gmem_load_22_req = readreq i1 @_ssdm_op_ReadReq.m_axi.i256P1A, i256 %gmem_addr_22, i32 1" [poseidon.cpp:55]   --->   Operation 462 'readreq' 'gmem_load_22_req' <Predicate = true> <Delay = 7.30> <CoreInst = "m_axi">   --->   Core 113 'm_axi' <Latency = 0> <II = 1> <Delay = 1.00> <Adapter> <Opcode : 'read' 'write' 'readreq' 'writereq' 'writeresp'>
ST_33 : Operation 463 [4/8] (7.30ns)   --->   "%gmem_load_23_req = readreq i1 @_ssdm_op_ReadReq.m_axi.i256P1A, i256 %gmem_addr_23, i32 1" [poseidon.cpp:55]   --->   Operation 463 'readreq' 'gmem_load_23_req' <Predicate = true> <Delay = 7.30> <CoreInst = "m_axi">   --->   Core 113 'm_axi' <Latency = 0> <II = 1> <Delay = 1.00> <Adapter> <Opcode : 'read' 'write' 'readreq' 'writereq' 'writeresp'>
ST_33 : Operation 464 [1/2] (3.44ns)   --->   "%icmp_ln7_39 = icmp_ugt  i256 %add_ln6_38, i256 52435875175126190479447740508185965837690552500527637822603658699938581184512" [poseidon.cpp:7->poseidon.cpp:55]   --->   Operation 464 'icmp' 'icmp_ln7_39' <Predicate = true> <Delay = 3.44> <CoreInst = "Cmp">   --->   Core 9 'Cmp' <Latency = 1> <II = 1> <Delay = 3.44> <FuncUnit> <Opcode : 'icmp'> <InPorts = 2> <OutPorts = 1>
ST_33 : Operation 465 [1/2] (3.44ns)   --->   "%add_ln7_39 = add i256 %add_ln6_38, i256 63356214062190004944123244500501942015579432165112926216853925307974548455423" [poseidon.cpp:7->poseidon.cpp:55]   --->   Operation 465 'add' 'add_ln7_39' <Predicate = true> <Delay = 3.44> <CoreInst = "Adder">   --->   Core 1 'Adder' <Latency = 1> <II = 1> <Delay = 3.44> <FuncUnit> <Opcode : 'add' 'sub'> <InPorts = 2> <OutPorts = 1>
ST_33 : Operation 466 [1/1] (1.55ns)   --->   "%select_ln7_16 = select i1 %icmp_ln7_39, i256 %add_ln7_39, i256 %add_ln6_38" [poseidon.cpp:7->poseidon.cpp:55]   --->   Operation 466 'select' 'select_ln7_16' <Predicate = true> <Delay = 1.55> <CoreInst = "Sel">   --->   Core 73 'Sel' <Latency = 0> <II = 1> <Delay = 1.55> <FuncUnit> <Opcode : 'select'> <InPorts = 3> <OutPorts = 1>

State 34 <SV = 33> <Delay = 7.30>
ST_34 : Operation 467 [1/1] (0.00ns)   --->   "%p_0_0_011_1980_load = load i256 %p_0_0_011_1980" [poseidon.cpp:6->poseidon.cpp:55]   --->   Operation 467 'load' 'p_0_0_011_1980_load' <Predicate = true> <Delay = 0.00>
ST_34 : Operation 468 [1/1] (7.30ns)   --->   "%gmem_addr_20_read = read i256 @_ssdm_op_Read.m_axi.i256P1A, i256 %gmem_addr_20" [poseidon.cpp:55]   --->   Operation 468 'read' 'gmem_addr_20_read' <Predicate = true> <Delay = 7.30> <CoreInst = "m_axi">   --->   Core 113 'm_axi' <Latency = 0> <II = 1> <Delay = 1.00> <Adapter> <Opcode : 'read' 'write' 'readreq' 'writereq' 'writeresp'>
ST_34 : Operation 469 [1/8] (7.30ns)   --->   "%gmem_load_21_req = readreq i1 @_ssdm_op_ReadReq.m_axi.i256P1A, i256 %gmem_addr_21, i32 1" [poseidon.cpp:55]   --->   Operation 469 'readreq' 'gmem_load_21_req' <Predicate = true> <Delay = 7.30> <CoreInst = "m_axi">   --->   Core 113 'm_axi' <Latency = 0> <II = 1> <Delay = 1.00> <Adapter> <Opcode : 'read' 'write' 'readreq' 'writereq' 'writeresp'>
ST_34 : Operation 470 [2/8] (7.30ns)   --->   "%gmem_load_22_req = readreq i1 @_ssdm_op_ReadReq.m_axi.i256P1A, i256 %gmem_addr_22, i32 1" [poseidon.cpp:55]   --->   Operation 470 'readreq' 'gmem_load_22_req' <Predicate = true> <Delay = 7.30> <CoreInst = "m_axi">   --->   Core 113 'm_axi' <Latency = 0> <II = 1> <Delay = 1.00> <Adapter> <Opcode : 'read' 'write' 'readreq' 'writereq' 'writeresp'>
ST_34 : Operation 471 [3/8] (7.30ns)   --->   "%gmem_load_23_req = readreq i1 @_ssdm_op_ReadReq.m_axi.i256P1A, i256 %gmem_addr_23, i32 1" [poseidon.cpp:55]   --->   Operation 471 'readreq' 'gmem_load_23_req' <Predicate = true> <Delay = 7.30> <CoreInst = "m_axi">   --->   Core 113 'm_axi' <Latency = 0> <II = 1> <Delay = 1.00> <Adapter> <Opcode : 'read' 'write' 'readreq' 'writereq' 'writeresp'>
ST_34 : Operation 472 [2/2] (3.44ns)   --->   "%add_ln6_41 = add i256 %gmem_addr_19_read, i256 %p_0_0_011_1980_load" [poseidon.cpp:6->poseidon.cpp:55]   --->   Operation 472 'add' 'add_ln6_41' <Predicate = true> <Delay = 3.44> <CoreInst = "Adder">   --->   Core 1 'Adder' <Latency = 1> <II = 1> <Delay = 3.44> <FuncUnit> <Opcode : 'add' 'sub'> <InPorts = 2> <OutPorts = 1>

State 35 <SV = 34> <Delay = 7.30>
ST_35 : Operation 473 [1/1] (0.00ns)   --->   "%p_0_0_011_2082_load = load i256 %p_0_0_011_2082" [poseidon.cpp:6->poseidon.cpp:55]   --->   Operation 473 'load' 'p_0_0_011_2082_load' <Predicate = true> <Delay = 0.00>
ST_35 : Operation 474 [1/1] (7.30ns)   --->   "%gmem_addr_21_read = read i256 @_ssdm_op_Read.m_axi.i256P1A, i256 %gmem_addr_21" [poseidon.cpp:55]   --->   Operation 474 'read' 'gmem_addr_21_read' <Predicate = true> <Delay = 7.30> <CoreInst = "m_axi">   --->   Core 113 'm_axi' <Latency = 0> <II = 1> <Delay = 1.00> <Adapter> <Opcode : 'read' 'write' 'readreq' 'writereq' 'writeresp'>
ST_35 : Operation 475 [1/8] (7.30ns)   --->   "%gmem_load_22_req = readreq i1 @_ssdm_op_ReadReq.m_axi.i256P1A, i256 %gmem_addr_22, i32 1" [poseidon.cpp:55]   --->   Operation 475 'readreq' 'gmem_load_22_req' <Predicate = true> <Delay = 7.30> <CoreInst = "m_axi">   --->   Core 113 'm_axi' <Latency = 0> <II = 1> <Delay = 1.00> <Adapter> <Opcode : 'read' 'write' 'readreq' 'writereq' 'writeresp'>
ST_35 : Operation 476 [2/8] (7.30ns)   --->   "%gmem_load_23_req = readreq i1 @_ssdm_op_ReadReq.m_axi.i256P1A, i256 %gmem_addr_23, i32 1" [poseidon.cpp:55]   --->   Operation 476 'readreq' 'gmem_load_23_req' <Predicate = true> <Delay = 7.30> <CoreInst = "m_axi">   --->   Core 113 'm_axi' <Latency = 0> <II = 1> <Delay = 1.00> <Adapter> <Opcode : 'read' 'write' 'readreq' 'writereq' 'writeresp'>
ST_35 : Operation 477 [1/2] (3.44ns)   --->   "%add_ln6_41 = add i256 %gmem_addr_19_read, i256 %p_0_0_011_1980_load" [poseidon.cpp:6->poseidon.cpp:55]   --->   Operation 477 'add' 'add_ln6_41' <Predicate = true> <Delay = 3.44> <CoreInst = "Adder">   --->   Core 1 'Adder' <Latency = 1> <II = 1> <Delay = 3.44> <FuncUnit> <Opcode : 'add' 'sub'> <InPorts = 2> <OutPorts = 1>
ST_35 : Operation 478 [2/2] (3.44ns)   --->   "%icmp_ln7_42 = icmp_ugt  i256 %add_ln6_41, i256 52435875175126190479447740508185965837690552500527637822603658699938581184512" [poseidon.cpp:7->poseidon.cpp:55]   --->   Operation 478 'icmp' 'icmp_ln7_42' <Predicate = true> <Delay = 3.44> <CoreInst = "Cmp">   --->   Core 9 'Cmp' <Latency = 1> <II = 1> <Delay = 3.44> <FuncUnit> <Opcode : 'icmp'> <InPorts = 2> <OutPorts = 1>
ST_35 : Operation 479 [2/2] (3.44ns)   --->   "%add_ln7_42 = add i256 %add_ln6_41, i256 63356214062190004944123244500501942015579432165112926216853925307974548455423" [poseidon.cpp:7->poseidon.cpp:55]   --->   Operation 479 'add' 'add_ln7_42' <Predicate = true> <Delay = 3.44> <CoreInst = "Adder">   --->   Core 1 'Adder' <Latency = 1> <II = 1> <Delay = 3.44> <FuncUnit> <Opcode : 'add' 'sub'> <InPorts = 2> <OutPorts = 1>
ST_35 : Operation 480 [2/2] (3.44ns)   --->   "%add_ln6_42 = add i256 %gmem_addr_20_read, i256 %p_0_0_011_2082_load" [poseidon.cpp:6->poseidon.cpp:55]   --->   Operation 480 'add' 'add_ln6_42' <Predicate = true> <Delay = 3.44> <CoreInst = "Adder">   --->   Core 1 'Adder' <Latency = 1> <II = 1> <Delay = 3.44> <FuncUnit> <Opcode : 'add' 'sub'> <InPorts = 2> <OutPorts = 1>

State 36 <SV = 35> <Delay = 7.30>
ST_36 : Operation 481 [1/1] (0.00ns)   --->   "%p_0_0_011_2184_load = load i256 %p_0_0_011_2184" [poseidon.cpp:6->poseidon.cpp:55]   --->   Operation 481 'load' 'p_0_0_011_2184_load' <Predicate = true> <Delay = 0.00>
ST_36 : Operation 482 [1/1] (7.30ns)   --->   "%gmem_addr_22_read = read i256 @_ssdm_op_Read.m_axi.i256P1A, i256 %gmem_addr_22" [poseidon.cpp:55]   --->   Operation 482 'read' 'gmem_addr_22_read' <Predicate = true> <Delay = 7.30> <CoreInst = "m_axi">   --->   Core 113 'm_axi' <Latency = 0> <II = 1> <Delay = 1.00> <Adapter> <Opcode : 'read' 'write' 'readreq' 'writereq' 'writeresp'>
ST_36 : Operation 483 [1/8] (7.30ns)   --->   "%gmem_load_23_req = readreq i1 @_ssdm_op_ReadReq.m_axi.i256P1A, i256 %gmem_addr_23, i32 1" [poseidon.cpp:55]   --->   Operation 483 'readreq' 'gmem_load_23_req' <Predicate = true> <Delay = 7.30> <CoreInst = "m_axi">   --->   Core 113 'm_axi' <Latency = 0> <II = 1> <Delay = 1.00> <Adapter> <Opcode : 'read' 'write' 'readreq' 'writereq' 'writeresp'>
ST_36 : Operation 484 [1/2] (3.44ns)   --->   "%icmp_ln7_42 = icmp_ugt  i256 %add_ln6_41, i256 52435875175126190479447740508185965837690552500527637822603658699938581184512" [poseidon.cpp:7->poseidon.cpp:55]   --->   Operation 484 'icmp' 'icmp_ln7_42' <Predicate = true> <Delay = 3.44> <CoreInst = "Cmp">   --->   Core 9 'Cmp' <Latency = 1> <II = 1> <Delay = 3.44> <FuncUnit> <Opcode : 'icmp'> <InPorts = 2> <OutPorts = 1>
ST_36 : Operation 485 [1/2] (3.44ns)   --->   "%add_ln7_42 = add i256 %add_ln6_41, i256 63356214062190004944123244500501942015579432165112926216853925307974548455423" [poseidon.cpp:7->poseidon.cpp:55]   --->   Operation 485 'add' 'add_ln7_42' <Predicate = true> <Delay = 3.44> <CoreInst = "Adder">   --->   Core 1 'Adder' <Latency = 1> <II = 1> <Delay = 3.44> <FuncUnit> <Opcode : 'add' 'sub'> <InPorts = 2> <OutPorts = 1>
ST_36 : Operation 486 [1/1] (1.55ns)   --->   "%select_ln7_19 = select i1 %icmp_ln7_42, i256 %add_ln7_42, i256 %add_ln6_41" [poseidon.cpp:7->poseidon.cpp:55]   --->   Operation 486 'select' 'select_ln7_19' <Predicate = true> <Delay = 1.55> <CoreInst = "Sel">   --->   Core 73 'Sel' <Latency = 0> <II = 1> <Delay = 1.55> <FuncUnit> <Opcode : 'select'> <InPorts = 3> <OutPorts = 1>
ST_36 : Operation 487 [1/2] (3.44ns)   --->   "%add_ln6_42 = add i256 %gmem_addr_20_read, i256 %p_0_0_011_2082_load" [poseidon.cpp:6->poseidon.cpp:55]   --->   Operation 487 'add' 'add_ln6_42' <Predicate = true> <Delay = 3.44> <CoreInst = "Adder">   --->   Core 1 'Adder' <Latency = 1> <II = 1> <Delay = 3.44> <FuncUnit> <Opcode : 'add' 'sub'> <InPorts = 2> <OutPorts = 1>
ST_36 : Operation 488 [2/2] (3.44ns)   --->   "%icmp_ln7_43 = icmp_ugt  i256 %add_ln6_42, i256 52435875175126190479447740508185965837690552500527637822603658699938581184512" [poseidon.cpp:7->poseidon.cpp:55]   --->   Operation 488 'icmp' 'icmp_ln7_43' <Predicate = true> <Delay = 3.44> <CoreInst = "Cmp">   --->   Core 9 'Cmp' <Latency = 1> <II = 1> <Delay = 3.44> <FuncUnit> <Opcode : 'icmp'> <InPorts = 2> <OutPorts = 1>
ST_36 : Operation 489 [2/2] (3.44ns)   --->   "%add_ln7_43 = add i256 %add_ln6_42, i256 63356214062190004944123244500501942015579432165112926216853925307974548455423" [poseidon.cpp:7->poseidon.cpp:55]   --->   Operation 489 'add' 'add_ln7_43' <Predicate = true> <Delay = 3.44> <CoreInst = "Adder">   --->   Core 1 'Adder' <Latency = 1> <II = 1> <Delay = 3.44> <FuncUnit> <Opcode : 'add' 'sub'> <InPorts = 2> <OutPorts = 1>
ST_36 : Operation 490 [2/2] (3.44ns)   --->   "%add_ln6_43 = add i256 %gmem_addr_21_read, i256 %p_0_0_011_2184_load" [poseidon.cpp:6->poseidon.cpp:55]   --->   Operation 490 'add' 'add_ln6_43' <Predicate = true> <Delay = 3.44> <CoreInst = "Adder">   --->   Core 1 'Adder' <Latency = 1> <II = 1> <Delay = 3.44> <FuncUnit> <Opcode : 'add' 'sub'> <InPorts = 2> <OutPorts = 1>

State 37 <SV = 36> <Delay = 7.30>
ST_37 : Operation 491 [1/1] (0.00ns)   --->   "%p_0_0_011_2286_load = load i256 %p_0_0_011_2286" [poseidon.cpp:6->poseidon.cpp:55]   --->   Operation 491 'load' 'p_0_0_011_2286_load' <Predicate = true> <Delay = 0.00>
ST_37 : Operation 492 [1/1] (7.30ns)   --->   "%gmem_addr_23_read = read i256 @_ssdm_op_Read.m_axi.i256P1A, i256 %gmem_addr_23" [poseidon.cpp:55]   --->   Operation 492 'read' 'gmem_addr_23_read' <Predicate = true> <Delay = 7.30> <CoreInst = "m_axi">   --->   Core 113 'm_axi' <Latency = 0> <II = 1> <Delay = 1.00> <Adapter> <Opcode : 'read' 'write' 'readreq' 'writereq' 'writeresp'>
ST_37 : Operation 493 [1/2] (3.44ns)   --->   "%icmp_ln7_43 = icmp_ugt  i256 %add_ln6_42, i256 52435875175126190479447740508185965837690552500527637822603658699938581184512" [poseidon.cpp:7->poseidon.cpp:55]   --->   Operation 493 'icmp' 'icmp_ln7_43' <Predicate = true> <Delay = 3.44> <CoreInst = "Cmp">   --->   Core 9 'Cmp' <Latency = 1> <II = 1> <Delay = 3.44> <FuncUnit> <Opcode : 'icmp'> <InPorts = 2> <OutPorts = 1>
ST_37 : Operation 494 [1/2] (3.44ns)   --->   "%add_ln7_43 = add i256 %add_ln6_42, i256 63356214062190004944123244500501942015579432165112926216853925307974548455423" [poseidon.cpp:7->poseidon.cpp:55]   --->   Operation 494 'add' 'add_ln7_43' <Predicate = true> <Delay = 3.44> <CoreInst = "Adder">   --->   Core 1 'Adder' <Latency = 1> <II = 1> <Delay = 3.44> <FuncUnit> <Opcode : 'add' 'sub'> <InPorts = 2> <OutPorts = 1>
ST_37 : Operation 495 [1/1] (1.55ns)   --->   "%select_ln7_20 = select i1 %icmp_ln7_43, i256 %add_ln7_43, i256 %add_ln6_42" [poseidon.cpp:7->poseidon.cpp:55]   --->   Operation 495 'select' 'select_ln7_20' <Predicate = true> <Delay = 1.55> <CoreInst = "Sel">   --->   Core 73 'Sel' <Latency = 0> <II = 1> <Delay = 1.55> <FuncUnit> <Opcode : 'select'> <InPorts = 3> <OutPorts = 1>
ST_37 : Operation 496 [1/2] (3.44ns)   --->   "%add_ln6_43 = add i256 %gmem_addr_21_read, i256 %p_0_0_011_2184_load" [poseidon.cpp:6->poseidon.cpp:55]   --->   Operation 496 'add' 'add_ln6_43' <Predicate = true> <Delay = 3.44> <CoreInst = "Adder">   --->   Core 1 'Adder' <Latency = 1> <II = 1> <Delay = 3.44> <FuncUnit> <Opcode : 'add' 'sub'> <InPorts = 2> <OutPorts = 1>
ST_37 : Operation 497 [2/2] (3.44ns)   --->   "%icmp_ln7_44 = icmp_ugt  i256 %add_ln6_43, i256 52435875175126190479447740508185965837690552500527637822603658699938581184512" [poseidon.cpp:7->poseidon.cpp:55]   --->   Operation 497 'icmp' 'icmp_ln7_44' <Predicate = true> <Delay = 3.44> <CoreInst = "Cmp">   --->   Core 9 'Cmp' <Latency = 1> <II = 1> <Delay = 3.44> <FuncUnit> <Opcode : 'icmp'> <InPorts = 2> <OutPorts = 1>
ST_37 : Operation 498 [2/2] (3.44ns)   --->   "%add_ln7_44 = add i256 %add_ln6_43, i256 63356214062190004944123244500501942015579432165112926216853925307974548455423" [poseidon.cpp:7->poseidon.cpp:55]   --->   Operation 498 'add' 'add_ln7_44' <Predicate = true> <Delay = 3.44> <CoreInst = "Adder">   --->   Core 1 'Adder' <Latency = 1> <II = 1> <Delay = 3.44> <FuncUnit> <Opcode : 'add' 'sub'> <InPorts = 2> <OutPorts = 1>
ST_37 : Operation 499 [2/2] (3.44ns)   --->   "%add_ln6_44 = add i256 %gmem_addr_22_read, i256 %p_0_0_011_2286_load" [poseidon.cpp:6->poseidon.cpp:55]   --->   Operation 499 'add' 'add_ln6_44' <Predicate = true> <Delay = 3.44> <CoreInst = "Adder">   --->   Core 1 'Adder' <Latency = 1> <II = 1> <Delay = 3.44> <FuncUnit> <Opcode : 'add' 'sub'> <InPorts = 2> <OutPorts = 1>

State 38 <SV = 37> <Delay = 6.88>
ST_38 : Operation 500 [1/1] (0.00ns)   --->   "%p_0_0_011_144_load = load i256 %p_0_0_011_144" [poseidon.cpp:6->poseidon.cpp:55]   --->   Operation 500 'load' 'p_0_0_011_144_load' <Predicate = true> <Delay = 0.00>
ST_38 : Operation 501 [1/1] (0.00ns)   --->   "%p_0_0_011_246_load = load i256 %p_0_0_011_246" [poseidon.cpp:6->poseidon.cpp:55]   --->   Operation 501 'load' 'p_0_0_011_246_load' <Predicate = true> <Delay = 0.00>
ST_38 : Operation 502 [1/1] (0.00ns)   --->   "%p_0_0_011_348_load = load i256 %p_0_0_011_348" [poseidon.cpp:6->poseidon.cpp:55]   --->   Operation 502 'load' 'p_0_0_011_348_load' <Predicate = true> <Delay = 0.00>
ST_38 : Operation 503 [1/1] (0.00ns)   --->   "%p_0_0_011_450_load = load i256 %p_0_0_011_450" [poseidon.cpp:6->poseidon.cpp:55]   --->   Operation 503 'load' 'p_0_0_011_450_load' <Predicate = true> <Delay = 0.00>
ST_38 : Operation 504 [1/1] (0.00ns)   --->   "%p_0_0_011_552_load = load i256 %p_0_0_011_552" [poseidon.cpp:6->poseidon.cpp:55]   --->   Operation 504 'load' 'p_0_0_011_552_load' <Predicate = true> <Delay = 0.00>
ST_38 : Operation 505 [1/1] (0.00ns)   --->   "%p_0_0_011_654_load = load i256 %p_0_0_011_654" [poseidon.cpp:6->poseidon.cpp:55]   --->   Operation 505 'load' 'p_0_0_011_654_load' <Predicate = true> <Delay = 0.00>
ST_38 : Operation 506 [1/1] (0.00ns)   --->   "%p_0_0_011_756_load = load i256 %p_0_0_011_756" [poseidon.cpp:6->poseidon.cpp:55]   --->   Operation 506 'load' 'p_0_0_011_756_load' <Predicate = true> <Delay = 0.00>
ST_38 : Operation 507 [1/1] (0.00ns)   --->   "%p_0_0_011_858_load = load i256 %p_0_0_011_858" [poseidon.cpp:6->poseidon.cpp:55]   --->   Operation 507 'load' 'p_0_0_011_858_load' <Predicate = true> <Delay = 0.00>
ST_38 : Operation 508 [1/1] (0.00ns)   --->   "%p_0_0_011_960_load = load i256 %p_0_0_011_960" [poseidon.cpp:6->poseidon.cpp:55]   --->   Operation 508 'load' 'p_0_0_011_960_load' <Predicate = true> <Delay = 0.00>
ST_38 : Operation 509 [1/1] (0.00ns)   --->   "%p_0_0_011_1062_load = load i256 %p_0_0_011_1062" [poseidon.cpp:6->poseidon.cpp:55]   --->   Operation 509 'load' 'p_0_0_011_1062_load' <Predicate = true> <Delay = 0.00>
ST_38 : Operation 510 [1/1] (0.00ns)   --->   "%p_0_0_011_1164_load = load i256 %p_0_0_011_1164" [poseidon.cpp:6->poseidon.cpp:55]   --->   Operation 510 'load' 'p_0_0_011_1164_load' <Predicate = true> <Delay = 0.00>
ST_38 : Operation 511 [1/1] (0.00ns)   --->   "%p_0_0_011_1266_load = load i256 %p_0_0_011_1266" [poseidon.cpp:6->poseidon.cpp:55]   --->   Operation 511 'load' 'p_0_0_011_1266_load' <Predicate = true> <Delay = 0.00>
ST_38 : Operation 512 [1/1] (0.00ns)   --->   "%p_0_0_011_1368_load = load i256 %p_0_0_011_1368" [poseidon.cpp:6->poseidon.cpp:55]   --->   Operation 512 'load' 'p_0_0_011_1368_load' <Predicate = true> <Delay = 0.00>
ST_38 : Operation 513 [1/1] (0.00ns)   --->   "%p_0_0_011_1470_load = load i256 %p_0_0_011_1470" [poseidon.cpp:6->poseidon.cpp:55]   --->   Operation 513 'load' 'p_0_0_011_1470_load' <Predicate = true> <Delay = 0.00>
ST_38 : Operation 514 [1/1] (0.00ns)   --->   "%p_0_0_011_1776_load = load i256 %p_0_0_011_1776" [poseidon.cpp:6->poseidon.cpp:55]   --->   Operation 514 'load' 'p_0_0_011_1776_load' <Predicate = true> <Delay = 0.00>
ST_38 : Operation 515 [1/1] (0.00ns)   --->   "%p_0_0_011_1878_load = load i256 %p_0_0_011_1878" [poseidon.cpp:6->poseidon.cpp:55]   --->   Operation 515 'load' 'p_0_0_011_1878_load' <Predicate = true> <Delay = 0.00>
ST_38 : Operation 516 [1/1] (0.00ns)   --->   "%p_0_0_011_2388_load = load i256 %p_0_0_011_2388" [poseidon.cpp:6->poseidon.cpp:55]   --->   Operation 516 'load' 'p_0_0_011_2388_load' <Predicate = true> <Delay = 0.00>
ST_38 : Operation 517 [2/2] (3.44ns)   --->   "%add_ln6_23 = add i256 %gmem_addr_1_read, i256 %p_0_0_011_144_load" [poseidon.cpp:6->poseidon.cpp:55]   --->   Operation 517 'add' 'add_ln6_23' <Predicate = true> <Delay = 3.44> <CoreInst = "Adder">   --->   Core 1 'Adder' <Latency = 1> <II = 1> <Delay = 3.44> <FuncUnit> <Opcode : 'add' 'sub'> <InPorts = 2> <OutPorts = 1>
ST_38 : Operation 518 [2/2] (3.44ns)   --->   "%add_ln6_24 = add i256 %gmem_addr_2_read, i256 %p_0_0_011_246_load" [poseidon.cpp:6->poseidon.cpp:55]   --->   Operation 518 'add' 'add_ln6_24' <Predicate = true> <Delay = 3.44> <CoreInst = "Adder">   --->   Core 1 'Adder' <Latency = 1> <II = 1> <Delay = 3.44> <FuncUnit> <Opcode : 'add' 'sub'> <InPorts = 2> <OutPorts = 1>
ST_38 : Operation 519 [2/2] (3.44ns)   --->   "%add_ln6_25 = add i256 %gmem_addr_3_read, i256 %p_0_0_011_348_load" [poseidon.cpp:6->poseidon.cpp:55]   --->   Operation 519 'add' 'add_ln6_25' <Predicate = true> <Delay = 3.44> <CoreInst = "Adder">   --->   Core 1 'Adder' <Latency = 1> <II = 1> <Delay = 3.44> <FuncUnit> <Opcode : 'add' 'sub'> <InPorts = 2> <OutPorts = 1>
ST_38 : Operation 520 [2/2] (3.44ns)   --->   "%add_ln6_26 = add i256 %gmem_addr_4_read, i256 %p_0_0_011_450_load" [poseidon.cpp:6->poseidon.cpp:55]   --->   Operation 520 'add' 'add_ln6_26' <Predicate = true> <Delay = 3.44> <CoreInst = "Adder">   --->   Core 1 'Adder' <Latency = 1> <II = 1> <Delay = 3.44> <FuncUnit> <Opcode : 'add' 'sub'> <InPorts = 2> <OutPorts = 1>
ST_38 : Operation 521 [2/2] (3.44ns)   --->   "%add_ln6_27 = add i256 %gmem_addr_5_read, i256 %p_0_0_011_552_load" [poseidon.cpp:6->poseidon.cpp:55]   --->   Operation 521 'add' 'add_ln6_27' <Predicate = true> <Delay = 3.44> <CoreInst = "Adder">   --->   Core 1 'Adder' <Latency = 1> <II = 1> <Delay = 3.44> <FuncUnit> <Opcode : 'add' 'sub'> <InPorts = 2> <OutPorts = 1>
ST_38 : Operation 522 [2/2] (3.44ns)   --->   "%add_ln6_28 = add i256 %gmem_addr_6_read, i256 %p_0_0_011_654_load" [poseidon.cpp:6->poseidon.cpp:55]   --->   Operation 522 'add' 'add_ln6_28' <Predicate = true> <Delay = 3.44> <CoreInst = "Adder">   --->   Core 1 'Adder' <Latency = 1> <II = 1> <Delay = 3.44> <FuncUnit> <Opcode : 'add' 'sub'> <InPorts = 2> <OutPorts = 1>
ST_38 : Operation 523 [2/2] (3.44ns)   --->   "%add_ln6_29 = add i256 %gmem_addr_7_read, i256 %p_0_0_011_756_load" [poseidon.cpp:6->poseidon.cpp:55]   --->   Operation 523 'add' 'add_ln6_29' <Predicate = true> <Delay = 3.44> <CoreInst = "Adder">   --->   Core 1 'Adder' <Latency = 1> <II = 1> <Delay = 3.44> <FuncUnit> <Opcode : 'add' 'sub'> <InPorts = 2> <OutPorts = 1>
ST_38 : Operation 524 [2/2] (3.44ns)   --->   "%add_ln6_30 = add i256 %gmem_addr_8_read, i256 %p_0_0_011_858_load" [poseidon.cpp:6->poseidon.cpp:55]   --->   Operation 524 'add' 'add_ln6_30' <Predicate = true> <Delay = 3.44> <CoreInst = "Adder">   --->   Core 1 'Adder' <Latency = 1> <II = 1> <Delay = 3.44> <FuncUnit> <Opcode : 'add' 'sub'> <InPorts = 2> <OutPorts = 1>
ST_38 : Operation 525 [2/2] (3.44ns)   --->   "%add_ln6_31 = add i256 %gmem_addr_9_read, i256 %p_0_0_011_960_load" [poseidon.cpp:6->poseidon.cpp:55]   --->   Operation 525 'add' 'add_ln6_31' <Predicate = true> <Delay = 3.44> <CoreInst = "Adder">   --->   Core 1 'Adder' <Latency = 1> <II = 1> <Delay = 3.44> <FuncUnit> <Opcode : 'add' 'sub'> <InPorts = 2> <OutPorts = 1>
ST_38 : Operation 526 [2/2] (3.44ns)   --->   "%add_ln6_32 = add i256 %gmem_addr_10_read, i256 %p_0_0_011_1062_load" [poseidon.cpp:6->poseidon.cpp:55]   --->   Operation 526 'add' 'add_ln6_32' <Predicate = true> <Delay = 3.44> <CoreInst = "Adder">   --->   Core 1 'Adder' <Latency = 1> <II = 1> <Delay = 3.44> <FuncUnit> <Opcode : 'add' 'sub'> <InPorts = 2> <OutPorts = 1>
ST_38 : Operation 527 [2/2] (3.44ns)   --->   "%add_ln6_33 = add i256 %gmem_addr_11_read, i256 %p_0_0_011_1164_load" [poseidon.cpp:6->poseidon.cpp:55]   --->   Operation 527 'add' 'add_ln6_33' <Predicate = true> <Delay = 3.44> <CoreInst = "Adder">   --->   Core 1 'Adder' <Latency = 1> <II = 1> <Delay = 3.44> <FuncUnit> <Opcode : 'add' 'sub'> <InPorts = 2> <OutPorts = 1>
ST_38 : Operation 528 [2/2] (3.44ns)   --->   "%add_ln6_34 = add i256 %gmem_addr_12_read, i256 %p_0_0_011_1266_load" [poseidon.cpp:6->poseidon.cpp:55]   --->   Operation 528 'add' 'add_ln6_34' <Predicate = true> <Delay = 3.44> <CoreInst = "Adder">   --->   Core 1 'Adder' <Latency = 1> <II = 1> <Delay = 3.44> <FuncUnit> <Opcode : 'add' 'sub'> <InPorts = 2> <OutPorts = 1>
ST_38 : Operation 529 [2/2] (3.44ns)   --->   "%add_ln6_35 = add i256 %gmem_addr_13_read, i256 %p_0_0_011_1368_load" [poseidon.cpp:6->poseidon.cpp:55]   --->   Operation 529 'add' 'add_ln6_35' <Predicate = true> <Delay = 3.44> <CoreInst = "Adder">   --->   Core 1 'Adder' <Latency = 1> <II = 1> <Delay = 3.44> <FuncUnit> <Opcode : 'add' 'sub'> <InPorts = 2> <OutPorts = 1>
ST_38 : Operation 530 [2/2] (3.44ns)   --->   "%add_ln6_36 = add i256 %gmem_addr_14_read, i256 %p_0_0_011_1470_load" [poseidon.cpp:6->poseidon.cpp:55]   --->   Operation 530 'add' 'add_ln6_36' <Predicate = true> <Delay = 3.44> <CoreInst = "Adder">   --->   Core 1 'Adder' <Latency = 1> <II = 1> <Delay = 3.44> <FuncUnit> <Opcode : 'add' 'sub'> <InPorts = 2> <OutPorts = 1>
ST_38 : Operation 531 [2/2] (3.44ns)   --->   "%add_ln6_39 = add i256 %gmem_addr_17_read, i256 %p_0_0_011_1776_load" [poseidon.cpp:6->poseidon.cpp:55]   --->   Operation 531 'add' 'add_ln6_39' <Predicate = true> <Delay = 3.44> <CoreInst = "Adder">   --->   Core 1 'Adder' <Latency = 1> <II = 1> <Delay = 3.44> <FuncUnit> <Opcode : 'add' 'sub'> <InPorts = 2> <OutPorts = 1>
ST_38 : Operation 532 [2/2] (3.44ns)   --->   "%add_ln6_40 = add i256 %gmem_addr_18_read, i256 %p_0_0_011_1878_load" [poseidon.cpp:6->poseidon.cpp:55]   --->   Operation 532 'add' 'add_ln6_40' <Predicate = true> <Delay = 3.44> <CoreInst = "Adder">   --->   Core 1 'Adder' <Latency = 1> <II = 1> <Delay = 3.44> <FuncUnit> <Opcode : 'add' 'sub'> <InPorts = 2> <OutPorts = 1>
ST_38 : Operation 533 [1/2] (3.44ns)   --->   "%icmp_ln7_44 = icmp_ugt  i256 %add_ln6_43, i256 52435875175126190479447740508185965837690552500527637822603658699938581184512" [poseidon.cpp:7->poseidon.cpp:55]   --->   Operation 533 'icmp' 'icmp_ln7_44' <Predicate = true> <Delay = 3.44> <CoreInst = "Cmp">   --->   Core 9 'Cmp' <Latency = 1> <II = 1> <Delay = 3.44> <FuncUnit> <Opcode : 'icmp'> <InPorts = 2> <OutPorts = 1>
ST_38 : Operation 534 [1/2] (3.44ns)   --->   "%add_ln7_44 = add i256 %add_ln6_43, i256 63356214062190004944123244500501942015579432165112926216853925307974548455423" [poseidon.cpp:7->poseidon.cpp:55]   --->   Operation 534 'add' 'add_ln7_44' <Predicate = true> <Delay = 3.44> <CoreInst = "Adder">   --->   Core 1 'Adder' <Latency = 1> <II = 1> <Delay = 3.44> <FuncUnit> <Opcode : 'add' 'sub'> <InPorts = 2> <OutPorts = 1>
ST_38 : Operation 535 [1/1] (1.55ns)   --->   "%select_ln7_21 = select i1 %icmp_ln7_44, i256 %add_ln7_44, i256 %add_ln6_43" [poseidon.cpp:7->poseidon.cpp:55]   --->   Operation 535 'select' 'select_ln7_21' <Predicate = true> <Delay = 1.55> <CoreInst = "Sel">   --->   Core 73 'Sel' <Latency = 0> <II = 1> <Delay = 1.55> <FuncUnit> <Opcode : 'select'> <InPorts = 3> <OutPorts = 1>
ST_38 : Operation 536 [1/2] (3.44ns)   --->   "%add_ln6_44 = add i256 %gmem_addr_22_read, i256 %p_0_0_011_2286_load" [poseidon.cpp:6->poseidon.cpp:55]   --->   Operation 536 'add' 'add_ln6_44' <Predicate = true> <Delay = 3.44> <CoreInst = "Adder">   --->   Core 1 'Adder' <Latency = 1> <II = 1> <Delay = 3.44> <FuncUnit> <Opcode : 'add' 'sub'> <InPorts = 2> <OutPorts = 1>
ST_38 : Operation 537 [2/2] (3.44ns)   --->   "%icmp_ln7_45 = icmp_ugt  i256 %add_ln6_44, i256 52435875175126190479447740508185965837690552500527637822603658699938581184512" [poseidon.cpp:7->poseidon.cpp:55]   --->   Operation 537 'icmp' 'icmp_ln7_45' <Predicate = true> <Delay = 3.44> <CoreInst = "Cmp">   --->   Core 9 'Cmp' <Latency = 1> <II = 1> <Delay = 3.44> <FuncUnit> <Opcode : 'icmp'> <InPorts = 2> <OutPorts = 1>
ST_38 : Operation 538 [2/2] (3.44ns)   --->   "%add_ln7_45 = add i256 %add_ln6_44, i256 63356214062190004944123244500501942015579432165112926216853925307974548455423" [poseidon.cpp:7->poseidon.cpp:55]   --->   Operation 538 'add' 'add_ln7_45' <Predicate = true> <Delay = 3.44> <CoreInst = "Adder">   --->   Core 1 'Adder' <Latency = 1> <II = 1> <Delay = 3.44> <FuncUnit> <Opcode : 'add' 'sub'> <InPorts = 2> <OutPorts = 1>
ST_38 : Operation 539 [2/2] (3.44ns)   --->   "%add_ln6_45 = add i256 %gmem_addr_23_read, i256 %p_0_0_011_2388_load" [poseidon.cpp:6->poseidon.cpp:55]   --->   Operation 539 'add' 'add_ln6_45' <Predicate = true> <Delay = 3.44> <CoreInst = "Adder">   --->   Core 1 'Adder' <Latency = 1> <II = 1> <Delay = 3.44> <FuncUnit> <Opcode : 'add' 'sub'> <InPorts = 2> <OutPorts = 1>

State 39 <SV = 38> <Delay = 6.88>
ST_39 : Operation 540 [1/2] (3.44ns)   --->   "%add_ln6_23 = add i256 %gmem_addr_1_read, i256 %p_0_0_011_144_load" [poseidon.cpp:6->poseidon.cpp:55]   --->   Operation 540 'add' 'add_ln6_23' <Predicate = true> <Delay = 3.44> <CoreInst = "Adder">   --->   Core 1 'Adder' <Latency = 1> <II = 1> <Delay = 3.44> <FuncUnit> <Opcode : 'add' 'sub'> <InPorts = 2> <OutPorts = 1>
ST_39 : Operation 541 [2/2] (3.44ns)   --->   "%icmp_ln7_24 = icmp_ugt  i256 %add_ln6_23, i256 52435875175126190479447740508185965837690552500527637822603658699938581184512" [poseidon.cpp:7->poseidon.cpp:55]   --->   Operation 541 'icmp' 'icmp_ln7_24' <Predicate = true> <Delay = 3.44> <CoreInst = "Cmp">   --->   Core 9 'Cmp' <Latency = 1> <II = 1> <Delay = 3.44> <FuncUnit> <Opcode : 'icmp'> <InPorts = 2> <OutPorts = 1>
ST_39 : Operation 542 [2/2] (3.44ns)   --->   "%add_ln7_24 = add i256 %add_ln6_23, i256 63356214062190004944123244500501942015579432165112926216853925307974548455423" [poseidon.cpp:7->poseidon.cpp:55]   --->   Operation 542 'add' 'add_ln7_24' <Predicate = true> <Delay = 3.44> <CoreInst = "Adder">   --->   Core 1 'Adder' <Latency = 1> <II = 1> <Delay = 3.44> <FuncUnit> <Opcode : 'add' 'sub'> <InPorts = 2> <OutPorts = 1>
ST_39 : Operation 543 [1/2] (3.44ns)   --->   "%add_ln6_24 = add i256 %gmem_addr_2_read, i256 %p_0_0_011_246_load" [poseidon.cpp:6->poseidon.cpp:55]   --->   Operation 543 'add' 'add_ln6_24' <Predicate = true> <Delay = 3.44> <CoreInst = "Adder">   --->   Core 1 'Adder' <Latency = 1> <II = 1> <Delay = 3.44> <FuncUnit> <Opcode : 'add' 'sub'> <InPorts = 2> <OutPorts = 1>
ST_39 : Operation 544 [2/2] (3.44ns)   --->   "%icmp_ln7_25 = icmp_ugt  i256 %add_ln6_24, i256 52435875175126190479447740508185965837690552500527637822603658699938581184512" [poseidon.cpp:7->poseidon.cpp:55]   --->   Operation 544 'icmp' 'icmp_ln7_25' <Predicate = true> <Delay = 3.44> <CoreInst = "Cmp">   --->   Core 9 'Cmp' <Latency = 1> <II = 1> <Delay = 3.44> <FuncUnit> <Opcode : 'icmp'> <InPorts = 2> <OutPorts = 1>
ST_39 : Operation 545 [2/2] (3.44ns)   --->   "%add_ln7_25 = add i256 %add_ln6_24, i256 63356214062190004944123244500501942015579432165112926216853925307974548455423" [poseidon.cpp:7->poseidon.cpp:55]   --->   Operation 545 'add' 'add_ln7_25' <Predicate = true> <Delay = 3.44> <CoreInst = "Adder">   --->   Core 1 'Adder' <Latency = 1> <II = 1> <Delay = 3.44> <FuncUnit> <Opcode : 'add' 'sub'> <InPorts = 2> <OutPorts = 1>
ST_39 : Operation 546 [1/2] (3.44ns)   --->   "%add_ln6_25 = add i256 %gmem_addr_3_read, i256 %p_0_0_011_348_load" [poseidon.cpp:6->poseidon.cpp:55]   --->   Operation 546 'add' 'add_ln6_25' <Predicate = true> <Delay = 3.44> <CoreInst = "Adder">   --->   Core 1 'Adder' <Latency = 1> <II = 1> <Delay = 3.44> <FuncUnit> <Opcode : 'add' 'sub'> <InPorts = 2> <OutPorts = 1>
ST_39 : Operation 547 [2/2] (3.44ns)   --->   "%icmp_ln7_26 = icmp_ugt  i256 %add_ln6_25, i256 52435875175126190479447740508185965837690552500527637822603658699938581184512" [poseidon.cpp:7->poseidon.cpp:55]   --->   Operation 547 'icmp' 'icmp_ln7_26' <Predicate = true> <Delay = 3.44> <CoreInst = "Cmp">   --->   Core 9 'Cmp' <Latency = 1> <II = 1> <Delay = 3.44> <FuncUnit> <Opcode : 'icmp'> <InPorts = 2> <OutPorts = 1>
ST_39 : Operation 548 [2/2] (3.44ns)   --->   "%add_ln7_26 = add i256 %add_ln6_25, i256 63356214062190004944123244500501942015579432165112926216853925307974548455423" [poseidon.cpp:7->poseidon.cpp:55]   --->   Operation 548 'add' 'add_ln7_26' <Predicate = true> <Delay = 3.44> <CoreInst = "Adder">   --->   Core 1 'Adder' <Latency = 1> <II = 1> <Delay = 3.44> <FuncUnit> <Opcode : 'add' 'sub'> <InPorts = 2> <OutPorts = 1>
ST_39 : Operation 549 [1/2] (3.44ns)   --->   "%add_ln6_26 = add i256 %gmem_addr_4_read, i256 %p_0_0_011_450_load" [poseidon.cpp:6->poseidon.cpp:55]   --->   Operation 549 'add' 'add_ln6_26' <Predicate = true> <Delay = 3.44> <CoreInst = "Adder">   --->   Core 1 'Adder' <Latency = 1> <II = 1> <Delay = 3.44> <FuncUnit> <Opcode : 'add' 'sub'> <InPorts = 2> <OutPorts = 1>
ST_39 : Operation 550 [2/2] (3.44ns)   --->   "%icmp_ln7_27 = icmp_ugt  i256 %add_ln6_26, i256 52435875175126190479447740508185965837690552500527637822603658699938581184512" [poseidon.cpp:7->poseidon.cpp:55]   --->   Operation 550 'icmp' 'icmp_ln7_27' <Predicate = true> <Delay = 3.44> <CoreInst = "Cmp">   --->   Core 9 'Cmp' <Latency = 1> <II = 1> <Delay = 3.44> <FuncUnit> <Opcode : 'icmp'> <InPorts = 2> <OutPorts = 1>
ST_39 : Operation 551 [2/2] (3.44ns)   --->   "%add_ln7_27 = add i256 %add_ln6_26, i256 63356214062190004944123244500501942015579432165112926216853925307974548455423" [poseidon.cpp:7->poseidon.cpp:55]   --->   Operation 551 'add' 'add_ln7_27' <Predicate = true> <Delay = 3.44> <CoreInst = "Adder">   --->   Core 1 'Adder' <Latency = 1> <II = 1> <Delay = 3.44> <FuncUnit> <Opcode : 'add' 'sub'> <InPorts = 2> <OutPorts = 1>
ST_39 : Operation 552 [1/2] (3.44ns)   --->   "%add_ln6_27 = add i256 %gmem_addr_5_read, i256 %p_0_0_011_552_load" [poseidon.cpp:6->poseidon.cpp:55]   --->   Operation 552 'add' 'add_ln6_27' <Predicate = true> <Delay = 3.44> <CoreInst = "Adder">   --->   Core 1 'Adder' <Latency = 1> <II = 1> <Delay = 3.44> <FuncUnit> <Opcode : 'add' 'sub'> <InPorts = 2> <OutPorts = 1>
ST_39 : Operation 553 [2/2] (3.44ns)   --->   "%icmp_ln7_28 = icmp_ugt  i256 %add_ln6_27, i256 52435875175126190479447740508185965837690552500527637822603658699938581184512" [poseidon.cpp:7->poseidon.cpp:55]   --->   Operation 553 'icmp' 'icmp_ln7_28' <Predicate = true> <Delay = 3.44> <CoreInst = "Cmp">   --->   Core 9 'Cmp' <Latency = 1> <II = 1> <Delay = 3.44> <FuncUnit> <Opcode : 'icmp'> <InPorts = 2> <OutPorts = 1>
ST_39 : Operation 554 [2/2] (3.44ns)   --->   "%add_ln7_28 = add i256 %add_ln6_27, i256 63356214062190004944123244500501942015579432165112926216853925307974548455423" [poseidon.cpp:7->poseidon.cpp:55]   --->   Operation 554 'add' 'add_ln7_28' <Predicate = true> <Delay = 3.44> <CoreInst = "Adder">   --->   Core 1 'Adder' <Latency = 1> <II = 1> <Delay = 3.44> <FuncUnit> <Opcode : 'add' 'sub'> <InPorts = 2> <OutPorts = 1>
ST_39 : Operation 555 [1/2] (3.44ns)   --->   "%add_ln6_28 = add i256 %gmem_addr_6_read, i256 %p_0_0_011_654_load" [poseidon.cpp:6->poseidon.cpp:55]   --->   Operation 555 'add' 'add_ln6_28' <Predicate = true> <Delay = 3.44> <CoreInst = "Adder">   --->   Core 1 'Adder' <Latency = 1> <II = 1> <Delay = 3.44> <FuncUnit> <Opcode : 'add' 'sub'> <InPorts = 2> <OutPorts = 1>
ST_39 : Operation 556 [2/2] (3.44ns)   --->   "%icmp_ln7_29 = icmp_ugt  i256 %add_ln6_28, i256 52435875175126190479447740508185965837690552500527637822603658699938581184512" [poseidon.cpp:7->poseidon.cpp:55]   --->   Operation 556 'icmp' 'icmp_ln7_29' <Predicate = true> <Delay = 3.44> <CoreInst = "Cmp">   --->   Core 9 'Cmp' <Latency = 1> <II = 1> <Delay = 3.44> <FuncUnit> <Opcode : 'icmp'> <InPorts = 2> <OutPorts = 1>
ST_39 : Operation 557 [2/2] (3.44ns)   --->   "%add_ln7_29 = add i256 %add_ln6_28, i256 63356214062190004944123244500501942015579432165112926216853925307974548455423" [poseidon.cpp:7->poseidon.cpp:55]   --->   Operation 557 'add' 'add_ln7_29' <Predicate = true> <Delay = 3.44> <CoreInst = "Adder">   --->   Core 1 'Adder' <Latency = 1> <II = 1> <Delay = 3.44> <FuncUnit> <Opcode : 'add' 'sub'> <InPorts = 2> <OutPorts = 1>
ST_39 : Operation 558 [1/2] (3.44ns)   --->   "%add_ln6_29 = add i256 %gmem_addr_7_read, i256 %p_0_0_011_756_load" [poseidon.cpp:6->poseidon.cpp:55]   --->   Operation 558 'add' 'add_ln6_29' <Predicate = true> <Delay = 3.44> <CoreInst = "Adder">   --->   Core 1 'Adder' <Latency = 1> <II = 1> <Delay = 3.44> <FuncUnit> <Opcode : 'add' 'sub'> <InPorts = 2> <OutPorts = 1>
ST_39 : Operation 559 [2/2] (3.44ns)   --->   "%icmp_ln7_30 = icmp_ugt  i256 %add_ln6_29, i256 52435875175126190479447740508185965837690552500527637822603658699938581184512" [poseidon.cpp:7->poseidon.cpp:55]   --->   Operation 559 'icmp' 'icmp_ln7_30' <Predicate = true> <Delay = 3.44> <CoreInst = "Cmp">   --->   Core 9 'Cmp' <Latency = 1> <II = 1> <Delay = 3.44> <FuncUnit> <Opcode : 'icmp'> <InPorts = 2> <OutPorts = 1>
ST_39 : Operation 560 [2/2] (3.44ns)   --->   "%add_ln7_30 = add i256 %add_ln6_29, i256 63356214062190004944123244500501942015579432165112926216853925307974548455423" [poseidon.cpp:7->poseidon.cpp:55]   --->   Operation 560 'add' 'add_ln7_30' <Predicate = true> <Delay = 3.44> <CoreInst = "Adder">   --->   Core 1 'Adder' <Latency = 1> <II = 1> <Delay = 3.44> <FuncUnit> <Opcode : 'add' 'sub'> <InPorts = 2> <OutPorts = 1>
ST_39 : Operation 561 [1/2] (3.44ns)   --->   "%add_ln6_30 = add i256 %gmem_addr_8_read, i256 %p_0_0_011_858_load" [poseidon.cpp:6->poseidon.cpp:55]   --->   Operation 561 'add' 'add_ln6_30' <Predicate = true> <Delay = 3.44> <CoreInst = "Adder">   --->   Core 1 'Adder' <Latency = 1> <II = 1> <Delay = 3.44> <FuncUnit> <Opcode : 'add' 'sub'> <InPorts = 2> <OutPorts = 1>
ST_39 : Operation 562 [2/2] (3.44ns)   --->   "%icmp_ln7_31 = icmp_ugt  i256 %add_ln6_30, i256 52435875175126190479447740508185965837690552500527637822603658699938581184512" [poseidon.cpp:7->poseidon.cpp:55]   --->   Operation 562 'icmp' 'icmp_ln7_31' <Predicate = true> <Delay = 3.44> <CoreInst = "Cmp">   --->   Core 9 'Cmp' <Latency = 1> <II = 1> <Delay = 3.44> <FuncUnit> <Opcode : 'icmp'> <InPorts = 2> <OutPorts = 1>
ST_39 : Operation 563 [2/2] (3.44ns)   --->   "%add_ln7_31 = add i256 %add_ln6_30, i256 63356214062190004944123244500501942015579432165112926216853925307974548455423" [poseidon.cpp:7->poseidon.cpp:55]   --->   Operation 563 'add' 'add_ln7_31' <Predicate = true> <Delay = 3.44> <CoreInst = "Adder">   --->   Core 1 'Adder' <Latency = 1> <II = 1> <Delay = 3.44> <FuncUnit> <Opcode : 'add' 'sub'> <InPorts = 2> <OutPorts = 1>
ST_39 : Operation 564 [1/2] (3.44ns)   --->   "%add_ln6_31 = add i256 %gmem_addr_9_read, i256 %p_0_0_011_960_load" [poseidon.cpp:6->poseidon.cpp:55]   --->   Operation 564 'add' 'add_ln6_31' <Predicate = true> <Delay = 3.44> <CoreInst = "Adder">   --->   Core 1 'Adder' <Latency = 1> <II = 1> <Delay = 3.44> <FuncUnit> <Opcode : 'add' 'sub'> <InPorts = 2> <OutPorts = 1>
ST_39 : Operation 565 [2/2] (3.44ns)   --->   "%icmp_ln7_32 = icmp_ugt  i256 %add_ln6_31, i256 52435875175126190479447740508185965837690552500527637822603658699938581184512" [poseidon.cpp:7->poseidon.cpp:55]   --->   Operation 565 'icmp' 'icmp_ln7_32' <Predicate = true> <Delay = 3.44> <CoreInst = "Cmp">   --->   Core 9 'Cmp' <Latency = 1> <II = 1> <Delay = 3.44> <FuncUnit> <Opcode : 'icmp'> <InPorts = 2> <OutPorts = 1>
ST_39 : Operation 566 [2/2] (3.44ns)   --->   "%add_ln7_32 = add i256 %add_ln6_31, i256 63356214062190004944123244500501942015579432165112926216853925307974548455423" [poseidon.cpp:7->poseidon.cpp:55]   --->   Operation 566 'add' 'add_ln7_32' <Predicate = true> <Delay = 3.44> <CoreInst = "Adder">   --->   Core 1 'Adder' <Latency = 1> <II = 1> <Delay = 3.44> <FuncUnit> <Opcode : 'add' 'sub'> <InPorts = 2> <OutPorts = 1>
ST_39 : Operation 567 [1/2] (3.44ns)   --->   "%add_ln6_32 = add i256 %gmem_addr_10_read, i256 %p_0_0_011_1062_load" [poseidon.cpp:6->poseidon.cpp:55]   --->   Operation 567 'add' 'add_ln6_32' <Predicate = true> <Delay = 3.44> <CoreInst = "Adder">   --->   Core 1 'Adder' <Latency = 1> <II = 1> <Delay = 3.44> <FuncUnit> <Opcode : 'add' 'sub'> <InPorts = 2> <OutPorts = 1>
ST_39 : Operation 568 [2/2] (3.44ns)   --->   "%icmp_ln7_33 = icmp_ugt  i256 %add_ln6_32, i256 52435875175126190479447740508185965837690552500527637822603658699938581184512" [poseidon.cpp:7->poseidon.cpp:55]   --->   Operation 568 'icmp' 'icmp_ln7_33' <Predicate = true> <Delay = 3.44> <CoreInst = "Cmp">   --->   Core 9 'Cmp' <Latency = 1> <II = 1> <Delay = 3.44> <FuncUnit> <Opcode : 'icmp'> <InPorts = 2> <OutPorts = 1>
ST_39 : Operation 569 [2/2] (3.44ns)   --->   "%add_ln7_33 = add i256 %add_ln6_32, i256 63356214062190004944123244500501942015579432165112926216853925307974548455423" [poseidon.cpp:7->poseidon.cpp:55]   --->   Operation 569 'add' 'add_ln7_33' <Predicate = true> <Delay = 3.44> <CoreInst = "Adder">   --->   Core 1 'Adder' <Latency = 1> <II = 1> <Delay = 3.44> <FuncUnit> <Opcode : 'add' 'sub'> <InPorts = 2> <OutPorts = 1>
ST_39 : Operation 570 [1/2] (3.44ns)   --->   "%add_ln6_33 = add i256 %gmem_addr_11_read, i256 %p_0_0_011_1164_load" [poseidon.cpp:6->poseidon.cpp:55]   --->   Operation 570 'add' 'add_ln6_33' <Predicate = true> <Delay = 3.44> <CoreInst = "Adder">   --->   Core 1 'Adder' <Latency = 1> <II = 1> <Delay = 3.44> <FuncUnit> <Opcode : 'add' 'sub'> <InPorts = 2> <OutPorts = 1>
ST_39 : Operation 571 [2/2] (3.44ns)   --->   "%icmp_ln7_34 = icmp_ugt  i256 %add_ln6_33, i256 52435875175126190479447740508185965837690552500527637822603658699938581184512" [poseidon.cpp:7->poseidon.cpp:55]   --->   Operation 571 'icmp' 'icmp_ln7_34' <Predicate = true> <Delay = 3.44> <CoreInst = "Cmp">   --->   Core 9 'Cmp' <Latency = 1> <II = 1> <Delay = 3.44> <FuncUnit> <Opcode : 'icmp'> <InPorts = 2> <OutPorts = 1>
ST_39 : Operation 572 [2/2] (3.44ns)   --->   "%add_ln7_34 = add i256 %add_ln6_33, i256 63356214062190004944123244500501942015579432165112926216853925307974548455423" [poseidon.cpp:7->poseidon.cpp:55]   --->   Operation 572 'add' 'add_ln7_34' <Predicate = true> <Delay = 3.44> <CoreInst = "Adder">   --->   Core 1 'Adder' <Latency = 1> <II = 1> <Delay = 3.44> <FuncUnit> <Opcode : 'add' 'sub'> <InPorts = 2> <OutPorts = 1>
ST_39 : Operation 573 [1/2] (3.44ns)   --->   "%add_ln6_34 = add i256 %gmem_addr_12_read, i256 %p_0_0_011_1266_load" [poseidon.cpp:6->poseidon.cpp:55]   --->   Operation 573 'add' 'add_ln6_34' <Predicate = true> <Delay = 3.44> <CoreInst = "Adder">   --->   Core 1 'Adder' <Latency = 1> <II = 1> <Delay = 3.44> <FuncUnit> <Opcode : 'add' 'sub'> <InPorts = 2> <OutPorts = 1>
ST_39 : Operation 574 [2/2] (3.44ns)   --->   "%icmp_ln7_35 = icmp_ugt  i256 %add_ln6_34, i256 52435875175126190479447740508185965837690552500527637822603658699938581184512" [poseidon.cpp:7->poseidon.cpp:55]   --->   Operation 574 'icmp' 'icmp_ln7_35' <Predicate = true> <Delay = 3.44> <CoreInst = "Cmp">   --->   Core 9 'Cmp' <Latency = 1> <II = 1> <Delay = 3.44> <FuncUnit> <Opcode : 'icmp'> <InPorts = 2> <OutPorts = 1>
ST_39 : Operation 575 [2/2] (3.44ns)   --->   "%add_ln7_35 = add i256 %add_ln6_34, i256 63356214062190004944123244500501942015579432165112926216853925307974548455423" [poseidon.cpp:7->poseidon.cpp:55]   --->   Operation 575 'add' 'add_ln7_35' <Predicate = true> <Delay = 3.44> <CoreInst = "Adder">   --->   Core 1 'Adder' <Latency = 1> <II = 1> <Delay = 3.44> <FuncUnit> <Opcode : 'add' 'sub'> <InPorts = 2> <OutPorts = 1>
ST_39 : Operation 576 [1/2] (3.44ns)   --->   "%add_ln6_35 = add i256 %gmem_addr_13_read, i256 %p_0_0_011_1368_load" [poseidon.cpp:6->poseidon.cpp:55]   --->   Operation 576 'add' 'add_ln6_35' <Predicate = true> <Delay = 3.44> <CoreInst = "Adder">   --->   Core 1 'Adder' <Latency = 1> <II = 1> <Delay = 3.44> <FuncUnit> <Opcode : 'add' 'sub'> <InPorts = 2> <OutPorts = 1>
ST_39 : Operation 577 [2/2] (3.44ns)   --->   "%icmp_ln7_36 = icmp_ugt  i256 %add_ln6_35, i256 52435875175126190479447740508185965837690552500527637822603658699938581184512" [poseidon.cpp:7->poseidon.cpp:55]   --->   Operation 577 'icmp' 'icmp_ln7_36' <Predicate = true> <Delay = 3.44> <CoreInst = "Cmp">   --->   Core 9 'Cmp' <Latency = 1> <II = 1> <Delay = 3.44> <FuncUnit> <Opcode : 'icmp'> <InPorts = 2> <OutPorts = 1>
ST_39 : Operation 578 [2/2] (3.44ns)   --->   "%add_ln7_36 = add i256 %add_ln6_35, i256 63356214062190004944123244500501942015579432165112926216853925307974548455423" [poseidon.cpp:7->poseidon.cpp:55]   --->   Operation 578 'add' 'add_ln7_36' <Predicate = true> <Delay = 3.44> <CoreInst = "Adder">   --->   Core 1 'Adder' <Latency = 1> <II = 1> <Delay = 3.44> <FuncUnit> <Opcode : 'add' 'sub'> <InPorts = 2> <OutPorts = 1>
ST_39 : Operation 579 [1/2] (3.44ns)   --->   "%add_ln6_36 = add i256 %gmem_addr_14_read, i256 %p_0_0_011_1470_load" [poseidon.cpp:6->poseidon.cpp:55]   --->   Operation 579 'add' 'add_ln6_36' <Predicate = true> <Delay = 3.44> <CoreInst = "Adder">   --->   Core 1 'Adder' <Latency = 1> <II = 1> <Delay = 3.44> <FuncUnit> <Opcode : 'add' 'sub'> <InPorts = 2> <OutPorts = 1>
ST_39 : Operation 580 [2/2] (3.44ns)   --->   "%icmp_ln7_37 = icmp_ugt  i256 %add_ln6_36, i256 52435875175126190479447740508185965837690552500527637822603658699938581184512" [poseidon.cpp:7->poseidon.cpp:55]   --->   Operation 580 'icmp' 'icmp_ln7_37' <Predicate = true> <Delay = 3.44> <CoreInst = "Cmp">   --->   Core 9 'Cmp' <Latency = 1> <II = 1> <Delay = 3.44> <FuncUnit> <Opcode : 'icmp'> <InPorts = 2> <OutPorts = 1>
ST_39 : Operation 581 [2/2] (3.44ns)   --->   "%add_ln7_37 = add i256 %add_ln6_36, i256 63356214062190004944123244500501942015579432165112926216853925307974548455423" [poseidon.cpp:7->poseidon.cpp:55]   --->   Operation 581 'add' 'add_ln7_37' <Predicate = true> <Delay = 3.44> <CoreInst = "Adder">   --->   Core 1 'Adder' <Latency = 1> <II = 1> <Delay = 3.44> <FuncUnit> <Opcode : 'add' 'sub'> <InPorts = 2> <OutPorts = 1>
ST_39 : Operation 582 [1/2] (3.44ns)   --->   "%add_ln6_39 = add i256 %gmem_addr_17_read, i256 %p_0_0_011_1776_load" [poseidon.cpp:6->poseidon.cpp:55]   --->   Operation 582 'add' 'add_ln6_39' <Predicate = true> <Delay = 3.44> <CoreInst = "Adder">   --->   Core 1 'Adder' <Latency = 1> <II = 1> <Delay = 3.44> <FuncUnit> <Opcode : 'add' 'sub'> <InPorts = 2> <OutPorts = 1>
ST_39 : Operation 583 [2/2] (3.44ns)   --->   "%icmp_ln7_40 = icmp_ugt  i256 %add_ln6_39, i256 52435875175126190479447740508185965837690552500527637822603658699938581184512" [poseidon.cpp:7->poseidon.cpp:55]   --->   Operation 583 'icmp' 'icmp_ln7_40' <Predicate = true> <Delay = 3.44> <CoreInst = "Cmp">   --->   Core 9 'Cmp' <Latency = 1> <II = 1> <Delay = 3.44> <FuncUnit> <Opcode : 'icmp'> <InPorts = 2> <OutPorts = 1>
ST_39 : Operation 584 [2/2] (3.44ns)   --->   "%add_ln7_40 = add i256 %add_ln6_39, i256 63356214062190004944123244500501942015579432165112926216853925307974548455423" [poseidon.cpp:7->poseidon.cpp:55]   --->   Operation 584 'add' 'add_ln7_40' <Predicate = true> <Delay = 3.44> <CoreInst = "Adder">   --->   Core 1 'Adder' <Latency = 1> <II = 1> <Delay = 3.44> <FuncUnit> <Opcode : 'add' 'sub'> <InPorts = 2> <OutPorts = 1>
ST_39 : Operation 585 [1/2] (3.44ns)   --->   "%add_ln6_40 = add i256 %gmem_addr_18_read, i256 %p_0_0_011_1878_load" [poseidon.cpp:6->poseidon.cpp:55]   --->   Operation 585 'add' 'add_ln6_40' <Predicate = true> <Delay = 3.44> <CoreInst = "Adder">   --->   Core 1 'Adder' <Latency = 1> <II = 1> <Delay = 3.44> <FuncUnit> <Opcode : 'add' 'sub'> <InPorts = 2> <OutPorts = 1>
ST_39 : Operation 586 [2/2] (3.44ns)   --->   "%icmp_ln7_41 = icmp_ugt  i256 %add_ln6_40, i256 52435875175126190479447740508185965837690552500527637822603658699938581184512" [poseidon.cpp:7->poseidon.cpp:55]   --->   Operation 586 'icmp' 'icmp_ln7_41' <Predicate = true> <Delay = 3.44> <CoreInst = "Cmp">   --->   Core 9 'Cmp' <Latency = 1> <II = 1> <Delay = 3.44> <FuncUnit> <Opcode : 'icmp'> <InPorts = 2> <OutPorts = 1>
ST_39 : Operation 587 [2/2] (3.44ns)   --->   "%add_ln7_41 = add i256 %add_ln6_40, i256 63356214062190004944123244500501942015579432165112926216853925307974548455423" [poseidon.cpp:7->poseidon.cpp:55]   --->   Operation 587 'add' 'add_ln7_41' <Predicate = true> <Delay = 3.44> <CoreInst = "Adder">   --->   Core 1 'Adder' <Latency = 1> <II = 1> <Delay = 3.44> <FuncUnit> <Opcode : 'add' 'sub'> <InPorts = 2> <OutPorts = 1>
ST_39 : Operation 588 [1/2] (3.44ns)   --->   "%icmp_ln7_45 = icmp_ugt  i256 %add_ln6_44, i256 52435875175126190479447740508185965837690552500527637822603658699938581184512" [poseidon.cpp:7->poseidon.cpp:55]   --->   Operation 588 'icmp' 'icmp_ln7_45' <Predicate = true> <Delay = 3.44> <CoreInst = "Cmp">   --->   Core 9 'Cmp' <Latency = 1> <II = 1> <Delay = 3.44> <FuncUnit> <Opcode : 'icmp'> <InPorts = 2> <OutPorts = 1>
ST_39 : Operation 589 [1/2] (3.44ns)   --->   "%add_ln7_45 = add i256 %add_ln6_44, i256 63356214062190004944123244500501942015579432165112926216853925307974548455423" [poseidon.cpp:7->poseidon.cpp:55]   --->   Operation 589 'add' 'add_ln7_45' <Predicate = true> <Delay = 3.44> <CoreInst = "Adder">   --->   Core 1 'Adder' <Latency = 1> <II = 1> <Delay = 3.44> <FuncUnit> <Opcode : 'add' 'sub'> <InPorts = 2> <OutPorts = 1>
ST_39 : Operation 590 [1/1] (1.55ns)   --->   "%select_ln7_22 = select i1 %icmp_ln7_45, i256 %add_ln7_45, i256 %add_ln6_44" [poseidon.cpp:7->poseidon.cpp:55]   --->   Operation 590 'select' 'select_ln7_22' <Predicate = true> <Delay = 1.55> <CoreInst = "Sel">   --->   Core 73 'Sel' <Latency = 0> <II = 1> <Delay = 1.55> <FuncUnit> <Opcode : 'select'> <InPorts = 3> <OutPorts = 1>
ST_39 : Operation 591 [1/2] (3.44ns)   --->   "%add_ln6_45 = add i256 %gmem_addr_23_read, i256 %p_0_0_011_2388_load" [poseidon.cpp:6->poseidon.cpp:55]   --->   Operation 591 'add' 'add_ln6_45' <Predicate = true> <Delay = 3.44> <CoreInst = "Adder">   --->   Core 1 'Adder' <Latency = 1> <II = 1> <Delay = 3.44> <FuncUnit> <Opcode : 'add' 'sub'> <InPorts = 2> <OutPorts = 1>
ST_39 : Operation 592 [2/2] (3.44ns)   --->   "%icmp_ln7_46 = icmp_ugt  i256 %add_ln6_45, i256 52435875175126190479447740508185965837690552500527637822603658699938581184512" [poseidon.cpp:7->poseidon.cpp:55]   --->   Operation 592 'icmp' 'icmp_ln7_46' <Predicate = true> <Delay = 3.44> <CoreInst = "Cmp">   --->   Core 9 'Cmp' <Latency = 1> <II = 1> <Delay = 3.44> <FuncUnit> <Opcode : 'icmp'> <InPorts = 2> <OutPorts = 1>
ST_39 : Operation 593 [2/2] (3.44ns)   --->   "%add_ln7_46 = add i256 %add_ln6_45, i256 63356214062190004944123244500501942015579432165112926216853925307974548455423" [poseidon.cpp:7->poseidon.cpp:55]   --->   Operation 593 'add' 'add_ln7_46' <Predicate = true> <Delay = 3.44> <CoreInst = "Adder">   --->   Core 1 'Adder' <Latency = 1> <II = 1> <Delay = 3.44> <FuncUnit> <Opcode : 'add' 'sub'> <InPorts = 2> <OutPorts = 1>

State 40 <SV = 39> <Delay = 6.58>
ST_40 : Operation 594 [1/1] (0.00ns)   --->   "%speclooptripcount_ln50 = speclooptripcount void @_ssdm_op_SpecLoopTripCount, i64 68, i64 68, i64 68" [poseidon.cpp:50]   --->   Operation 594 'speclooptripcount' 'speclooptripcount_ln50' <Predicate = true> <Delay = 0.00>
ST_40 : Operation 595 [1/1] (0.00ns)   --->   "%specloopname_ln50 = specloopname void @_ssdm_op_SpecLoopName, void @empty_0" [poseidon.cpp:50]   --->   Operation 595 'specloopname' 'specloopname_ln50' <Predicate = true> <Delay = 0.00>
ST_40 : Operation 596 [1/2] (3.44ns)   --->   "%icmp_ln7_24 = icmp_ugt  i256 %add_ln6_23, i256 52435875175126190479447740508185965837690552500527637822603658699938581184512" [poseidon.cpp:7->poseidon.cpp:55]   --->   Operation 596 'icmp' 'icmp_ln7_24' <Predicate = true> <Delay = 3.44> <CoreInst = "Cmp">   --->   Core 9 'Cmp' <Latency = 1> <II = 1> <Delay = 3.44> <FuncUnit> <Opcode : 'icmp'> <InPorts = 2> <OutPorts = 1>
ST_40 : Operation 597 [1/2] (3.44ns)   --->   "%add_ln7_24 = add i256 %add_ln6_23, i256 63356214062190004944123244500501942015579432165112926216853925307974548455423" [poseidon.cpp:7->poseidon.cpp:55]   --->   Operation 597 'add' 'add_ln7_24' <Predicate = true> <Delay = 3.44> <CoreInst = "Adder">   --->   Core 1 'Adder' <Latency = 1> <II = 1> <Delay = 3.44> <FuncUnit> <Opcode : 'add' 'sub'> <InPorts = 2> <OutPorts = 1>
ST_40 : Operation 598 [1/1] (1.55ns)   --->   "%select_ln7_1 = select i1 %icmp_ln7_24, i256 %add_ln7_24, i256 %add_ln6_23" [poseidon.cpp:7->poseidon.cpp:55]   --->   Operation 598 'select' 'select_ln7_1' <Predicate = true> <Delay = 1.55> <CoreInst = "Sel">   --->   Core 73 'Sel' <Latency = 0> <II = 1> <Delay = 1.55> <FuncUnit> <Opcode : 'select'> <InPorts = 3> <OutPorts = 1>
ST_40 : Operation 599 [1/2] (3.44ns)   --->   "%icmp_ln7_25 = icmp_ugt  i256 %add_ln6_24, i256 52435875175126190479447740508185965837690552500527637822603658699938581184512" [poseidon.cpp:7->poseidon.cpp:55]   --->   Operation 599 'icmp' 'icmp_ln7_25' <Predicate = true> <Delay = 3.44> <CoreInst = "Cmp">   --->   Core 9 'Cmp' <Latency = 1> <II = 1> <Delay = 3.44> <FuncUnit> <Opcode : 'icmp'> <InPorts = 2> <OutPorts = 1>
ST_40 : Operation 600 [1/2] (3.44ns)   --->   "%add_ln7_25 = add i256 %add_ln6_24, i256 63356214062190004944123244500501942015579432165112926216853925307974548455423" [poseidon.cpp:7->poseidon.cpp:55]   --->   Operation 600 'add' 'add_ln7_25' <Predicate = true> <Delay = 3.44> <CoreInst = "Adder">   --->   Core 1 'Adder' <Latency = 1> <II = 1> <Delay = 3.44> <FuncUnit> <Opcode : 'add' 'sub'> <InPorts = 2> <OutPorts = 1>
ST_40 : Operation 601 [1/1] (1.55ns)   --->   "%select_ln7_2 = select i1 %icmp_ln7_25, i256 %add_ln7_25, i256 %add_ln6_24" [poseidon.cpp:7->poseidon.cpp:55]   --->   Operation 601 'select' 'select_ln7_2' <Predicate = true> <Delay = 1.55> <CoreInst = "Sel">   --->   Core 73 'Sel' <Latency = 0> <II = 1> <Delay = 1.55> <FuncUnit> <Opcode : 'select'> <InPorts = 3> <OutPorts = 1>
ST_40 : Operation 602 [1/2] (3.44ns)   --->   "%icmp_ln7_26 = icmp_ugt  i256 %add_ln6_25, i256 52435875175126190479447740508185965837690552500527637822603658699938581184512" [poseidon.cpp:7->poseidon.cpp:55]   --->   Operation 602 'icmp' 'icmp_ln7_26' <Predicate = true> <Delay = 3.44> <CoreInst = "Cmp">   --->   Core 9 'Cmp' <Latency = 1> <II = 1> <Delay = 3.44> <FuncUnit> <Opcode : 'icmp'> <InPorts = 2> <OutPorts = 1>
ST_40 : Operation 603 [1/2] (3.44ns)   --->   "%add_ln7_26 = add i256 %add_ln6_25, i256 63356214062190004944123244500501942015579432165112926216853925307974548455423" [poseidon.cpp:7->poseidon.cpp:55]   --->   Operation 603 'add' 'add_ln7_26' <Predicate = true> <Delay = 3.44> <CoreInst = "Adder">   --->   Core 1 'Adder' <Latency = 1> <II = 1> <Delay = 3.44> <FuncUnit> <Opcode : 'add' 'sub'> <InPorts = 2> <OutPorts = 1>
ST_40 : Operation 604 [1/1] (1.55ns)   --->   "%select_ln7_3 = select i1 %icmp_ln7_26, i256 %add_ln7_26, i256 %add_ln6_25" [poseidon.cpp:7->poseidon.cpp:55]   --->   Operation 604 'select' 'select_ln7_3' <Predicate = true> <Delay = 1.55> <CoreInst = "Sel">   --->   Core 73 'Sel' <Latency = 0> <II = 1> <Delay = 1.55> <FuncUnit> <Opcode : 'select'> <InPorts = 3> <OutPorts = 1>
ST_40 : Operation 605 [1/2] (3.44ns)   --->   "%icmp_ln7_27 = icmp_ugt  i256 %add_ln6_26, i256 52435875175126190479447740508185965837690552500527637822603658699938581184512" [poseidon.cpp:7->poseidon.cpp:55]   --->   Operation 605 'icmp' 'icmp_ln7_27' <Predicate = true> <Delay = 3.44> <CoreInst = "Cmp">   --->   Core 9 'Cmp' <Latency = 1> <II = 1> <Delay = 3.44> <FuncUnit> <Opcode : 'icmp'> <InPorts = 2> <OutPorts = 1>
ST_40 : Operation 606 [1/2] (3.44ns)   --->   "%add_ln7_27 = add i256 %add_ln6_26, i256 63356214062190004944123244500501942015579432165112926216853925307974548455423" [poseidon.cpp:7->poseidon.cpp:55]   --->   Operation 606 'add' 'add_ln7_27' <Predicate = true> <Delay = 3.44> <CoreInst = "Adder">   --->   Core 1 'Adder' <Latency = 1> <II = 1> <Delay = 3.44> <FuncUnit> <Opcode : 'add' 'sub'> <InPorts = 2> <OutPorts = 1>
ST_40 : Operation 607 [1/1] (1.55ns)   --->   "%select_ln7_4 = select i1 %icmp_ln7_27, i256 %add_ln7_27, i256 %add_ln6_26" [poseidon.cpp:7->poseidon.cpp:55]   --->   Operation 607 'select' 'select_ln7_4' <Predicate = true> <Delay = 1.55> <CoreInst = "Sel">   --->   Core 73 'Sel' <Latency = 0> <II = 1> <Delay = 1.55> <FuncUnit> <Opcode : 'select'> <InPorts = 3> <OutPorts = 1>
ST_40 : Operation 608 [1/2] (3.44ns)   --->   "%icmp_ln7_28 = icmp_ugt  i256 %add_ln6_27, i256 52435875175126190479447740508185965837690552500527637822603658699938581184512" [poseidon.cpp:7->poseidon.cpp:55]   --->   Operation 608 'icmp' 'icmp_ln7_28' <Predicate = true> <Delay = 3.44> <CoreInst = "Cmp">   --->   Core 9 'Cmp' <Latency = 1> <II = 1> <Delay = 3.44> <FuncUnit> <Opcode : 'icmp'> <InPorts = 2> <OutPorts = 1>
ST_40 : Operation 609 [1/2] (3.44ns)   --->   "%add_ln7_28 = add i256 %add_ln6_27, i256 63356214062190004944123244500501942015579432165112926216853925307974548455423" [poseidon.cpp:7->poseidon.cpp:55]   --->   Operation 609 'add' 'add_ln7_28' <Predicate = true> <Delay = 3.44> <CoreInst = "Adder">   --->   Core 1 'Adder' <Latency = 1> <II = 1> <Delay = 3.44> <FuncUnit> <Opcode : 'add' 'sub'> <InPorts = 2> <OutPorts = 1>
ST_40 : Operation 610 [1/1] (1.55ns)   --->   "%select_ln7_5 = select i1 %icmp_ln7_28, i256 %add_ln7_28, i256 %add_ln6_27" [poseidon.cpp:7->poseidon.cpp:55]   --->   Operation 610 'select' 'select_ln7_5' <Predicate = true> <Delay = 1.55> <CoreInst = "Sel">   --->   Core 73 'Sel' <Latency = 0> <II = 1> <Delay = 1.55> <FuncUnit> <Opcode : 'select'> <InPorts = 3> <OutPorts = 1>
ST_40 : Operation 611 [1/2] (3.44ns)   --->   "%icmp_ln7_29 = icmp_ugt  i256 %add_ln6_28, i256 52435875175126190479447740508185965837690552500527637822603658699938581184512" [poseidon.cpp:7->poseidon.cpp:55]   --->   Operation 611 'icmp' 'icmp_ln7_29' <Predicate = true> <Delay = 3.44> <CoreInst = "Cmp">   --->   Core 9 'Cmp' <Latency = 1> <II = 1> <Delay = 3.44> <FuncUnit> <Opcode : 'icmp'> <InPorts = 2> <OutPorts = 1>
ST_40 : Operation 612 [1/2] (3.44ns)   --->   "%add_ln7_29 = add i256 %add_ln6_28, i256 63356214062190004944123244500501942015579432165112926216853925307974548455423" [poseidon.cpp:7->poseidon.cpp:55]   --->   Operation 612 'add' 'add_ln7_29' <Predicate = true> <Delay = 3.44> <CoreInst = "Adder">   --->   Core 1 'Adder' <Latency = 1> <II = 1> <Delay = 3.44> <FuncUnit> <Opcode : 'add' 'sub'> <InPorts = 2> <OutPorts = 1>
ST_40 : Operation 613 [1/1] (1.55ns)   --->   "%select_ln7_6 = select i1 %icmp_ln7_29, i256 %add_ln7_29, i256 %add_ln6_28" [poseidon.cpp:7->poseidon.cpp:55]   --->   Operation 613 'select' 'select_ln7_6' <Predicate = true> <Delay = 1.55> <CoreInst = "Sel">   --->   Core 73 'Sel' <Latency = 0> <II = 1> <Delay = 1.55> <FuncUnit> <Opcode : 'select'> <InPorts = 3> <OutPorts = 1>
ST_40 : Operation 614 [1/2] (3.44ns)   --->   "%icmp_ln7_30 = icmp_ugt  i256 %add_ln6_29, i256 52435875175126190479447740508185965837690552500527637822603658699938581184512" [poseidon.cpp:7->poseidon.cpp:55]   --->   Operation 614 'icmp' 'icmp_ln7_30' <Predicate = true> <Delay = 3.44> <CoreInst = "Cmp">   --->   Core 9 'Cmp' <Latency = 1> <II = 1> <Delay = 3.44> <FuncUnit> <Opcode : 'icmp'> <InPorts = 2> <OutPorts = 1>
ST_40 : Operation 615 [1/2] (3.44ns)   --->   "%add_ln7_30 = add i256 %add_ln6_29, i256 63356214062190004944123244500501942015579432165112926216853925307974548455423" [poseidon.cpp:7->poseidon.cpp:55]   --->   Operation 615 'add' 'add_ln7_30' <Predicate = true> <Delay = 3.44> <CoreInst = "Adder">   --->   Core 1 'Adder' <Latency = 1> <II = 1> <Delay = 3.44> <FuncUnit> <Opcode : 'add' 'sub'> <InPorts = 2> <OutPorts = 1>
ST_40 : Operation 616 [1/1] (1.55ns)   --->   "%select_ln7_7 = select i1 %icmp_ln7_30, i256 %add_ln7_30, i256 %add_ln6_29" [poseidon.cpp:7->poseidon.cpp:55]   --->   Operation 616 'select' 'select_ln7_7' <Predicate = true> <Delay = 1.55> <CoreInst = "Sel">   --->   Core 73 'Sel' <Latency = 0> <II = 1> <Delay = 1.55> <FuncUnit> <Opcode : 'select'> <InPorts = 3> <OutPorts = 1>
ST_40 : Operation 617 [1/2] (3.44ns)   --->   "%icmp_ln7_31 = icmp_ugt  i256 %add_ln6_30, i256 52435875175126190479447740508185965837690552500527637822603658699938581184512" [poseidon.cpp:7->poseidon.cpp:55]   --->   Operation 617 'icmp' 'icmp_ln7_31' <Predicate = true> <Delay = 3.44> <CoreInst = "Cmp">   --->   Core 9 'Cmp' <Latency = 1> <II = 1> <Delay = 3.44> <FuncUnit> <Opcode : 'icmp'> <InPorts = 2> <OutPorts = 1>
ST_40 : Operation 618 [1/2] (3.44ns)   --->   "%add_ln7_31 = add i256 %add_ln6_30, i256 63356214062190004944123244500501942015579432165112926216853925307974548455423" [poseidon.cpp:7->poseidon.cpp:55]   --->   Operation 618 'add' 'add_ln7_31' <Predicate = true> <Delay = 3.44> <CoreInst = "Adder">   --->   Core 1 'Adder' <Latency = 1> <II = 1> <Delay = 3.44> <FuncUnit> <Opcode : 'add' 'sub'> <InPorts = 2> <OutPorts = 1>
ST_40 : Operation 619 [1/1] (1.55ns)   --->   "%select_ln7_8 = select i1 %icmp_ln7_31, i256 %add_ln7_31, i256 %add_ln6_30" [poseidon.cpp:7->poseidon.cpp:55]   --->   Operation 619 'select' 'select_ln7_8' <Predicate = true> <Delay = 1.55> <CoreInst = "Sel">   --->   Core 73 'Sel' <Latency = 0> <II = 1> <Delay = 1.55> <FuncUnit> <Opcode : 'select'> <InPorts = 3> <OutPorts = 1>
ST_40 : Operation 620 [1/2] (3.44ns)   --->   "%icmp_ln7_32 = icmp_ugt  i256 %add_ln6_31, i256 52435875175126190479447740508185965837690552500527637822603658699938581184512" [poseidon.cpp:7->poseidon.cpp:55]   --->   Operation 620 'icmp' 'icmp_ln7_32' <Predicate = true> <Delay = 3.44> <CoreInst = "Cmp">   --->   Core 9 'Cmp' <Latency = 1> <II = 1> <Delay = 3.44> <FuncUnit> <Opcode : 'icmp'> <InPorts = 2> <OutPorts = 1>
ST_40 : Operation 621 [1/2] (3.44ns)   --->   "%add_ln7_32 = add i256 %add_ln6_31, i256 63356214062190004944123244500501942015579432165112926216853925307974548455423" [poseidon.cpp:7->poseidon.cpp:55]   --->   Operation 621 'add' 'add_ln7_32' <Predicate = true> <Delay = 3.44> <CoreInst = "Adder">   --->   Core 1 'Adder' <Latency = 1> <II = 1> <Delay = 3.44> <FuncUnit> <Opcode : 'add' 'sub'> <InPorts = 2> <OutPorts = 1>
ST_40 : Operation 622 [1/1] (1.55ns)   --->   "%select_ln7_9 = select i1 %icmp_ln7_32, i256 %add_ln7_32, i256 %add_ln6_31" [poseidon.cpp:7->poseidon.cpp:55]   --->   Operation 622 'select' 'select_ln7_9' <Predicate = true> <Delay = 1.55> <CoreInst = "Sel">   --->   Core 73 'Sel' <Latency = 0> <II = 1> <Delay = 1.55> <FuncUnit> <Opcode : 'select'> <InPorts = 3> <OutPorts = 1>
ST_40 : Operation 623 [1/2] (3.44ns)   --->   "%icmp_ln7_33 = icmp_ugt  i256 %add_ln6_32, i256 52435875175126190479447740508185965837690552500527637822603658699938581184512" [poseidon.cpp:7->poseidon.cpp:55]   --->   Operation 623 'icmp' 'icmp_ln7_33' <Predicate = true> <Delay = 3.44> <CoreInst = "Cmp">   --->   Core 9 'Cmp' <Latency = 1> <II = 1> <Delay = 3.44> <FuncUnit> <Opcode : 'icmp'> <InPorts = 2> <OutPorts = 1>
ST_40 : Operation 624 [1/2] (3.44ns)   --->   "%add_ln7_33 = add i256 %add_ln6_32, i256 63356214062190004944123244500501942015579432165112926216853925307974548455423" [poseidon.cpp:7->poseidon.cpp:55]   --->   Operation 624 'add' 'add_ln7_33' <Predicate = true> <Delay = 3.44> <CoreInst = "Adder">   --->   Core 1 'Adder' <Latency = 1> <II = 1> <Delay = 3.44> <FuncUnit> <Opcode : 'add' 'sub'> <InPorts = 2> <OutPorts = 1>
ST_40 : Operation 625 [1/1] (1.55ns)   --->   "%select_ln7_10 = select i1 %icmp_ln7_33, i256 %add_ln7_33, i256 %add_ln6_32" [poseidon.cpp:7->poseidon.cpp:55]   --->   Operation 625 'select' 'select_ln7_10' <Predicate = true> <Delay = 1.55> <CoreInst = "Sel">   --->   Core 73 'Sel' <Latency = 0> <II = 1> <Delay = 1.55> <FuncUnit> <Opcode : 'select'> <InPorts = 3> <OutPorts = 1>
ST_40 : Operation 626 [1/2] (3.44ns)   --->   "%icmp_ln7_34 = icmp_ugt  i256 %add_ln6_33, i256 52435875175126190479447740508185965837690552500527637822603658699938581184512" [poseidon.cpp:7->poseidon.cpp:55]   --->   Operation 626 'icmp' 'icmp_ln7_34' <Predicate = true> <Delay = 3.44> <CoreInst = "Cmp">   --->   Core 9 'Cmp' <Latency = 1> <II = 1> <Delay = 3.44> <FuncUnit> <Opcode : 'icmp'> <InPorts = 2> <OutPorts = 1>
ST_40 : Operation 627 [1/2] (3.44ns)   --->   "%add_ln7_34 = add i256 %add_ln6_33, i256 63356214062190004944123244500501942015579432165112926216853925307974548455423" [poseidon.cpp:7->poseidon.cpp:55]   --->   Operation 627 'add' 'add_ln7_34' <Predicate = true> <Delay = 3.44> <CoreInst = "Adder">   --->   Core 1 'Adder' <Latency = 1> <II = 1> <Delay = 3.44> <FuncUnit> <Opcode : 'add' 'sub'> <InPorts = 2> <OutPorts = 1>
ST_40 : Operation 628 [1/1] (1.55ns)   --->   "%select_ln7_11 = select i1 %icmp_ln7_34, i256 %add_ln7_34, i256 %add_ln6_33" [poseidon.cpp:7->poseidon.cpp:55]   --->   Operation 628 'select' 'select_ln7_11' <Predicate = true> <Delay = 1.55> <CoreInst = "Sel">   --->   Core 73 'Sel' <Latency = 0> <II = 1> <Delay = 1.55> <FuncUnit> <Opcode : 'select'> <InPorts = 3> <OutPorts = 1>
ST_40 : Operation 629 [1/2] (3.44ns)   --->   "%icmp_ln7_35 = icmp_ugt  i256 %add_ln6_34, i256 52435875175126190479447740508185965837690552500527637822603658699938581184512" [poseidon.cpp:7->poseidon.cpp:55]   --->   Operation 629 'icmp' 'icmp_ln7_35' <Predicate = true> <Delay = 3.44> <CoreInst = "Cmp">   --->   Core 9 'Cmp' <Latency = 1> <II = 1> <Delay = 3.44> <FuncUnit> <Opcode : 'icmp'> <InPorts = 2> <OutPorts = 1>
ST_40 : Operation 630 [1/2] (3.44ns)   --->   "%add_ln7_35 = add i256 %add_ln6_34, i256 63356214062190004944123244500501942015579432165112926216853925307974548455423" [poseidon.cpp:7->poseidon.cpp:55]   --->   Operation 630 'add' 'add_ln7_35' <Predicate = true> <Delay = 3.44> <CoreInst = "Adder">   --->   Core 1 'Adder' <Latency = 1> <II = 1> <Delay = 3.44> <FuncUnit> <Opcode : 'add' 'sub'> <InPorts = 2> <OutPorts = 1>
ST_40 : Operation 631 [1/1] (1.55ns)   --->   "%select_ln7_12 = select i1 %icmp_ln7_35, i256 %add_ln7_35, i256 %add_ln6_34" [poseidon.cpp:7->poseidon.cpp:55]   --->   Operation 631 'select' 'select_ln7_12' <Predicate = true> <Delay = 1.55> <CoreInst = "Sel">   --->   Core 73 'Sel' <Latency = 0> <II = 1> <Delay = 1.55> <FuncUnit> <Opcode : 'select'> <InPorts = 3> <OutPorts = 1>
ST_40 : Operation 632 [1/2] (3.44ns)   --->   "%icmp_ln7_36 = icmp_ugt  i256 %add_ln6_35, i256 52435875175126190479447740508185965837690552500527637822603658699938581184512" [poseidon.cpp:7->poseidon.cpp:55]   --->   Operation 632 'icmp' 'icmp_ln7_36' <Predicate = true> <Delay = 3.44> <CoreInst = "Cmp">   --->   Core 9 'Cmp' <Latency = 1> <II = 1> <Delay = 3.44> <FuncUnit> <Opcode : 'icmp'> <InPorts = 2> <OutPorts = 1>
ST_40 : Operation 633 [1/2] (3.44ns)   --->   "%add_ln7_36 = add i256 %add_ln6_35, i256 63356214062190004944123244500501942015579432165112926216853925307974548455423" [poseidon.cpp:7->poseidon.cpp:55]   --->   Operation 633 'add' 'add_ln7_36' <Predicate = true> <Delay = 3.44> <CoreInst = "Adder">   --->   Core 1 'Adder' <Latency = 1> <II = 1> <Delay = 3.44> <FuncUnit> <Opcode : 'add' 'sub'> <InPorts = 2> <OutPorts = 1>
ST_40 : Operation 634 [1/1] (1.55ns)   --->   "%select_ln7_13 = select i1 %icmp_ln7_36, i256 %add_ln7_36, i256 %add_ln6_35" [poseidon.cpp:7->poseidon.cpp:55]   --->   Operation 634 'select' 'select_ln7_13' <Predicate = true> <Delay = 1.55> <CoreInst = "Sel">   --->   Core 73 'Sel' <Latency = 0> <II = 1> <Delay = 1.55> <FuncUnit> <Opcode : 'select'> <InPorts = 3> <OutPorts = 1>
ST_40 : Operation 635 [1/2] (3.44ns)   --->   "%icmp_ln7_37 = icmp_ugt  i256 %add_ln6_36, i256 52435875175126190479447740508185965837690552500527637822603658699938581184512" [poseidon.cpp:7->poseidon.cpp:55]   --->   Operation 635 'icmp' 'icmp_ln7_37' <Predicate = true> <Delay = 3.44> <CoreInst = "Cmp">   --->   Core 9 'Cmp' <Latency = 1> <II = 1> <Delay = 3.44> <FuncUnit> <Opcode : 'icmp'> <InPorts = 2> <OutPorts = 1>
ST_40 : Operation 636 [1/2] (3.44ns)   --->   "%add_ln7_37 = add i256 %add_ln6_36, i256 63356214062190004944123244500501942015579432165112926216853925307974548455423" [poseidon.cpp:7->poseidon.cpp:55]   --->   Operation 636 'add' 'add_ln7_37' <Predicate = true> <Delay = 3.44> <CoreInst = "Adder">   --->   Core 1 'Adder' <Latency = 1> <II = 1> <Delay = 3.44> <FuncUnit> <Opcode : 'add' 'sub'> <InPorts = 2> <OutPorts = 1>
ST_40 : Operation 637 [1/1] (1.55ns)   --->   "%select_ln7_14 = select i1 %icmp_ln7_37, i256 %add_ln7_37, i256 %add_ln6_36" [poseidon.cpp:7->poseidon.cpp:55]   --->   Operation 637 'select' 'select_ln7_14' <Predicate = true> <Delay = 1.55> <CoreInst = "Sel">   --->   Core 73 'Sel' <Latency = 0> <II = 1> <Delay = 1.55> <FuncUnit> <Opcode : 'select'> <InPorts = 3> <OutPorts = 1>
ST_40 : Operation 638 [1/2] (3.44ns)   --->   "%icmp_ln7_40 = icmp_ugt  i256 %add_ln6_39, i256 52435875175126190479447740508185965837690552500527637822603658699938581184512" [poseidon.cpp:7->poseidon.cpp:55]   --->   Operation 638 'icmp' 'icmp_ln7_40' <Predicate = true> <Delay = 3.44> <CoreInst = "Cmp">   --->   Core 9 'Cmp' <Latency = 1> <II = 1> <Delay = 3.44> <FuncUnit> <Opcode : 'icmp'> <InPorts = 2> <OutPorts = 1>
ST_40 : Operation 639 [1/2] (3.44ns)   --->   "%add_ln7_40 = add i256 %add_ln6_39, i256 63356214062190004944123244500501942015579432165112926216853925307974548455423" [poseidon.cpp:7->poseidon.cpp:55]   --->   Operation 639 'add' 'add_ln7_40' <Predicate = true> <Delay = 3.44> <CoreInst = "Adder">   --->   Core 1 'Adder' <Latency = 1> <II = 1> <Delay = 3.44> <FuncUnit> <Opcode : 'add' 'sub'> <InPorts = 2> <OutPorts = 1>
ST_40 : Operation 640 [1/1] (1.55ns)   --->   "%select_ln7_17 = select i1 %icmp_ln7_40, i256 %add_ln7_40, i256 %add_ln6_39" [poseidon.cpp:7->poseidon.cpp:55]   --->   Operation 640 'select' 'select_ln7_17' <Predicate = true> <Delay = 1.55> <CoreInst = "Sel">   --->   Core 73 'Sel' <Latency = 0> <II = 1> <Delay = 1.55> <FuncUnit> <Opcode : 'select'> <InPorts = 3> <OutPorts = 1>
ST_40 : Operation 641 [1/2] (3.44ns)   --->   "%icmp_ln7_41 = icmp_ugt  i256 %add_ln6_40, i256 52435875175126190479447740508185965837690552500527637822603658699938581184512" [poseidon.cpp:7->poseidon.cpp:55]   --->   Operation 641 'icmp' 'icmp_ln7_41' <Predicate = true> <Delay = 3.44> <CoreInst = "Cmp">   --->   Core 9 'Cmp' <Latency = 1> <II = 1> <Delay = 3.44> <FuncUnit> <Opcode : 'icmp'> <InPorts = 2> <OutPorts = 1>
ST_40 : Operation 642 [1/2] (3.44ns)   --->   "%add_ln7_41 = add i256 %add_ln6_40, i256 63356214062190004944123244500501942015579432165112926216853925307974548455423" [poseidon.cpp:7->poseidon.cpp:55]   --->   Operation 642 'add' 'add_ln7_41' <Predicate = true> <Delay = 3.44> <CoreInst = "Adder">   --->   Core 1 'Adder' <Latency = 1> <II = 1> <Delay = 3.44> <FuncUnit> <Opcode : 'add' 'sub'> <InPorts = 2> <OutPorts = 1>
ST_40 : Operation 643 [1/1] (1.55ns)   --->   "%select_ln7_18 = select i1 %icmp_ln7_41, i256 %add_ln7_41, i256 %add_ln6_40" [poseidon.cpp:7->poseidon.cpp:55]   --->   Operation 643 'select' 'select_ln7_18' <Predicate = true> <Delay = 1.55> <CoreInst = "Sel">   --->   Core 73 'Sel' <Latency = 0> <II = 1> <Delay = 1.55> <FuncUnit> <Opcode : 'select'> <InPorts = 3> <OutPorts = 1>
ST_40 : Operation 644 [1/1] (1.63ns)   --->   "%add_ln55_40 = add i11 %rc_idx_load, i11 24" [poseidon.cpp:55]   --->   Operation 644 'add' 'add_ln55_40' <Predicate = true> <Delay = 1.63> <CoreInst = "Adder">   --->   Core 1 'Adder' <Latency = 0> <II = 1> <Delay = 1.63> <FuncUnit> <Opcode : 'add' 'sub'> <InPorts = 2> <OutPorts = 1>
ST_40 : Operation 645 [1/2] (3.44ns)   --->   "%icmp_ln7_46 = icmp_ugt  i256 %add_ln6_45, i256 52435875175126190479447740508185965837690552500527637822603658699938581184512" [poseidon.cpp:7->poseidon.cpp:55]   --->   Operation 645 'icmp' 'icmp_ln7_46' <Predicate = true> <Delay = 3.44> <CoreInst = "Cmp">   --->   Core 9 'Cmp' <Latency = 1> <II = 1> <Delay = 3.44> <FuncUnit> <Opcode : 'icmp'> <InPorts = 2> <OutPorts = 1>
ST_40 : Operation 646 [1/2] (3.44ns)   --->   "%add_ln7_46 = add i256 %add_ln6_45, i256 63356214062190004944123244500501942015579432165112926216853925307974548455423" [poseidon.cpp:7->poseidon.cpp:55]   --->   Operation 646 'add' 'add_ln7_46' <Predicate = true> <Delay = 3.44> <CoreInst = "Adder">   --->   Core 1 'Adder' <Latency = 1> <II = 1> <Delay = 3.44> <FuncUnit> <Opcode : 'add' 'sub'> <InPorts = 2> <OutPorts = 1>
ST_40 : Operation 647 [1/1] (1.55ns)   --->   "%select_ln7_23 = select i1 %icmp_ln7_46, i256 %add_ln7_46, i256 %add_ln6_45" [poseidon.cpp:7->poseidon.cpp:55]   --->   Operation 647 'select' 'select_ln7_23' <Predicate = true> <Delay = 1.55> <CoreInst = "Sel">   --->   Core 73 'Sel' <Latency = 0> <II = 1> <Delay = 1.55> <FuncUnit> <Opcode : 'select'> <InPorts = 3> <OutPorts = 1>
ST_40 : Operation 648 [1/1] (1.58ns)   --->   "%br_ln62 = br i1 %or_ln62, void %for.inc43.23, void %if.then.1" [poseidon.cpp:62]   --->   Operation 648 'br' 'br_ln62' <Predicate = true> <Delay = 1.58>

State 41 <SV = 40> <Delay = 6.97>
ST_41 : Operation 649 [2/2] (6.97ns)   --->   "%ref_tmp28_assign_1 = call i255 @sbox_quintic, i256 %select_ln7_1" [poseidon.cpp:63]   --->   Operation 649 'call' 'ref_tmp28_assign_1' <Predicate = true> <Delay = 6.97> <CoreType = "Generic">   --->   Core 0 '' <Latency = 0> <II = 1> <Delay = 1.00> <Generic> <Opcode : >
ST_41 : Operation 650 [2/2] (6.97ns)   --->   "%ref_tmp28_assign_2 = call i255 @sbox_quintic, i256 %select_ln7_2" [poseidon.cpp:63]   --->   Operation 650 'call' 'ref_tmp28_assign_2' <Predicate = true> <Delay = 6.97> <CoreType = "Generic">   --->   Core 0 '' <Latency = 0> <II = 1> <Delay = 1.00> <Generic> <Opcode : >
ST_41 : Operation 651 [2/2] (6.97ns)   --->   "%ref_tmp28_assign_3 = call i255 @sbox_quintic, i256 %select_ln7_3" [poseidon.cpp:63]   --->   Operation 651 'call' 'ref_tmp28_assign_3' <Predicate = true> <Delay = 6.97> <CoreType = "Generic">   --->   Core 0 '' <Latency = 0> <II = 1> <Delay = 1.00> <Generic> <Opcode : >
ST_41 : Operation 652 [2/2] (6.97ns)   --->   "%ref_tmp28_assign_4 = call i255 @sbox_quintic, i256 %select_ln7_4" [poseidon.cpp:63]   --->   Operation 652 'call' 'ref_tmp28_assign_4' <Predicate = true> <Delay = 6.97> <CoreType = "Generic">   --->   Core 0 '' <Latency = 0> <II = 1> <Delay = 1.00> <Generic> <Opcode : >
ST_41 : Operation 653 [2/2] (6.97ns)   --->   "%ref_tmp28_assign_5 = call i255 @sbox_quintic, i256 %select_ln7_5" [poseidon.cpp:63]   --->   Operation 653 'call' 'ref_tmp28_assign_5' <Predicate = true> <Delay = 6.97> <CoreType = "Generic">   --->   Core 0 '' <Latency = 0> <II = 1> <Delay = 1.00> <Generic> <Opcode : >
ST_41 : Operation 654 [2/2] (6.97ns)   --->   "%ref_tmp28_assign_6 = call i255 @sbox_quintic, i256 %select_ln7_6" [poseidon.cpp:63]   --->   Operation 654 'call' 'ref_tmp28_assign_6' <Predicate = true> <Delay = 6.97> <CoreType = "Generic">   --->   Core 0 '' <Latency = 0> <II = 1> <Delay = 1.00> <Generic> <Opcode : >
ST_41 : Operation 655 [2/2] (6.97ns)   --->   "%ref_tmp28_assign_7 = call i255 @sbox_quintic, i256 %select_ln7_7" [poseidon.cpp:63]   --->   Operation 655 'call' 'ref_tmp28_assign_7' <Predicate = true> <Delay = 6.97> <CoreType = "Generic">   --->   Core 0 '' <Latency = 0> <II = 1> <Delay = 1.00> <Generic> <Opcode : >
ST_41 : Operation 656 [2/2] (6.97ns)   --->   "%ref_tmp28_assign_8 = call i255 @sbox_quintic, i256 %select_ln7_8" [poseidon.cpp:63]   --->   Operation 656 'call' 'ref_tmp28_assign_8' <Predicate = true> <Delay = 6.97> <CoreType = "Generic">   --->   Core 0 '' <Latency = 0> <II = 1> <Delay = 1.00> <Generic> <Opcode : >
ST_41 : Operation 657 [2/2] (6.97ns)   --->   "%ref_tmp28_assign_9 = call i255 @sbox_quintic, i256 %select_ln7_9" [poseidon.cpp:63]   --->   Operation 657 'call' 'ref_tmp28_assign_9' <Predicate = true> <Delay = 6.97> <CoreType = "Generic">   --->   Core 0 '' <Latency = 0> <II = 1> <Delay = 1.00> <Generic> <Opcode : >
ST_41 : Operation 658 [2/2] (6.97ns)   --->   "%ref_tmp28_assign_10 = call i255 @sbox_quintic, i256 %select_ln7_10" [poseidon.cpp:63]   --->   Operation 658 'call' 'ref_tmp28_assign_10' <Predicate = true> <Delay = 6.97> <CoreType = "Generic">   --->   Core 0 '' <Latency = 0> <II = 1> <Delay = 1.00> <Generic> <Opcode : >
ST_41 : Operation 659 [2/2] (6.97ns)   --->   "%ref_tmp28_assign_11 = call i255 @sbox_quintic, i256 %select_ln7_11" [poseidon.cpp:63]   --->   Operation 659 'call' 'ref_tmp28_assign_11' <Predicate = true> <Delay = 6.97> <CoreType = "Generic">   --->   Core 0 '' <Latency = 0> <II = 1> <Delay = 1.00> <Generic> <Opcode : >
ST_41 : Operation 660 [2/2] (6.97ns)   --->   "%ref_tmp28_assign_12 = call i255 @sbox_quintic, i256 %select_ln7_12" [poseidon.cpp:63]   --->   Operation 660 'call' 'ref_tmp28_assign_12' <Predicate = true> <Delay = 6.97> <CoreType = "Generic">   --->   Core 0 '' <Latency = 0> <II = 1> <Delay = 1.00> <Generic> <Opcode : >
ST_41 : Operation 661 [2/2] (6.97ns)   --->   "%ref_tmp28_assign_13 = call i255 @sbox_quintic, i256 %select_ln7_13" [poseidon.cpp:63]   --->   Operation 661 'call' 'ref_tmp28_assign_13' <Predicate = true> <Delay = 6.97> <CoreType = "Generic">   --->   Core 0 '' <Latency = 0> <II = 1> <Delay = 1.00> <Generic> <Opcode : >
ST_41 : Operation 662 [2/2] (6.97ns)   --->   "%ref_tmp28_assign_14 = call i255 @sbox_quintic, i256 %select_ln7_14" [poseidon.cpp:63]   --->   Operation 662 'call' 'ref_tmp28_assign_14' <Predicate = true> <Delay = 6.97> <CoreType = "Generic">   --->   Core 0 '' <Latency = 0> <II = 1> <Delay = 1.00> <Generic> <Opcode : >
ST_41 : Operation 663 [2/2] (6.97ns)   --->   "%ref_tmp28_assign_15 = call i255 @sbox_quintic, i256 %select_ln7_15" [poseidon.cpp:63]   --->   Operation 663 'call' 'ref_tmp28_assign_15' <Predicate = true> <Delay = 6.97> <CoreType = "Generic">   --->   Core 0 '' <Latency = 0> <II = 1> <Delay = 1.00> <Generic> <Opcode : >
ST_41 : Operation 664 [2/2] (6.97ns)   --->   "%ref_tmp28_assign_16 = call i255 @sbox_quintic, i256 %select_ln7_16" [poseidon.cpp:63]   --->   Operation 664 'call' 'ref_tmp28_assign_16' <Predicate = true> <Delay = 6.97> <CoreType = "Generic">   --->   Core 0 '' <Latency = 0> <II = 1> <Delay = 1.00> <Generic> <Opcode : >
ST_41 : Operation 665 [2/2] (6.97ns)   --->   "%ref_tmp28_assign_17 = call i255 @sbox_quintic, i256 %select_ln7_17" [poseidon.cpp:63]   --->   Operation 665 'call' 'ref_tmp28_assign_17' <Predicate = true> <Delay = 6.97> <CoreType = "Generic">   --->   Core 0 '' <Latency = 0> <II = 1> <Delay = 1.00> <Generic> <Opcode : >
ST_41 : Operation 666 [2/2] (6.97ns)   --->   "%ref_tmp28_assign_18 = call i255 @sbox_quintic, i256 %select_ln7_18" [poseidon.cpp:63]   --->   Operation 666 'call' 'ref_tmp28_assign_18' <Predicate = true> <Delay = 6.97> <CoreType = "Generic">   --->   Core 0 '' <Latency = 0> <II = 1> <Delay = 1.00> <Generic> <Opcode : >
ST_41 : Operation 667 [2/2] (6.97ns)   --->   "%ref_tmp28_assign_19 = call i255 @sbox_quintic, i256 %select_ln7_19" [poseidon.cpp:63]   --->   Operation 667 'call' 'ref_tmp28_assign_19' <Predicate = true> <Delay = 6.97> <CoreType = "Generic">   --->   Core 0 '' <Latency = 0> <II = 1> <Delay = 1.00> <Generic> <Opcode : >
ST_41 : Operation 668 [2/2] (6.97ns)   --->   "%ref_tmp28_assign_20 = call i255 @sbox_quintic, i256 %select_ln7_20" [poseidon.cpp:63]   --->   Operation 668 'call' 'ref_tmp28_assign_20' <Predicate = true> <Delay = 6.97> <CoreType = "Generic">   --->   Core 0 '' <Latency = 0> <II = 1> <Delay = 1.00> <Generic> <Opcode : >
ST_41 : Operation 669 [2/2] (6.97ns)   --->   "%ref_tmp28_assign_21 = call i255 @sbox_quintic, i256 %select_ln7_21" [poseidon.cpp:63]   --->   Operation 669 'call' 'ref_tmp28_assign_21' <Predicate = true> <Delay = 6.97> <CoreType = "Generic">   --->   Core 0 '' <Latency = 0> <II = 1> <Delay = 1.00> <Generic> <Opcode : >
ST_41 : Operation 670 [2/2] (6.97ns)   --->   "%ref_tmp28_assign_22 = call i255 @sbox_quintic, i256 %select_ln7_22" [poseidon.cpp:63]   --->   Operation 670 'call' 'ref_tmp28_assign_22' <Predicate = true> <Delay = 6.97> <CoreType = "Generic">   --->   Core 0 '' <Latency = 0> <II = 1> <Delay = 1.00> <Generic> <Opcode : >
ST_41 : Operation 671 [2/2] (6.97ns)   --->   "%ref_tmp28_assign_23 = call i255 @sbox_quintic, i256 %select_ln7_23" [poseidon.cpp:63]   --->   Operation 671 'call' 'ref_tmp28_assign_23' <Predicate = true> <Delay = 6.97> <CoreType = "Generic">   --->   Core 0 '' <Latency = 0> <II = 1> <Delay = 1.00> <Generic> <Opcode : >

State 42 <SV = 41> <Delay = 6.65>
ST_42 : Operation 672 [1/2] (5.07ns)   --->   "%ref_tmp28_assign_1 = call i255 @sbox_quintic, i256 %select_ln7_1" [poseidon.cpp:63]   --->   Operation 672 'call' 'ref_tmp28_assign_1' <Predicate = (or_ln62)> <Delay = 5.07> <CoreType = "Generic">   --->   Core 0 '' <Latency = 0> <II = 1> <Delay = 1.00> <Generic> <Opcode : >
ST_42 : Operation 673 [1/1] (0.00ns)   --->   "%zext_ln63 = zext i255 %ref_tmp28_assign_1" [poseidon.cpp:63]   --->   Operation 673 'zext' 'zext_ln63' <Predicate = (or_ln62)> <Delay = 0.00>
ST_42 : Operation 674 [1/2] (5.07ns)   --->   "%ref_tmp28_assign_2 = call i255 @sbox_quintic, i256 %select_ln7_2" [poseidon.cpp:63]   --->   Operation 674 'call' 'ref_tmp28_assign_2' <Predicate = (or_ln62)> <Delay = 5.07> <CoreType = "Generic">   --->   Core 0 '' <Latency = 0> <II = 1> <Delay = 1.00> <Generic> <Opcode : >
ST_42 : Operation 675 [1/1] (0.00ns)   --->   "%zext_ln63_1 = zext i255 %ref_tmp28_assign_2" [poseidon.cpp:63]   --->   Operation 675 'zext' 'zext_ln63_1' <Predicate = (or_ln62)> <Delay = 0.00>
ST_42 : Operation 676 [1/2] (5.07ns)   --->   "%ref_tmp28_assign_3 = call i255 @sbox_quintic, i256 %select_ln7_3" [poseidon.cpp:63]   --->   Operation 676 'call' 'ref_tmp28_assign_3' <Predicate = (or_ln62)> <Delay = 5.07> <CoreType = "Generic">   --->   Core 0 '' <Latency = 0> <II = 1> <Delay = 1.00> <Generic> <Opcode : >
ST_42 : Operation 677 [1/1] (0.00ns)   --->   "%zext_ln63_2 = zext i255 %ref_tmp28_assign_3" [poseidon.cpp:63]   --->   Operation 677 'zext' 'zext_ln63_2' <Predicate = (or_ln62)> <Delay = 0.00>
ST_42 : Operation 678 [1/2] (5.07ns)   --->   "%ref_tmp28_assign_4 = call i255 @sbox_quintic, i256 %select_ln7_4" [poseidon.cpp:63]   --->   Operation 678 'call' 'ref_tmp28_assign_4' <Predicate = (or_ln62)> <Delay = 5.07> <CoreType = "Generic">   --->   Core 0 '' <Latency = 0> <II = 1> <Delay = 1.00> <Generic> <Opcode : >
ST_42 : Operation 679 [1/1] (0.00ns)   --->   "%zext_ln63_3 = zext i255 %ref_tmp28_assign_4" [poseidon.cpp:63]   --->   Operation 679 'zext' 'zext_ln63_3' <Predicate = (or_ln62)> <Delay = 0.00>
ST_42 : Operation 680 [1/2] (5.07ns)   --->   "%ref_tmp28_assign_5 = call i255 @sbox_quintic, i256 %select_ln7_5" [poseidon.cpp:63]   --->   Operation 680 'call' 'ref_tmp28_assign_5' <Predicate = (or_ln62)> <Delay = 5.07> <CoreType = "Generic">   --->   Core 0 '' <Latency = 0> <II = 1> <Delay = 1.00> <Generic> <Opcode : >
ST_42 : Operation 681 [1/1] (0.00ns)   --->   "%zext_ln63_4 = zext i255 %ref_tmp28_assign_5" [poseidon.cpp:63]   --->   Operation 681 'zext' 'zext_ln63_4' <Predicate = (or_ln62)> <Delay = 0.00>
ST_42 : Operation 682 [1/2] (5.07ns)   --->   "%ref_tmp28_assign_6 = call i255 @sbox_quintic, i256 %select_ln7_6" [poseidon.cpp:63]   --->   Operation 682 'call' 'ref_tmp28_assign_6' <Predicate = (or_ln62)> <Delay = 5.07> <CoreType = "Generic">   --->   Core 0 '' <Latency = 0> <II = 1> <Delay = 1.00> <Generic> <Opcode : >
ST_42 : Operation 683 [1/1] (0.00ns)   --->   "%zext_ln63_5 = zext i255 %ref_tmp28_assign_6" [poseidon.cpp:63]   --->   Operation 683 'zext' 'zext_ln63_5' <Predicate = (or_ln62)> <Delay = 0.00>
ST_42 : Operation 684 [1/2] (5.07ns)   --->   "%ref_tmp28_assign_7 = call i255 @sbox_quintic, i256 %select_ln7_7" [poseidon.cpp:63]   --->   Operation 684 'call' 'ref_tmp28_assign_7' <Predicate = (or_ln62)> <Delay = 5.07> <CoreType = "Generic">   --->   Core 0 '' <Latency = 0> <II = 1> <Delay = 1.00> <Generic> <Opcode : >
ST_42 : Operation 685 [1/1] (0.00ns)   --->   "%zext_ln63_6 = zext i255 %ref_tmp28_assign_7" [poseidon.cpp:63]   --->   Operation 685 'zext' 'zext_ln63_6' <Predicate = (or_ln62)> <Delay = 0.00>
ST_42 : Operation 686 [1/2] (5.07ns)   --->   "%ref_tmp28_assign_8 = call i255 @sbox_quintic, i256 %select_ln7_8" [poseidon.cpp:63]   --->   Operation 686 'call' 'ref_tmp28_assign_8' <Predicate = (or_ln62)> <Delay = 5.07> <CoreType = "Generic">   --->   Core 0 '' <Latency = 0> <II = 1> <Delay = 1.00> <Generic> <Opcode : >
ST_42 : Operation 687 [1/1] (0.00ns)   --->   "%zext_ln63_7 = zext i255 %ref_tmp28_assign_8" [poseidon.cpp:63]   --->   Operation 687 'zext' 'zext_ln63_7' <Predicate = (or_ln62)> <Delay = 0.00>
ST_42 : Operation 688 [1/2] (5.07ns)   --->   "%ref_tmp28_assign_9 = call i255 @sbox_quintic, i256 %select_ln7_9" [poseidon.cpp:63]   --->   Operation 688 'call' 'ref_tmp28_assign_9' <Predicate = (or_ln62)> <Delay = 5.07> <CoreType = "Generic">   --->   Core 0 '' <Latency = 0> <II = 1> <Delay = 1.00> <Generic> <Opcode : >
ST_42 : Operation 689 [1/1] (0.00ns)   --->   "%zext_ln63_8 = zext i255 %ref_tmp28_assign_9" [poseidon.cpp:63]   --->   Operation 689 'zext' 'zext_ln63_8' <Predicate = (or_ln62)> <Delay = 0.00>
ST_42 : Operation 690 [1/2] (5.07ns)   --->   "%ref_tmp28_assign_10 = call i255 @sbox_quintic, i256 %select_ln7_10" [poseidon.cpp:63]   --->   Operation 690 'call' 'ref_tmp28_assign_10' <Predicate = (or_ln62)> <Delay = 5.07> <CoreType = "Generic">   --->   Core 0 '' <Latency = 0> <II = 1> <Delay = 1.00> <Generic> <Opcode : >
ST_42 : Operation 691 [1/1] (0.00ns)   --->   "%zext_ln63_9 = zext i255 %ref_tmp28_assign_10" [poseidon.cpp:63]   --->   Operation 691 'zext' 'zext_ln63_9' <Predicate = (or_ln62)> <Delay = 0.00>
ST_42 : Operation 692 [1/2] (5.07ns)   --->   "%ref_tmp28_assign_11 = call i255 @sbox_quintic, i256 %select_ln7_11" [poseidon.cpp:63]   --->   Operation 692 'call' 'ref_tmp28_assign_11' <Predicate = (or_ln62)> <Delay = 5.07> <CoreType = "Generic">   --->   Core 0 '' <Latency = 0> <II = 1> <Delay = 1.00> <Generic> <Opcode : >
ST_42 : Operation 693 [1/1] (0.00ns)   --->   "%zext_ln63_10 = zext i255 %ref_tmp28_assign_11" [poseidon.cpp:63]   --->   Operation 693 'zext' 'zext_ln63_10' <Predicate = (or_ln62)> <Delay = 0.00>
ST_42 : Operation 694 [1/2] (5.07ns)   --->   "%ref_tmp28_assign_12 = call i255 @sbox_quintic, i256 %select_ln7_12" [poseidon.cpp:63]   --->   Operation 694 'call' 'ref_tmp28_assign_12' <Predicate = (or_ln62)> <Delay = 5.07> <CoreType = "Generic">   --->   Core 0 '' <Latency = 0> <II = 1> <Delay = 1.00> <Generic> <Opcode : >
ST_42 : Operation 695 [1/1] (0.00ns)   --->   "%zext_ln63_11 = zext i255 %ref_tmp28_assign_12" [poseidon.cpp:63]   --->   Operation 695 'zext' 'zext_ln63_11' <Predicate = (or_ln62)> <Delay = 0.00>
ST_42 : Operation 696 [1/2] (5.07ns)   --->   "%ref_tmp28_assign_13 = call i255 @sbox_quintic, i256 %select_ln7_13" [poseidon.cpp:63]   --->   Operation 696 'call' 'ref_tmp28_assign_13' <Predicate = (or_ln62)> <Delay = 5.07> <CoreType = "Generic">   --->   Core 0 '' <Latency = 0> <II = 1> <Delay = 1.00> <Generic> <Opcode : >
ST_42 : Operation 697 [1/1] (0.00ns)   --->   "%zext_ln63_12 = zext i255 %ref_tmp28_assign_13" [poseidon.cpp:63]   --->   Operation 697 'zext' 'zext_ln63_12' <Predicate = (or_ln62)> <Delay = 0.00>
ST_42 : Operation 698 [1/2] (5.07ns)   --->   "%ref_tmp28_assign_14 = call i255 @sbox_quintic, i256 %select_ln7_14" [poseidon.cpp:63]   --->   Operation 698 'call' 'ref_tmp28_assign_14' <Predicate = (or_ln62)> <Delay = 5.07> <CoreType = "Generic">   --->   Core 0 '' <Latency = 0> <II = 1> <Delay = 1.00> <Generic> <Opcode : >
ST_42 : Operation 699 [1/1] (0.00ns)   --->   "%zext_ln63_13 = zext i255 %ref_tmp28_assign_14" [poseidon.cpp:63]   --->   Operation 699 'zext' 'zext_ln63_13' <Predicate = (or_ln62)> <Delay = 0.00>
ST_42 : Operation 700 [1/2] (5.07ns)   --->   "%ref_tmp28_assign_15 = call i255 @sbox_quintic, i256 %select_ln7_15" [poseidon.cpp:63]   --->   Operation 700 'call' 'ref_tmp28_assign_15' <Predicate = (or_ln62)> <Delay = 5.07> <CoreType = "Generic">   --->   Core 0 '' <Latency = 0> <II = 1> <Delay = 1.00> <Generic> <Opcode : >
ST_42 : Operation 701 [1/1] (0.00ns)   --->   "%zext_ln63_14 = zext i255 %ref_tmp28_assign_15" [poseidon.cpp:63]   --->   Operation 701 'zext' 'zext_ln63_14' <Predicate = (or_ln62)> <Delay = 0.00>
ST_42 : Operation 702 [1/2] (5.07ns)   --->   "%ref_tmp28_assign_16 = call i255 @sbox_quintic, i256 %select_ln7_16" [poseidon.cpp:63]   --->   Operation 702 'call' 'ref_tmp28_assign_16' <Predicate = (or_ln62)> <Delay = 5.07> <CoreType = "Generic">   --->   Core 0 '' <Latency = 0> <II = 1> <Delay = 1.00> <Generic> <Opcode : >
ST_42 : Operation 703 [1/1] (0.00ns)   --->   "%zext_ln63_15 = zext i255 %ref_tmp28_assign_16" [poseidon.cpp:63]   --->   Operation 703 'zext' 'zext_ln63_15' <Predicate = (or_ln62)> <Delay = 0.00>
ST_42 : Operation 704 [1/2] (5.07ns)   --->   "%ref_tmp28_assign_17 = call i255 @sbox_quintic, i256 %select_ln7_17" [poseidon.cpp:63]   --->   Operation 704 'call' 'ref_tmp28_assign_17' <Predicate = (or_ln62)> <Delay = 5.07> <CoreType = "Generic">   --->   Core 0 '' <Latency = 0> <II = 1> <Delay = 1.00> <Generic> <Opcode : >
ST_42 : Operation 705 [1/1] (0.00ns)   --->   "%zext_ln63_16 = zext i255 %ref_tmp28_assign_17" [poseidon.cpp:63]   --->   Operation 705 'zext' 'zext_ln63_16' <Predicate = (or_ln62)> <Delay = 0.00>
ST_42 : Operation 706 [1/2] (5.07ns)   --->   "%ref_tmp28_assign_18 = call i255 @sbox_quintic, i256 %select_ln7_18" [poseidon.cpp:63]   --->   Operation 706 'call' 'ref_tmp28_assign_18' <Predicate = (or_ln62)> <Delay = 5.07> <CoreType = "Generic">   --->   Core 0 '' <Latency = 0> <II = 1> <Delay = 1.00> <Generic> <Opcode : >
ST_42 : Operation 707 [1/1] (0.00ns)   --->   "%zext_ln63_17 = zext i255 %ref_tmp28_assign_18" [poseidon.cpp:63]   --->   Operation 707 'zext' 'zext_ln63_17' <Predicate = (or_ln62)> <Delay = 0.00>
ST_42 : Operation 708 [1/2] (5.07ns)   --->   "%ref_tmp28_assign_19 = call i255 @sbox_quintic, i256 %select_ln7_19" [poseidon.cpp:63]   --->   Operation 708 'call' 'ref_tmp28_assign_19' <Predicate = (or_ln62)> <Delay = 5.07> <CoreType = "Generic">   --->   Core 0 '' <Latency = 0> <II = 1> <Delay = 1.00> <Generic> <Opcode : >
ST_42 : Operation 709 [1/1] (0.00ns)   --->   "%zext_ln63_18 = zext i255 %ref_tmp28_assign_19" [poseidon.cpp:63]   --->   Operation 709 'zext' 'zext_ln63_18' <Predicate = (or_ln62)> <Delay = 0.00>
ST_42 : Operation 710 [1/2] (5.07ns)   --->   "%ref_tmp28_assign_20 = call i255 @sbox_quintic, i256 %select_ln7_20" [poseidon.cpp:63]   --->   Operation 710 'call' 'ref_tmp28_assign_20' <Predicate = (or_ln62)> <Delay = 5.07> <CoreType = "Generic">   --->   Core 0 '' <Latency = 0> <II = 1> <Delay = 1.00> <Generic> <Opcode : >
ST_42 : Operation 711 [1/1] (0.00ns)   --->   "%zext_ln63_19 = zext i255 %ref_tmp28_assign_20" [poseidon.cpp:63]   --->   Operation 711 'zext' 'zext_ln63_19' <Predicate = (or_ln62)> <Delay = 0.00>
ST_42 : Operation 712 [1/2] (5.07ns)   --->   "%ref_tmp28_assign_21 = call i255 @sbox_quintic, i256 %select_ln7_21" [poseidon.cpp:63]   --->   Operation 712 'call' 'ref_tmp28_assign_21' <Predicate = (or_ln62)> <Delay = 5.07> <CoreType = "Generic">   --->   Core 0 '' <Latency = 0> <II = 1> <Delay = 1.00> <Generic> <Opcode : >
ST_42 : Operation 713 [1/1] (0.00ns)   --->   "%zext_ln63_20 = zext i255 %ref_tmp28_assign_21" [poseidon.cpp:63]   --->   Operation 713 'zext' 'zext_ln63_20' <Predicate = (or_ln62)> <Delay = 0.00>
ST_42 : Operation 714 [1/2] (5.07ns)   --->   "%ref_tmp28_assign_22 = call i255 @sbox_quintic, i256 %select_ln7_22" [poseidon.cpp:63]   --->   Operation 714 'call' 'ref_tmp28_assign_22' <Predicate = (or_ln62)> <Delay = 5.07> <CoreType = "Generic">   --->   Core 0 '' <Latency = 0> <II = 1> <Delay = 1.00> <Generic> <Opcode : >
ST_42 : Operation 715 [1/1] (0.00ns)   --->   "%zext_ln63_21 = zext i255 %ref_tmp28_assign_22" [poseidon.cpp:63]   --->   Operation 715 'zext' 'zext_ln63_21' <Predicate = (or_ln62)> <Delay = 0.00>
ST_42 : Operation 716 [1/2] (5.07ns)   --->   "%ref_tmp28_assign_23 = call i255 @sbox_quintic, i256 %select_ln7_23" [poseidon.cpp:63]   --->   Operation 716 'call' 'ref_tmp28_assign_23' <Predicate = (or_ln62)> <Delay = 5.07> <CoreType = "Generic">   --->   Core 0 '' <Latency = 0> <II = 1> <Delay = 1.00> <Generic> <Opcode : >
ST_42 : Operation 717 [1/1] (0.00ns)   --->   "%zext_ln64 = zext i255 %ref_tmp28_assign_23" [poseidon.cpp:64]   --->   Operation 717 'zext' 'zext_ln64' <Predicate = (or_ln62)> <Delay = 0.00>
ST_42 : Operation 718 [1/1] (1.58ns)   --->   "%br_ln64 = br void %for.inc43.23" [poseidon.cpp:64]   --->   Operation 718 'br' 'br_ln64' <Predicate = (or_ln62)> <Delay = 1.58>
ST_42 : Operation 719 [1/1] (1.58ns)   --->   "%store_ln49 = store i11 %add_ln55_40, i11 %rc_idx" [poseidon.cpp:49]   --->   Operation 719 'store' 'store_ln49' <Predicate = true> <Delay = 1.58>
ST_42 : Operation 720 [1/1] (1.58ns)   --->   "%store_ln50 = store i7 %r_2, i7 %r" [poseidon.cpp:50]   --->   Operation 720 'store' 'store_ln50' <Predicate = true> <Delay = 1.58>

State 43 <SV = 42> <Delay = 3.39>
ST_43 : Operation 721 [1/1] (0.00ns)   --->   "%p_0_0_011_2387 = phi i256 %zext_ln64, void %if.then.1, i256 %select_ln7_23, void %rc_add.split" [poseidon.cpp:64]   --->   Operation 721 'phi' 'p_0_0_011_2387' <Predicate = true> <Delay = 0.00>
ST_43 : Operation 722 [1/1] (0.00ns)   --->   "%p_0_0_011_2285 = phi i256 %zext_ln63_21, void %if.then.1, i256 %select_ln7_22, void %rc_add.split" [poseidon.cpp:63]   --->   Operation 722 'phi' 'p_0_0_011_2285' <Predicate = true> <Delay = 0.00>
ST_43 : Operation 723 [1/1] (0.00ns)   --->   "%p_0_0_011_2183 = phi i256 %zext_ln63_20, void %if.then.1, i256 %select_ln7_21, void %rc_add.split" [poseidon.cpp:63]   --->   Operation 723 'phi' 'p_0_0_011_2183' <Predicate = true> <Delay = 0.00>
ST_43 : Operation 724 [1/1] (0.00ns)   --->   "%p_0_0_011_2081 = phi i256 %zext_ln63_19, void %if.then.1, i256 %select_ln7_20, void %rc_add.split" [poseidon.cpp:63]   --->   Operation 724 'phi' 'p_0_0_011_2081' <Predicate = true> <Delay = 0.00>
ST_43 : Operation 725 [1/1] (0.00ns)   --->   "%p_0_0_011_1979 = phi i256 %zext_ln63_18, void %if.then.1, i256 %select_ln7_19, void %rc_add.split" [poseidon.cpp:63]   --->   Operation 725 'phi' 'p_0_0_011_1979' <Predicate = true> <Delay = 0.00>
ST_43 : Operation 726 [1/1] (0.00ns)   --->   "%p_0_0_011_1877 = phi i256 %zext_ln63_17, void %if.then.1, i256 %select_ln7_18, void %rc_add.split" [poseidon.cpp:63]   --->   Operation 726 'phi' 'p_0_0_011_1877' <Predicate = true> <Delay = 0.00>
ST_43 : Operation 727 [1/1] (0.00ns)   --->   "%p_0_0_011_1775 = phi i256 %zext_ln63_16, void %if.then.1, i256 %select_ln7_17, void %rc_add.split" [poseidon.cpp:63]   --->   Operation 727 'phi' 'p_0_0_011_1775' <Predicate = true> <Delay = 0.00>
ST_43 : Operation 728 [1/1] (0.00ns)   --->   "%p_0_0_011_1673 = phi i256 %zext_ln63_15, void %if.then.1, i256 %select_ln7_16, void %rc_add.split" [poseidon.cpp:63]   --->   Operation 728 'phi' 'p_0_0_011_1673' <Predicate = true> <Delay = 0.00>
ST_43 : Operation 729 [1/1] (0.00ns)   --->   "%p_0_0_011_1571 = phi i256 %zext_ln63_14, void %if.then.1, i256 %select_ln7_15, void %rc_add.split" [poseidon.cpp:63]   --->   Operation 729 'phi' 'p_0_0_011_1571' <Predicate = true> <Delay = 0.00>
ST_43 : Operation 730 [1/1] (0.00ns)   --->   "%p_0_0_011_1469 = phi i256 %zext_ln63_13, void %if.then.1, i256 %select_ln7_14, void %rc_add.split" [poseidon.cpp:63]   --->   Operation 730 'phi' 'p_0_0_011_1469' <Predicate = true> <Delay = 0.00>
ST_43 : Operation 731 [1/1] (0.00ns)   --->   "%p_0_0_011_1367 = phi i256 %zext_ln63_12, void %if.then.1, i256 %select_ln7_13, void %rc_add.split" [poseidon.cpp:63]   --->   Operation 731 'phi' 'p_0_0_011_1367' <Predicate = true> <Delay = 0.00>
ST_43 : Operation 732 [1/1] (0.00ns)   --->   "%p_0_0_011_1265 = phi i256 %zext_ln63_11, void %if.then.1, i256 %select_ln7_12, void %rc_add.split" [poseidon.cpp:63]   --->   Operation 732 'phi' 'p_0_0_011_1265' <Predicate = true> <Delay = 0.00>
ST_43 : Operation 733 [1/1] (0.00ns)   --->   "%p_0_0_011_1163 = phi i256 %zext_ln63_10, void %if.then.1, i256 %select_ln7_11, void %rc_add.split" [poseidon.cpp:63]   --->   Operation 733 'phi' 'p_0_0_011_1163' <Predicate = true> <Delay = 0.00>
ST_43 : Operation 734 [1/1] (0.00ns)   --->   "%p_0_0_011_1061 = phi i256 %zext_ln63_9, void %if.then.1, i256 %select_ln7_10, void %rc_add.split" [poseidon.cpp:63]   --->   Operation 734 'phi' 'p_0_0_011_1061' <Predicate = true> <Delay = 0.00>
ST_43 : Operation 735 [1/1] (0.00ns)   --->   "%p_0_0_011_959 = phi i256 %zext_ln63_8, void %if.then.1, i256 %select_ln7_9, void %rc_add.split" [poseidon.cpp:63]   --->   Operation 735 'phi' 'p_0_0_011_959' <Predicate = true> <Delay = 0.00>
ST_43 : Operation 736 [1/1] (0.00ns)   --->   "%p_0_0_011_857 = phi i256 %zext_ln63_7, void %if.then.1, i256 %select_ln7_8, void %rc_add.split" [poseidon.cpp:63]   --->   Operation 736 'phi' 'p_0_0_011_857' <Predicate = true> <Delay = 0.00>
ST_43 : Operation 737 [1/1] (0.00ns)   --->   "%p_0_0_011_755 = phi i256 %zext_ln63_6, void %if.then.1, i256 %select_ln7_7, void %rc_add.split" [poseidon.cpp:63]   --->   Operation 737 'phi' 'p_0_0_011_755' <Predicate = true> <Delay = 0.00>
ST_43 : Operation 738 [1/1] (0.00ns)   --->   "%p_0_0_011_653 = phi i256 %zext_ln63_5, void %if.then.1, i256 %select_ln7_6, void %rc_add.split" [poseidon.cpp:63]   --->   Operation 738 'phi' 'p_0_0_011_653' <Predicate = true> <Delay = 0.00>
ST_43 : Operation 739 [1/1] (0.00ns)   --->   "%p_0_0_011_551 = phi i256 %zext_ln63_4, void %if.then.1, i256 %select_ln7_5, void %rc_add.split" [poseidon.cpp:63]   --->   Operation 739 'phi' 'p_0_0_011_551' <Predicate = true> <Delay = 0.00>
ST_43 : Operation 740 [1/1] (0.00ns)   --->   "%p_0_0_011_449 = phi i256 %zext_ln63_3, void %if.then.1, i256 %select_ln7_4, void %rc_add.split" [poseidon.cpp:63]   --->   Operation 740 'phi' 'p_0_0_011_449' <Predicate = true> <Delay = 0.00>
ST_43 : Operation 741 [1/1] (0.00ns)   --->   "%p_0_0_011_347 = phi i256 %zext_ln63_2, void %if.then.1, i256 %select_ln7_3, void %rc_add.split" [poseidon.cpp:63]   --->   Operation 741 'phi' 'p_0_0_011_347' <Predicate = true> <Delay = 0.00>
ST_43 : Operation 742 [1/1] (0.00ns)   --->   "%p_0_0_011_245 = phi i256 %zext_ln63_1, void %if.then.1, i256 %select_ln7_2, void %rc_add.split" [poseidon.cpp:63]   --->   Operation 742 'phi' 'p_0_0_011_245' <Predicate = true> <Delay = 0.00>
ST_43 : Operation 743 [1/1] (0.00ns)   --->   "%p_0_0_011_143 = phi i256 %zext_ln63, void %if.then.1, i256 %select_ln7_1, void %rc_add.split" [poseidon.cpp:63]   --->   Operation 743 'phi' 'p_0_0_011_143' <Predicate = true> <Delay = 0.00>
ST_43 : Operation 744 [2/2] (3.39ns)   --->   "%call_ln73 = call void @poseidon_top_Pipeline_mds_row, i256 %gmem, i59 %trunc_ln73_1, i255 %ref_tmp28_assign_s, i256 %p_0_0_011_143, i256 %p_0_0_011_245, i256 %p_0_0_011_347, i256 %p_0_0_011_449, i256 %p_0_0_011_551, i256 %p_0_0_011_653, i256 %p_0_0_011_755, i256 %p_0_0_011_857, i256 %p_0_0_011_959, i256 %p_0_0_011_1061, i256 %p_0_0_011_1163, i256 %p_0_0_011_1265, i256 %p_0_0_011_1367, i256 %p_0_0_011_1469, i256 %p_0_0_011_1571, i256 %p_0_0_011_1673, i256 %p_0_0_011_1775, i256 %p_0_0_011_1877, i256 %p_0_0_011_1979, i256 %p_0_0_011_2081, i256 %p_0_0_011_2183, i256 %p_0_0_011_2285, i256 %p_0_0_011_2387, i256 %p_0_0_011_2388, i256 %p_0_0_011_2286, i256 %p_0_0_011_2184, i256 %p_0_0_011_2082, i256 %p_0_0_011_1980, i256 %p_0_0_011_1878, i256 %p_0_0_011_1776, i256 %p_0_0_011_1674, i256 %p_0_0_011_1572, i256 %p_0_0_011_1470, i256 %p_0_0_011_1368, i256 %p_0_0_011_1266, i256 %p_0_0_011_1164, i256 %p_0_0_011_1062, i256 %p_0_0_011_960, i256 %p_0_0_011_858, i256 %p_0_0_011_756, i256 %p_0_0_011_654, i256 %p_0_0_011_552, i256 %p_0_0_011_450, i256 %p_0_0_011_348, i256 %p_0_0_011_246, i256 %p_0_0_011_144, i256 %p_0_0_01942" [poseidon.cpp:73]   --->   Operation 744 'call' 'call_ln73' <Predicate = true> <Delay = 3.39> <CoreType = "Generic">   --->   Core 0 '' <Latency = 0> <II = 1> <Delay = 1.00> <Generic> <Opcode : >

State 44 <SV = 43> <Delay = 0.00>
ST_44 : Operation 745 [1/2] (0.00ns)   --->   "%call_ln73 = call void @poseidon_top_Pipeline_mds_row, i256 %gmem, i59 %trunc_ln73_1, i255 %ref_tmp28_assign_s, i256 %p_0_0_011_143, i256 %p_0_0_011_245, i256 %p_0_0_011_347, i256 %p_0_0_011_449, i256 %p_0_0_011_551, i256 %p_0_0_011_653, i256 %p_0_0_011_755, i256 %p_0_0_011_857, i256 %p_0_0_011_959, i256 %p_0_0_011_1061, i256 %p_0_0_011_1163, i256 %p_0_0_011_1265, i256 %p_0_0_011_1367, i256 %p_0_0_011_1469, i256 %p_0_0_011_1571, i256 %p_0_0_011_1673, i256 %p_0_0_011_1775, i256 %p_0_0_011_1877, i256 %p_0_0_011_1979, i256 %p_0_0_011_2081, i256 %p_0_0_011_2183, i256 %p_0_0_011_2285, i256 %p_0_0_011_2387, i256 %p_0_0_011_2388, i256 %p_0_0_011_2286, i256 %p_0_0_011_2184, i256 %p_0_0_011_2082, i256 %p_0_0_011_1980, i256 %p_0_0_011_1878, i256 %p_0_0_011_1776, i256 %p_0_0_011_1674, i256 %p_0_0_011_1572, i256 %p_0_0_011_1470, i256 %p_0_0_011_1368, i256 %p_0_0_011_1266, i256 %p_0_0_011_1164, i256 %p_0_0_011_1062, i256 %p_0_0_011_960, i256 %p_0_0_011_858, i256 %p_0_0_011_756, i256 %p_0_0_011_654, i256 %p_0_0_011_552, i256 %p_0_0_011_450, i256 %p_0_0_011_348, i256 %p_0_0_011_246, i256 %p_0_0_011_144, i256 %p_0_0_01942" [poseidon.cpp:73]   --->   Operation 745 'call' 'call_ln73' <Predicate = true> <Delay = 0.00> <CoreType = "Generic">   --->   Core 0 '' <Latency = 0> <II = 1> <Delay = 1.00> <Generic> <Opcode : >
ST_44 : Operation 746 [1/1] (0.00ns)   --->   "%br_ln50 = br void %rc_add" [poseidon.cpp:50]   --->   Operation 746 'br' 'br_ln50' <Predicate = true> <Delay = 0.00>

State 45 <SV = 5> <Delay = 0.00>
ST_45 : Operation 747 [1/2] (0.00ns)   --->   "%call_ln0 = call void @poseidon_top_Pipeline_VITIS_LOOP_92_3, i256 %p_0_0_01942_load_1, i256 %p_0_0_011_144_load_1, i256 %p_0_0_011_246_load_1, i256 %p_0_0_011_348_load_1, i256 %p_0_0_011_450_load_1, i256 %p_0_0_011_552_load_1, i256 %p_0_0_011_654_load_1, i256 %p_0_0_011_756_load_1, i256 %p_0_0_011_858_load_1, i256 %p_0_0_011_960_load_1, i256 %p_0_0_011_1062_load_1, i256 %p_0_0_011_1164_load_1, i256 %p_0_0_011_1266_load_1, i256 %p_0_0_011_1368_load_1, i256 %p_0_0_011_1470_load_1, i256 %p_0_0_011_1572_load_1, i256 %p_0_0_011_1674_load_1, i256 %p_0_0_011_1776_load_1, i256 %p_0_0_011_1878_load_1, i256 %p_0_0_011_1980_load_1, i256 %p_0_0_011_2082_load_1, i256 %p_0_0_011_2184_load_1, i256 %p_0_0_011_2286_load_1, i256 %p_0_0_011_2388_load_1, i512 %out_stream"   --->   Operation 747 'call' 'call_ln0' <Predicate = true> <Delay = 0.00> <CoreType = "Generic">   --->   Core 0 '' <Latency = 0> <II = 1> <Delay = 1.00> <Generic> <Opcode : >

State 46 <SV = 6> <Delay = 0.00>
ST_46 : Operation 748 [1/1] (0.00ns)   --->   "%ret_ln100 = ret" [poseidon.cpp:100]   --->   Operation 748 'ret' 'ret_ln100' <Predicate = true> <Delay = 0.00>


============================================================
+ Verbose Summary: Timing violations
============================================================
Target clock period: 10.000ns, clock uncertainty: 2.700ns.

 <State 1>: 1.588ns
The critical path consists of the following:
	'alloca' operation 11 bit ('rc_idx', poseidon.cpp:49) [31]  (0.000 ns)
	'store' operation 0 bit ('store_ln49', poseidon.cpp:49) of constant 0 on local variable 'rc_idx', poseidon.cpp:49 [68]  (1.588 ns)

 <State 2>: 2.588ns
The critical path consists of the following:
	'call' operation 0 bit ('call_ln0') to 'poseidon_top_Pipeline_VITIS_LOOP_42_1' [47]  (2.588 ns)

 <State 3>: 0.000ns
The critical path consists of the following:

 <State 4>: 3.391ns
The critical path consists of the following:
	'add' operation 60 bit ('add_ln55_8', poseidon.cpp:55) [52]  (3.391 ns)

 <State 5>: 5.073ns
The critical path consists of the following:
	'load' operation 7 bit ('r', poseidon.cpp:50) on local variable 'r', poseidon.cpp:50 [72]  (0.000 ns)
	'icmp' operation 1 bit ('icmp_ln50', poseidon.cpp:50) [73]  (1.870 ns)
	'call' operation 0 bit ('call_ln0') to 'poseidon_top_Pipeline_VITIS_LOOP_92_3' [444]  (3.203 ns)

 <State 6>: 7.300ns
The critical path consists of the following:
	'getelementptr' operation 256 bit ('gmem_addr', poseidon.cpp:55) [121]  (0.000 ns)
	bus request operation ('gmem_load_req', poseidon.cpp:55) on port 'gmem' (poseidon.cpp:55) [122]  (7.300 ns)

 <State 7>: 7.300ns
The critical path consists of the following:
	bus request operation ('gmem_load_req', poseidon.cpp:55) on port 'gmem' (poseidon.cpp:55) [122]  (7.300 ns)

 <State 8>: 7.300ns
The critical path consists of the following:
	bus request operation ('gmem_load_req', poseidon.cpp:55) on port 'gmem' (poseidon.cpp:55) [122]  (7.300 ns)

 <State 9>: 7.300ns
The critical path consists of the following:
	bus request operation ('gmem_load_req', poseidon.cpp:55) on port 'gmem' (poseidon.cpp:55) [122]  (7.300 ns)

 <State 10>: 7.300ns
The critical path consists of the following:
	bus request operation ('gmem_load_req', poseidon.cpp:55) on port 'gmem' (poseidon.cpp:55) [122]  (7.300 ns)

 <State 11>: 7.300ns
The critical path consists of the following:
	bus request operation ('gmem_load_req', poseidon.cpp:55) on port 'gmem' (poseidon.cpp:55) [122]  (7.300 ns)

 <State 12>: 7.300ns
The critical path consists of the following:
	bus request operation ('gmem_load_req', poseidon.cpp:55) on port 'gmem' (poseidon.cpp:55) [122]  (7.300 ns)

 <State 13>: 7.300ns
The critical path consists of the following:
	bus request operation ('gmem_load_req', poseidon.cpp:55) on port 'gmem' (poseidon.cpp:55) [122]  (7.300 ns)

 <State 14>: 7.300ns
The critical path consists of the following:
	bus read operation ('gmem_addr_read', poseidon.cpp:55) on port 'gmem' (poseidon.cpp:55) [123]  (7.300 ns)

 <State 15>: 7.300ns
The critical path consists of the following:
	bus read operation ('gmem_addr_1_read', poseidon.cpp:55) on port 'gmem' (poseidon.cpp:55) [128]  (7.300 ns)

 <State 16>: 7.300ns
The critical path consists of the following:
	bus read operation ('gmem_addr_2_read', poseidon.cpp:55) on port 'gmem' (poseidon.cpp:55) [133]  (7.300 ns)

 <State 17>: 7.300ns
The critical path consists of the following:
	bus read operation ('gmem_addr_3_read', poseidon.cpp:55) on port 'gmem' (poseidon.cpp:55) [138]  (7.300 ns)

 <State 18>: 7.300ns
The critical path consists of the following:
	bus read operation ('gmem_addr_4_read', poseidon.cpp:55) on port 'gmem' (poseidon.cpp:55) [143]  (7.300 ns)

 <State 19>: 7.300ns
The critical path consists of the following:
	bus read operation ('gmem_addr_5_read', poseidon.cpp:55) on port 'gmem' (poseidon.cpp:55) [148]  (7.300 ns)

 <State 20>: 7.300ns
The critical path consists of the following:
	bus read operation ('gmem_addr_6_read', poseidon.cpp:55) on port 'gmem' (poseidon.cpp:55) [153]  (7.300 ns)

 <State 21>: 7.300ns
The critical path consists of the following:
	bus read operation ('gmem_addr_7_read', poseidon.cpp:55) on port 'gmem' (poseidon.cpp:55) [158]  (7.300 ns)

 <State 22>: 7.300ns
The critical path consists of the following:
	bus read operation ('gmem_addr_8_read', poseidon.cpp:55) on port 'gmem' (poseidon.cpp:55) [163]  (7.300 ns)

 <State 23>: 7.300ns
The critical path consists of the following:
	bus read operation ('gmem_addr_9_read', poseidon.cpp:55) on port 'gmem' (poseidon.cpp:55) [168]  (7.300 ns)

 <State 24>: 7.300ns
The critical path consists of the following:
	bus read operation ('gmem_addr_10_read', poseidon.cpp:55) on port 'gmem' (poseidon.cpp:55) [173]  (7.300 ns)

 <State 25>: 7.300ns
The critical path consists of the following:
	bus read operation ('gmem_addr_11_read', poseidon.cpp:55) on port 'gmem' (poseidon.cpp:55) [178]  (7.300 ns)

 <State 26>: 7.300ns
The critical path consists of the following:
	bus read operation ('gmem_addr_12_read', poseidon.cpp:55) on port 'gmem' (poseidon.cpp:55) [183]  (7.300 ns)

 <State 27>: 7.300ns
The critical path consists of the following:
	bus read operation ('gmem_addr_13_read', poseidon.cpp:55) on port 'gmem' (poseidon.cpp:55) [188]  (7.300 ns)

 <State 28>: 7.300ns
The critical path consists of the following:
	bus read operation ('gmem_addr_14_read', poseidon.cpp:55) on port 'gmem' (poseidon.cpp:55) [193]  (7.300 ns)

 <State 29>: 7.300ns
The critical path consists of the following:
	bus read operation ('gmem_addr_15_read', poseidon.cpp:55) on port 'gmem' (poseidon.cpp:55) [198]  (7.300 ns)

 <State 30>: 7.300ns
The critical path consists of the following:
	bus read operation ('gmem_addr_16_read', poseidon.cpp:55) on port 'gmem' (poseidon.cpp:55) [203]  (7.300 ns)

 <State 31>: 7.300ns
The critical path consists of the following:
	bus read operation ('gmem_addr_17_read', poseidon.cpp:55) on port 'gmem' (poseidon.cpp:55) [208]  (7.300 ns)

 <State 32>: 7.300ns
The critical path consists of the following:
	bus read operation ('gmem_addr_18_read', poseidon.cpp:55) on port 'gmem' (poseidon.cpp:55) [213]  (7.300 ns)

 <State 33>: 7.300ns
The critical path consists of the following:
	bus read operation ('gmem_addr_19_read', poseidon.cpp:55) on port 'gmem' (poseidon.cpp:55) [218]  (7.300 ns)

 <State 34>: 7.300ns
The critical path consists of the following:
	bus read operation ('gmem_addr_20_read', poseidon.cpp:55) on port 'gmem' (poseidon.cpp:55) [223]  (7.300 ns)

 <State 35>: 7.300ns
The critical path consists of the following:
	bus read operation ('gmem_addr_21_read', poseidon.cpp:55) on port 'gmem' (poseidon.cpp:55) [228]  (7.300 ns)

 <State 36>: 7.300ns
The critical path consists of the following:
	bus read operation ('gmem_addr_22_read', poseidon.cpp:55) on port 'gmem' (poseidon.cpp:55) [233]  (7.300 ns)

 <State 37>: 7.300ns
The critical path consists of the following:
	bus read operation ('gmem_addr_23_read', poseidon.cpp:55) on port 'gmem' (poseidon.cpp:55) [238]  (7.300 ns)

 <State 38>: 6.882ns
The critical path consists of the following:
	'add' operation 256 bit ('add_ln6_44', poseidon.cpp:6->poseidon.cpp:55) [327]  (3.441 ns)
	'icmp' operation 1 bit ('icmp_ln7_45', poseidon.cpp:7->poseidon.cpp:55) [328]  (3.441 ns)

 <State 39>: 6.882ns
The critical path consists of the following:
	'add' operation 256 bit ('add_ln6_23', poseidon.cpp:6->poseidon.cpp:55) [243]  (3.441 ns)
	'icmp' operation 1 bit ('icmp_ln7_24', poseidon.cpp:7->poseidon.cpp:55) [244]  (3.441 ns)

 <State 40>: 6.584ns
The critical path consists of the following:
	'icmp' operation 1 bit ('icmp_ln7_24', poseidon.cpp:7->poseidon.cpp:55) [244]  (3.441 ns)
	'select' operation 256 bit ('select_ln7_1', poseidon.cpp:7->poseidon.cpp:55) [246]  (1.555 ns)
	blocking operation 1.588 ns on control path)

 <State 41>: 6.978ns
The critical path consists of the following:
	'call' operation 255 bit ('ref_tmp28_assign_1', poseidon.cpp:63) to 'sbox_quintic' [343]  (6.978 ns)

 <State 42>: 6.659ns
The critical path consists of the following:
	'call' operation 255 bit ('ref_tmp28_assign_1', poseidon.cpp:63) to 'sbox_quintic' [343]  (5.071 ns)
	blocking operation 1.588 ns on control path)

 <State 43>: 3.391ns
The critical path consists of the following:
	'phi' operation 256 bit ('p_0_0_011_2387', poseidon.cpp:64) with incoming values : ('select_ln7_23', poseidon.cpp:7->poseidon.cpp:55) ('zext_ln64', poseidon.cpp:64) [391]  (0.000 ns)
	'call' operation 0 bit ('call_ln73', poseidon.cpp:73) to 'poseidon_top_Pipeline_mds_row' [414]  (3.391 ns)

 <State 44>: 0.000ns
The critical path consists of the following:

 <State 45>: 0.000ns
The critical path consists of the following:

 <State 46>: 0.000ns
The critical path consists of the following:


============================================================
+ Verbose Summary: Binding
============================================================
N/A
* FSMD analyzer results:
  - Output states:
 - Input state : 
  - Chain level:
	State 1
	State 2
	State 3
	State 4
	State 5
	State 6
	State 7
	State 8
	State 9
	State 10
	State 11
	State 12
	State 13
	State 14
	State 15
	State 16
	State 17
	State 18
	State 19
	State 20
	State 21
	State 22
	State 23
	State 24
	State 25
	State 26
	State 27
	State 28
	State 29
	State 30
	State 31
	State 32
	State 33
	State 34
	State 35
	State 36
	State 37
	State 38
	State 39
	State 40
	State 41
	State 42
	State 43
	State 44
	State 45
	State 46


============================================================
+ Verbose Summary: Datapath Resource usage 
============================================================
N/A
